법령ID,법령명,법령종류,소관부처,시행일자,공포일자,조문번호,조문가지번호,조문제목,조문내용,세부내용,조문전체내용,RAG_검색문서,출처URL
009318,전자상거래 등에서의 소비자보호에 관한 법률,법률,공정거래위원회,20260721,20260120,1,,목적,제1조(목적) 이 법은 전자상거래 및 통신판매 등에 의한 재화 또는 용역의 공정한 거래에 관한 사항을 규정함으로써 소비자의 권익을 보호하고 시장의 신뢰도를 높여 국민경제의 건전한 발전에 이바지함을 목적으로 한다.,,제1조(목적) 이 법은 전자상거래 및 통신판매 등에 의한 재화 또는 용역의 공정한 거래에 관한 사항을 규정함으로써 소비자의 권익을 보호하고 시장의 신뢰도를 높여 국민경제의 건전한 발전에 이바지함을 목적으로 한다.,"법령명: 전자상거래 등에서의 소비자보호에 관한 법률
조문: 제1조 (목적)
내용: 제1조(목적) 이 법은 전자상거래 및 통신판매 등에 의한 재화 또는 용역의 공정한 거래에 관한 사항을 규정함으로써 소비자의 권익을 보호하고 시장의 신뢰도를 높여 국민경제의 건전한 발전에 이바지함을 목적으로 한다.",https://www.law.go.kr/법령/전자상거래 등에서의 소비자보호에 관한 법률
009318,전자상거래 등에서의 소비자보호에 관한 법률,법률,공정거래위원회,20260721,20260120,2,,정의,제2조(정의) 이 법에서 사용하는 용어의 뜻은 다음과 같다. <개정 2012.6.1>,"1. ""전자상거래""란 전자거래(「전자문서 및 전자거래 기본법」 제2조제5호에 따른 전자거래를 말한다. 이하 같다)의 방법으로 상행위(商行爲)를 하는 것을 말한다.
2. ""통신판매""란 우편ㆍ전기통신, 그 밖에 총리령으로 정하는 방법으로 재화 또는 용역(일정한 시설을 이용하거나 용역을 제공받을 수 있는 권리를 포함한다. 이하 같다)의 판매에 관한 정보를 제공하고 소비자의 청약을 받아 재화 또는 용역(이하 ""재화등""이라 한다)을 판매하는 것을 말한다. 다만, 「방문판매 등에 관한 법률」 제2조제3호에 따른 전화권유판매는 통신판매의 범위에서 제외한다.
3. ""통신판매업자""란 통신판매를 업(業)으로 하는 자 또는 그와의 약정에 따라 통신판매업무를 수행하는 자를 말한다.
4. ""통신판매중개""란 사이버몰(컴퓨터 등과 정보통신설비를 이용하여 재화등을 거래할 수 있도록 설정된 가상의 영업장을 말한다. 이하 같다)의 이용을 허락하거나 그 밖에 총리령으로 정하는 방법으로 거래 당사자 간의 통신판매를 알선하는 행위를 말한다.
5. ""소비자""란 다음 각 목의 어느 하나에 해당하는 자를 말한다.
가. 사업자가 제공하는 재화등을 소비생활을 위하여 사용(이용을 포함한다. 이하 같다)하는 자
나. 가목 외의 자로서 사실상 가목의 자와 같은 지위 및 거래조건으로 거래하는 자 등 대통령령으로 정하는 자
6. ""사업자""란 물품을 제조(가공 또는 포장을 포함한다. 이하 같다)ㆍ수입ㆍ판매하거나 용역을 제공하는 자를 말한다.","제2조(정의) 이 법에서 사용하는 용어의 뜻은 다음과 같다. <개정 2012.6.1>
1. ""전자상거래""란 전자거래(「전자문서 및 전자거래 기본법」 제2조제5호에 따른 전자거래를 말한다. 이하 같다)의 방법으로 상행위(商行爲)를 하는 것을 말한다.
2. ""통신판매""란 우편ㆍ전기통신, 그 밖에 총리령으로 정하는 방법으로 재화 또는 용역(일정한 시설을 이용하거나 용역을 제공받을 수 있는 권리를 포함한다. 이하 같다)의 판매에 관한 정보를 제공하고 소비자의 청약을 받아 재화 또는 용역(이하 ""재화등""이라 한다)을 판매하는 것을 말한다. 다만, 「방문판매 등에 관한 법률」 제2조제3호에 따른 전화권유판매는 통신판매의 범위에서 제외한다.
3. ""통신판매업자""란 통신판매를 업(業)으로 하는 자 또는 그와의 약정에 따라 통신판매업무를 수행하는 자를 말한다.
4. ""통신판매중개""란 사이버몰(컴퓨터 등과 정보통신설비를 이용하여 재화등을 거래할 수 있도록 설정된 가상의 영업장을 말한다. 이하 같다)의 이용을 허락하거나 그 밖에 총리령으로 정하는 방법으로 거래 당사자 간의 통신판매를 알선하는 행위를 말한다.
5. ""소비자""란 다음 각 목의 어느 하나에 해당하는 자를 말한다.
가. 사업자가 제공하는 재화등을 소비생활을 위하여 사용(이용을 포함한다. 이하 같다)하는 자
나. 가목 외의 자로서 사실상 가목의 자와 같은 지위 및 거래조건으로 거래하는 자 등 대통령령으로 정하는 자
6. ""사업자""란 물품을 제조(가공 또는 포장을 포함한다. 이하 같다)ㆍ수입ㆍ판매하거나 용역을 제공하는 자를 말한다.","법령명: 전자상거래 등에서의 소비자보호에 관한 법률
조문: 제2조 (정의)
내용: 제2조(정의) 이 법에서 사용하는 용어의 뜻은 다음과 같다. <개정 2012.6.1>
1. ""전자상거래""란 전자거래(「전자문서 및 전자거래 기본법」 제2조제5호에 따른 전자거래를 말한다. 이하 같다)의 방법으로 상행위(商行爲)를 하는 것을 말한다.
2. ""통신판매""란 우편ㆍ전기통신, 그 밖에 총리령으로 정하는 방법으로 재화 또는 용역(일정한 시설을 이용하거나 용역을 제공받을 수 있는 권리를 포함한다. 이하 같다)의 판매에 관한 정보를 제공하고 소비자의 청약을 받아 재화 또는 용역(이하 ""재화등""이라 한다)을 판매하는 것을 말한다. 다만, 「방문판매 등에 관한 법률」 제2조제3호에 따른 전화권유판매는 통신판매의 범위에서 제외한다.
3. ""통신판매업자""란 통신판매를 업(業)으로 하는 자 또는 그와의 약정에 따라 통신판매업무를 수행하는 자를 말한다.
4. ""통신판매중개""란 사이버몰(컴퓨터 등과 정보통신설비를 이용하여 재화등을 거래할 수 있도록 설정된 가상의 영업장을 말한다. 이하 같다)의 이용을 허락하거나 그 밖에 총리령으로 정하는 방법으로 거래 당사자 간의 통신판매를 알선하는 행위를 말한다.
5. ""소비자""란 다음 각 목의 어느 하나에 해당하는 자를 말한다.
가. 사업자가 제공하는 재화등을 소비생활을 위하여 사용(이용을 포함한다. 이하 같다)하는 자
나. 가목 외의 자로서 사실상 가목의 자와 같은 지위 및 거래조건으로 거래하는 자 등 대통령령으로 정하는 자
6. ""사업자""란 물품을 제조(가공 또는 포장을 포함한다. 이하 같다)ㆍ수입ㆍ판매하거나 용역을 제공하는 자를 말한다.",https://www.law.go.kr/법령/전자상거래 등에서의 소비자보호에 관한 법률
009318,전자상거래 등에서의 소비자보호에 관한 법률,법률,공정거래위원회,20260721,20260120,3,,적용 제외,제3조(적용 제외),"① 이 법의 규정은 사업자(「방문판매 등에 관한 법률」 제2조제6호의 다단계판매원은 제외한다. 이하 이 항에서 같다)가 상행위를 목적으로 구입하는 거래에는 적용하지 아니한다. 다만, 사업자라 하더라도 사실상 소비자와 같은 지위에서 다른 소비자와 같은 거래조건으로 거래하는 경우에는 그러하지 아니하다.
② 제13조제2항에 따른 계약내용에 관한 서면(전자문서를 포함한다. 이하 같다)의 교부의무에 관한 규정은 다음 각 호의 거래에는 적용하지 아니한다. 다만, 제1호의 경우에는 총리령으로 정하는 바에 따라 계약내용에 관한 서면의 내용이나 교부의 방법을 다르게 할 수 있다.
1. 소비자가 이미 잘 알고 있는 약관 또는 정형화된 거래방법에 따라 수시로 거래하는 경우로서 총리령으로 정하는 거래
2. 다른 법률(「민법」 및 「방문판매 등에 관한 법률」은 제외한다)에 이 법의 규정과 다른 방법으로 하는 계약서 교부의무 등이 규정되어 있는 거래
③ 통신판매업자가 아닌 자 사이의 통신판매중개를 하는 통신판매업자에 대하여는 제13조부터 제15조까지, 제17조부터 제19조까지의 규정을 적용하지 아니한다.
④ 「자본시장과 금융투자업에 관한 법률」의 투자매매업자ㆍ투자중개업자가 하는 증권거래, 대통령령으로 정하는 금융회사 등이 하는 금융상품거래 및 일상 생활용품, 음식료 등을 인접지역에 판매하기 위한 거래에 대하여는 제12조부터 제15조까지, 제17조부터 제20조까지 및 제20조의2를 적용하지 아니한다.","제3조(적용 제외)
① 이 법의 규정은 사업자(「방문판매 등에 관한 법률」 제2조제6호의 다단계판매원은 제외한다. 이하 이 항에서 같다)가 상행위를 목적으로 구입하는 거래에는 적용하지 아니한다. 다만, 사업자라 하더라도 사실상 소비자와 같은 지위에서 다른 소비자와 같은 거래조건으로 거래하는 경우에는 그러하지 아니하다.
② 제13조제2항에 따른 계약내용에 관한 서면(전자문서를 포함한다. 이하 같다)의 교부의무에 관한 규정은 다음 각 호의 거래에는 적용하지 아니한다. 다만, 제1호의 경우에는 총리령으로 정하는 바에 따라 계약내용에 관한 서면의 내용이나 교부의 방법을 다르게 할 수 있다.
1. 소비자가 이미 잘 알고 있는 약관 또는 정형화된 거래방법에 따라 수시로 거래하는 경우로서 총리령으로 정하는 거래
2. 다른 법률(「민법」 및 「방문판매 등에 관한 법률」은 제외한다)에 이 법의 규정과 다른 방법으로 하는 계약서 교부의무 등이 규정되어 있는 거래
③ 통신판매업자가 아닌 자 사이의 통신판매중개를 하는 통신판매업자에 대하여는 제13조부터 제15조까지, 제17조부터 제19조까지의 규정을 적용하지 아니한다.
④ 「자본시장과 금융투자업에 관한 법률」의 투자매매업자ㆍ투자중개업자가 하는 증권거래, 대통령령으로 정하는 금융회사 등이 하는 금융상품거래 및 일상 생활용품, 음식료 등을 인접지역에 판매하기 위한 거래에 대하여는 제12조부터 제15조까지, 제17조부터 제20조까지 및 제20조의2를 적용하지 아니한다.","법령명: 전자상거래 등에서의 소비자보호에 관한 법률
조문: 제3조 (적용 제외)
내용: 제3조(적용 제외)
① 이 법의 규정은 사업자(「방문판매 등에 관한 법률」 제2조제6호의 다단계판매원은 제외한다. 이하 이 항에서 같다)가 상행위를 목적으로 구입하는 거래에는 적용하지 아니한다. 다만, 사업자라 하더라도 사실상 소비자와 같은 지위에서 다른 소비자와 같은 거래조건으로 거래하는 경우에는 그러하지 아니하다.
② 제13조제2항에 따른 계약내용에 관한 서면(전자문서를 포함한다. 이하 같다)의 교부의무에 관한 규정은 다음 각 호의 거래에는 적용하지 아니한다. 다만, 제1호의 경우에는 총리령으로 정하는 바에 따라 계약내용에 관한 서면의 내용이나 교부의 방법을 다르게 할 수 있다.
1. 소비자가 이미 잘 알고 있는 약관 또는 정형화된 거래방법에 따라 수시로 거래하는 경우로서 총리령으로 정하는 거래
2. 다른 법률(「민법」 및 「방문판매 등에 관한 법률」은 제외한다)에 이 법의 규정과 다른 방법으로 하는 계약서 교부의무 등이 규정되어 있는 거래
③ 통신판매업자가 아닌 자 사이의 통신판매중개를 하는 통신판매업자에 대하여는 제13조부터 제15조까지, 제17조부터 제19조까지의 규정을 적용하지 아니한다.
④ 「자본시장과 금융투자업에 관한 법률」의 투자매매업자ㆍ투자중개업자가 하는 증권거래, 대통령령으로 정하는 금융회사 등이 하는 금융상품거래 및 일상 생활용품, 음식료 등을 인접지역에 판매하기 위한 거래에 대하여는 제12조부터 제15조까지, 제17조부터 제20조까지 및 제20조의2를 적용하지 아니한다.",https://www.law.go.kr/법령/전자상거래 등에서의 소비자보호에 관한 법률
009318,전자상거래 등에서의 소비자보호에 관한 법률,법률,공정거래위원회,20260721,20260120,4,,다른 법률과의 관계,"제4조(다른 법률과의 관계) 전자상거래 또는 통신판매에서의 소비자보호에 관하여 이 법과 다른 법률이 경합하는 경우에는 이 법을 우선 적용한다. 다만, 다른 법률을 적용하는 것이 소비자에게 유리한 경우에는 그 법을 적용한다.",,"제4조(다른 법률과의 관계) 전자상거래 또는 통신판매에서의 소비자보호에 관하여 이 법과 다른 법률이 경합하는 경우에는 이 법을 우선 적용한다. 다만, 다른 법률을 적용하는 것이 소비자에게 유리한 경우에는 그 법을 적용한다.","법령명: 전자상거래 등에서의 소비자보호에 관한 법률
조문: 제4조 (다른 법률과의 관계)
내용: 제4조(다른 법률과의 관계) 전자상거래 또는 통신판매에서의 소비자보호에 관하여 이 법과 다른 법률이 경합하는 경우에는 이 법을 우선 적용한다. 다만, 다른 법률을 적용하는 것이 소비자에게 유리한 경우에는 그 법을 적용한다.",https://www.law.go.kr/법령/전자상거래 등에서의 소비자보호에 관한 법률
009318,전자상거래 등에서의 소비자보호에 관한 법률,법률,공정거래위원회,20260721,20260120,5,,전자문서의 활용,제5조(전자문서의 활용),"① 「전자문서 및 전자거래 기본법」 제6조제2항제2호에도 불구하고 사업자가 소비자와 미리 전자문서로 거래할 것을 약정하여 지정한 주소(「전자문서 및 전자거래 기본법」 제2조제2호의 정보처리시스템을 말한다)로 전자문서(「전자문서 및 전자거래 기본법」 제2조제1호에 따른 전자문서를 말한다. 이하 같다)를 송신하지 아니한 경우에는 그 사업자는 해당 전자문서에 의한 권리를 주장할 수 없다. 다만, 긴급한 경우, 소비자도 이미 전자문서로 거래할 것을 예정하고 있는 경우, 소비자가 전자문서를 출력한 경우 등 대통령령으로 정하는 경우에는 그러하지 아니하다. <개정 2012.6.1>
② 사업자는 전자서명(「전자서명법」 제2조제2호에 따른 전자서명을 말한다. 이하 같다)을 한 전자문서를 사용하려면 대통령령으로 정하는 바에 따라 그 전자문서의 효력, 수령 절차 및 방법 등을 소비자에게 고지하여야 한다.
③ 사업자는 전자문서를 사용할 때 소비자에게 특정한 전자서명 방법을 이용하도록 강요(특수한 표준 등을 이용함으로써 사실상 특정한 전자서명 방법의 이용이 강제되는 경우를 포함한다)하여서는 아니 되고, 소비자가 선택한 전자서명 방법의 사용을 부당하게 제한하여서는 아니 된다.
④ 전자상거래를 하는 사업자는 소비자의 회원 가입, 계약의 청약, 소비자 관련 정보의 제공 등을 전자문서를 통하여 할 수 있도록 하는 경우에는 회원탈퇴, 청약의 철회, 계약의 해지ㆍ해제ㆍ변경, 정보의 제공 및 이용에 관한 동의의 철회 등도 전자문서를 통하여 할 수 있도록 하여야 한다.
⑤ 전자상거래를 하는 사업자는 소비자가 재화등의 거래와 관련한 확인ㆍ증명을 전자문서로 제공하여 줄 것을 요청한 경우 이에 따라야 한다.
⑥ 전자상거래를 하는 사업자가 전자문서로 제공하기 어려운 기술적 이유나 보안상 이유가 명백하여 이를 소비자에게 미리 고지한 경우에는 제4항과 제5항을 적용하지 아니한다.
⑦ 전자상거래를 하는 사업자가 제4항과 제5항에 따른 의무를 이행할 때 해당 사이버몰의 구축 및 운영과 관련된 사업자들은 그 의무 이행에 필요한 조치를 하는 등 협력하여야 한다.","제5조(전자문서의 활용)
① 「전자문서 및 전자거래 기본법」 제6조제2항제2호에도 불구하고 사업자가 소비자와 미리 전자문서로 거래할 것을 약정하여 지정한 주소(「전자문서 및 전자거래 기본법」 제2조제2호의 정보처리시스템을 말한다)로 전자문서(「전자문서 및 전자거래 기본법」 제2조제1호에 따른 전자문서를 말한다. 이하 같다)를 송신하지 아니한 경우에는 그 사업자는 해당 전자문서에 의한 권리를 주장할 수 없다. 다만, 긴급한 경우, 소비자도 이미 전자문서로 거래할 것을 예정하고 있는 경우, 소비자가 전자문서를 출력한 경우 등 대통령령으로 정하는 경우에는 그러하지 아니하다. <개정 2012.6.1>
② 사업자는 전자서명(「전자서명법」 제2조제2호에 따른 전자서명을 말한다. 이하 같다)을 한 전자문서를 사용하려면 대통령령으로 정하는 바에 따라 그 전자문서의 효력, 수령 절차 및 방법 등을 소비자에게 고지하여야 한다.
③ 사업자는 전자문서를 사용할 때 소비자에게 특정한 전자서명 방법을 이용하도록 강요(특수한 표준 등을 이용함으로써 사실상 특정한 전자서명 방법의 이용이 강제되는 경우를 포함한다)하여서는 아니 되고, 소비자가 선택한 전자서명 방법의 사용을 부당하게 제한하여서는 아니 된다.
④ 전자상거래를 하는 사업자는 소비자의 회원 가입, 계약의 청약, 소비자 관련 정보의 제공 등을 전자문서를 통하여 할 수 있도록 하는 경우에는 회원탈퇴, 청약의 철회, 계약의 해지ㆍ해제ㆍ변경, 정보의 제공 및 이용에 관한 동의의 철회 등도 전자문서를 통하여 할 수 있도록 하여야 한다.
⑤ 전자상거래를 하는 사업자는 소비자가 재화등의 거래와 관련한 확인ㆍ증명을 전자문서로 제공하여 줄 것을 요청한 경우 이에 따라야 한다.
⑥ 전자상거래를 하는 사업자가 전자문서로 제공하기 어려운 기술적 이유나 보안상 이유가 명백하여 이를 소비자에게 미리 고지한 경우에는 제4항과 제5항을 적용하지 아니한다.
⑦ 전자상거래를 하는 사업자가 제4항과 제5항에 따른 의무를 이행할 때 해당 사이버몰의 구축 및 운영과 관련된 사업자들은 그 의무 이행에 필요한 조치를 하는 등 협력하여야 한다.","법령명: 전자상거래 등에서의 소비자보호에 관한 법률
조문: 제5조 (전자문서의 활용)
내용: 제5조(전자문서의 활용)
① 「전자문서 및 전자거래 기본법」 제6조제2항제2호에도 불구하고 사업자가 소비자와 미리 전자문서로 거래할 것을 약정하여 지정한 주소(「전자문서 및 전자거래 기본법」 제2조제2호의 정보처리시스템을 말한다)로 전자문서(「전자문서 및 전자거래 기본법」 제2조제1호에 따른 전자문서를 말한다. 이하 같다)를 송신하지 아니한 경우에는 그 사업자는 해당 전자문서에 의한 권리를 주장할 수 없다. 다만, 긴급한 경우, 소비자도 이미 전자문서로 거래할 것을 예정하고 있는 경우, 소비자가 전자문서를 출력한 경우 등 대통령령으로 정하는 경우에는 그러하지 아니하다. <개정 2012.6.1>
② 사업자는 전자서명(「전자서명법」 제2조제2호에 따른 전자서명을 말한다. 이하 같다)을 한 전자문서를 사용하려면 대통령령으로 정하는 바에 따라 그 전자문서의 효력, 수령 절차 및 방법 등을 소비자에게 고지하여야 한다.
③ 사업자는 전자문서를 사용할 때 소비자에게 특정한 전자서명 방법을 이용하도록 강요(특수한 표준 등을 이용함으로써 사실상 특정한 전자서명 방법의 이용이 강제되는 경우를 포함한다)하여서는 아니 되고, 소비자가 선택한 전자서명 방법의 사용을 부당하게 제한하여서는 아니 된다.
④ 전자상거래를 하는 사업자는 소비자의 회원 가입, 계약의 청약, 소비자 관련 정보의 제공 등을 전자문서를 통하여 할 수 있도록 하는 경우에는 회원탈퇴, 청약의 철회, 계약의 해지ㆍ해제ㆍ변경, 정보의 제공 및 이용에 관한 동의의 철회 등도 전자문서를 통하여 할 수 있도록 하여야 한다.
⑤ 전자상거래를 하는 사업자는 소비자가 재화등의 거래와 관련한 확인ㆍ증명을 전자문서로 제공하여 줄 것을 요청한 경우 이에 따라야 한다.
⑥ 전자상거래를 하는 사업자가 전자문서로 제공하기 어려운 기술적 이유나 보안상 이유가 명백하여 이를 소비자에게 미리 고지한 경우에는 제4항과 제5항을 적용하지 아니한다.
⑦ 전자상거래를 하는 사업자가 제4항과 제5항에 따른 의무를 이행할 때 해당 사이버몰의 구축 및 운영과 관련된 사업자들은 그 의무 이행에 필요한 조치를 하는 등 협력하여야 한다.",https://www.law.go.kr/법령/전자상거래 등에서의 소비자보호에 관한 법률
009318,전자상거래 등에서의 소비자보호에 관한 법률,법률,공정거래위원회,20260721,20260120,6,,거래기록의 보존 등,제6조(거래기록의 보존 등),"① 사업자는 전자상거래 및 통신판매에서의 표시ㆍ광고, 계약내용 및 그 이행 등 거래에 관한 기록을 상당한 기간 보존하여야 한다. 이 경우 소비자가 쉽게 거래기록을 열람ㆍ보존할 수 있는 방법을 제공하여야 한다.
② 제1항에 따라 사업자가 보존하여야 할 거래기록 및 그와 관련된 개인정보(성명ㆍ주소ㆍ전자우편주소 등 거래의 주체를 식별할 수 있는 정보로 한정한다)는 소비자가 개인정보의 이용에 관한 동의를 철회하는 경우에도 「개인정보 보호법」 등 대통령령으로 정하는 개인정보보호와 관련된 법률의 규정에도 불구하고 이를 보존할 수 있다. <개정 2016.3.29, 2026.1.20>
③ 제1항에 따라 사업자가 보존하는 거래기록의 대상ㆍ범위ㆍ기간 및 소비자에게 제공하는 열람ㆍ보존의 방법 등에 관하여 필요한 사항은 대통령령으로 정한다.","제6조(거래기록의 보존 등)
① 사업자는 전자상거래 및 통신판매에서의 표시ㆍ광고, 계약내용 및 그 이행 등 거래에 관한 기록을 상당한 기간 보존하여야 한다. 이 경우 소비자가 쉽게 거래기록을 열람ㆍ보존할 수 있는 방법을 제공하여야 한다.
② 제1항에 따라 사업자가 보존하여야 할 거래기록 및 그와 관련된 개인정보(성명ㆍ주소ㆍ전자우편주소 등 거래의 주체를 식별할 수 있는 정보로 한정한다)는 소비자가 개인정보의 이용에 관한 동의를 철회하는 경우에도 「개인정보 보호법」 등 대통령령으로 정하는 개인정보보호와 관련된 법률의 규정에도 불구하고 이를 보존할 수 있다. <개정 2016.3.29, 2026.1.20>
③ 제1항에 따라 사업자가 보존하는 거래기록의 대상ㆍ범위ㆍ기간 및 소비자에게 제공하는 열람ㆍ보존의 방법 등에 관하여 필요한 사항은 대통령령으로 정한다.","법령명: 전자상거래 등에서의 소비자보호에 관한 법률
조문: 제6조 (거래기록의 보존 등)
내용: 제6조(거래기록의 보존 등)
① 사업자는 전자상거래 및 통신판매에서의 표시ㆍ광고, 계약내용 및 그 이행 등 거래에 관한 기록을 상당한 기간 보존하여야 한다. 이 경우 소비자가 쉽게 거래기록을 열람ㆍ보존할 수 있는 방법을 제공하여야 한다.
② 제1항에 따라 사업자가 보존하여야 할 거래기록 및 그와 관련된 개인정보(성명ㆍ주소ㆍ전자우편주소 등 거래의 주체를 식별할 수 있는 정보로 한정한다)는 소비자가 개인정보의 이용에 관한 동의를 철회하는 경우에도 「개인정보 보호법」 등 대통령령으로 정하는 개인정보보호와 관련된 법률의 규정에도 불구하고 이를 보존할 수 있다. <개정 2016.3.29, 2026.1.20>
③ 제1항에 따라 사업자가 보존하는 거래기록의 대상ㆍ범위ㆍ기간 및 소비자에게 제공하는 열람ㆍ보존의 방법 등에 관하여 필요한 사항은 대통령령으로 정한다.",https://www.law.go.kr/법령/전자상거래 등에서의 소비자보호에 관한 법률
009318,전자상거래 등에서의 소비자보호에 관한 법률,법률,공정거래위원회,20260721,20260120,7,,조작 실수 등의 방지,제7조(조작 실수 등의 방지) 사업자는 전자상거래에서 소비자의 조작 실수 등으로 인한 의사표시의 착오 등으로 발생하는 피해를 예방할 수 있도록 거래 대금이 부과되는 시점이나 청약 전에 그 내용을 확인하거나 바로잡는 데에 필요한 절차를 마련하여야 한다.,,제7조(조작 실수 등의 방지) 사업자는 전자상거래에서 소비자의 조작 실수 등으로 인한 의사표시의 착오 등으로 발생하는 피해를 예방할 수 있도록 거래 대금이 부과되는 시점이나 청약 전에 그 내용을 확인하거나 바로잡는 데에 필요한 절차를 마련하여야 한다.,"법령명: 전자상거래 등에서의 소비자보호에 관한 법률
조문: 제7조 (조작 실수 등의 방지)
내용: 제7조(조작 실수 등의 방지) 사업자는 전자상거래에서 소비자의 조작 실수 등으로 인한 의사표시의 착오 등으로 발생하는 피해를 예방할 수 있도록 거래 대금이 부과되는 시점이나 청약 전에 그 내용을 확인하거나 바로잡는 데에 필요한 절차를 마련하여야 한다.",https://www.law.go.kr/법령/전자상거래 등에서의 소비자보호에 관한 법률
009318,전자상거래 등에서의 소비자보호에 관한 법률,법률,공정거래위원회,20260721,20260120,8,,전자적 대금지급의 신뢰 확보,제8조(전자적 대금지급의 신뢰 확보),"① 사업자가 대통령령으로 정하는 전자적 수단에 의한 거래대금의 지급(이하 ""전자적 대금지급""이라 한다)방법을 이용하는 경우 사업자와 전자결제수단 발행자, 전자결제서비스 제공자 등 대통령령으로 정하는 전자적 대금지급 관련자(이하 ""전자결제업자등""이라 한다)는 관련 정보의 보안 유지에 필요한 조치를 하여야 한다.
② 사업자와 전자결제업자등은 전자적 대금지급이 이루어지는 경우 소비자의 청약의사가 진정한 의사 표시에 의한 것인지를 확인하기 위하여 다음 각 호의 사항에 대하여 명확히 고지하고, 고지한 사항에 대한 소비자의 확인절차를 대통령령으로 정하는 바에 따라 마련하여야 한다.
1. 재화등의 내용 및 종류
2. 재화등의 가격
3. 용역의 제공기간
③ 사업자와 전자결제업자등은 전자적 대금지급이 이루어진 경우에는 전자문서의 송신 등 총리령으로 정하는 방법으로 소비자에게 그 사실을 알리고, 언제든지 소비자가 전자적 대금지급과 관련한 자료를 열람할 수 있게 하여야 한다.
④ 사이버몰에서 사용되는 전자적 대금지급 방법으로서 재화등을 구입ㆍ이용하기 위하여 미리 대가를 지불하는 방식의 결제수단의 발행자는 총리령으로 정하는 바에 따라 그 결제수단의 신뢰도 확인과 관련된 사항, 사용상의 제한이나 그 밖의 주의 사항 등을 표시하거나 고지하여야 한다.
⑤ 사업자와 소비자 사이에 전자적 대금지급과 관련하여 다툼이 있는 경우 전자결제업자등은 대금지급 관련 정보의 열람을 허용하는 등 대통령령으로 정하는 바에 따라 그 분쟁의 해결에 협조하여야 한다.","제8조(전자적 대금지급의 신뢰 확보)
① 사업자가 대통령령으로 정하는 전자적 수단에 의한 거래대금의 지급(이하 ""전자적 대금지급""이라 한다)방법을 이용하는 경우 사업자와 전자결제수단 발행자, 전자결제서비스 제공자 등 대통령령으로 정하는 전자적 대금지급 관련자(이하 ""전자결제업자등""이라 한다)는 관련 정보의 보안 유지에 필요한 조치를 하여야 한다.
② 사업자와 전자결제업자등은 전자적 대금지급이 이루어지는 경우 소비자의 청약의사가 진정한 의사 표시에 의한 것인지를 확인하기 위하여 다음 각 호의 사항에 대하여 명확히 고지하고, 고지한 사항에 대한 소비자의 확인절차를 대통령령으로 정하는 바에 따라 마련하여야 한다.
1. 재화등의 내용 및 종류
2. 재화등의 가격
3. 용역의 제공기간
③ 사업자와 전자결제업자등은 전자적 대금지급이 이루어진 경우에는 전자문서의 송신 등 총리령으로 정하는 방법으로 소비자에게 그 사실을 알리고, 언제든지 소비자가 전자적 대금지급과 관련한 자료를 열람할 수 있게 하여야 한다.
④ 사이버몰에서 사용되는 전자적 대금지급 방법으로서 재화등을 구입ㆍ이용하기 위하여 미리 대가를 지불하는 방식의 결제수단의 발행자는 총리령으로 정하는 바에 따라 그 결제수단의 신뢰도 확인과 관련된 사항, 사용상의 제한이나 그 밖의 주의 사항 등을 표시하거나 고지하여야 한다.
⑤ 사업자와 소비자 사이에 전자적 대금지급과 관련하여 다툼이 있는 경우 전자결제업자등은 대금지급 관련 정보의 열람을 허용하는 등 대통령령으로 정하는 바에 따라 그 분쟁의 해결에 협조하여야 한다.","법령명: 전자상거래 등에서의 소비자보호에 관한 법률
조문: 제8조 (전자적 대금지급의 신뢰 확보)
내용: 제8조(전자적 대금지급의 신뢰 확보)
① 사업자가 대통령령으로 정하는 전자적 수단에 의한 거래대금의 지급(이하 ""전자적 대금지급""이라 한다)방법을 이용하는 경우 사업자와 전자결제수단 발행자, 전자결제서비스 제공자 등 대통령령으로 정하는 전자적 대금지급 관련자(이하 ""전자결제업자등""이라 한다)는 관련 정보의 보안 유지에 필요한 조치를 하여야 한다.
② 사업자와 전자결제업자등은 전자적 대금지급이 이루어지는 경우 소비자의 청약의사가 진정한 의사 표시에 의한 것인지를 확인하기 위하여 다음 각 호의 사항에 대하여 명확히 고지하고, 고지한 사항에 대한 소비자의 확인절차를 대통령령으로 정하는 바에 따라 마련하여야 한다.
1. 재화등의 내용 및 종류
2. 재화등의 가격
3. 용역의 제공기간
③ 사업자와 전자결제업자등은 전자적 대금지급이 이루어진 경우에는 전자문서의 송신 등 총리령으로 정하는 방법으로 소비자에게 그 사실을 알리고, 언제든지 소비자가 전자적 대금지급과 관련한 자료를 열람할 수 있게 하여야 한다.
④ 사이버몰에서 사용되는 전자적 대금지급 방법으로서 재화등을 구입ㆍ이용하기 위하여 미리 대가를 지불하는 방식의 결제수단의 발행자는 총리령으로 정하는 바에 따라 그 결제수단의 신뢰도 확인과 관련된 사항, 사용상의 제한이나 그 밖의 주의 사항 등을 표시하거나 고지하여야 한다.
⑤ 사업자와 소비자 사이에 전자적 대금지급과 관련하여 다툼이 있는 경우 전자결제업자등은 대금지급 관련 정보의 열람을 허용하는 등 대통령령으로 정하는 바에 따라 그 분쟁의 해결에 협조하여야 한다.",https://www.law.go.kr/법령/전자상거래 등에서의 소비자보호에 관한 법률
009318,전자상거래 등에서의 소비자보호에 관한 법률,법률,공정거래위원회,20260721,20260120,9,,배송사업자 등의 협력,제9조(배송사업자 등의 협력),"① 전자상거래나 통신판매에 따라 재화등을 배송[「정보통신망 이용촉진 및 정보보호 등에 관한 법률」 제2조제1항제1호의 정보통신망(이하 ""정보통신망""이라 한다)을 통한 전송을 포함한다]하는 사업자는 배송 사고나 배송 장애 등으로 분쟁이 발생하는 경우에는 대통령령으로 정하는 바에 따라 그 분쟁의 해결에 협조하여야 한다.
② 호스팅서비스(사업자가 전자상거래를 할 수 있도록 사이버몰 구축 및 서버 관리 등을 하여주는 서비스를 말한다. 이하 이 조에서 같다)를 제공하는 자는 사업자와 호스팅서비스에 관한 이용계약을 체결하는 경우 사업자의 신원을 확인하기 위한 조치를 취하여야 한다.
③ 사업자와 소비자 사이에 분쟁이 발생하는 경우 호스팅서비스를 제공하는 자는 다음 각 호의 어느 하나에 해당하는 자의 요청에 따라 사업자의 신원정보 등 대통령령으로 정하는 자료를 제공함으로써 그 분쟁의 해결에 협조하여야 한다. <개정 2016.3.29>
1. 분쟁의 당사자인 소비자(소비자가 소송을 제기하는 경우에 한정한다)
2. 공정거래위원회
3. 특별시장ㆍ광역시장ㆍ특별자치시장ㆍ도지사ㆍ특별자치도지사(이하 ""시ㆍ도지사""라 한다) 또는 시장ㆍ군수ㆍ구청장(자치구의 구청장을 말한다. 이하 같다)
4. 수사기관
5. 그 밖에 분쟁해결을 위하여 필요하다고 인정되어 대통령령으로 정한 자","제9조(배송사업자 등의 협력)
① 전자상거래나 통신판매에 따라 재화등을 배송[「정보통신망 이용촉진 및 정보보호 등에 관한 법률」 제2조제1항제1호의 정보통신망(이하 ""정보통신망""이라 한다)을 통한 전송을 포함한다]하는 사업자는 배송 사고나 배송 장애 등으로 분쟁이 발생하는 경우에는 대통령령으로 정하는 바에 따라 그 분쟁의 해결에 협조하여야 한다.
② 호스팅서비스(사업자가 전자상거래를 할 수 있도록 사이버몰 구축 및 서버 관리 등을 하여주는 서비스를 말한다. 이하 이 조에서 같다)를 제공하는 자는 사업자와 호스팅서비스에 관한 이용계약을 체결하는 경우 사업자의 신원을 확인하기 위한 조치를 취하여야 한다.
③ 사업자와 소비자 사이에 분쟁이 발생하는 경우 호스팅서비스를 제공하는 자는 다음 각 호의 어느 하나에 해당하는 자의 요청에 따라 사업자의 신원정보 등 대통령령으로 정하는 자료를 제공함으로써 그 분쟁의 해결에 협조하여야 한다. <개정 2016.3.29>
1. 분쟁의 당사자인 소비자(소비자가 소송을 제기하는 경우에 한정한다)
2. 공정거래위원회
3. 특별시장ㆍ광역시장ㆍ특별자치시장ㆍ도지사ㆍ특별자치도지사(이하 ""시ㆍ도지사""라 한다) 또는 시장ㆍ군수ㆍ구청장(자치구의 구청장을 말한다. 이하 같다)
4. 수사기관
5. 그 밖에 분쟁해결을 위하여 필요하다고 인정되어 대통령령으로 정한 자","법령명: 전자상거래 등에서의 소비자보호에 관한 법률
조문: 제9조 (배송사업자 등의 협력)
내용: 제9조(배송사업자 등의 협력)
① 전자상거래나 통신판매에 따라 재화등을 배송[「정보통신망 이용촉진 및 정보보호 등에 관한 법률」 제2조제1항제1호의 정보통신망(이하 ""정보통신망""이라 한다)을 통한 전송을 포함한다]하는 사업자는 배송 사고나 배송 장애 등으로 분쟁이 발생하는 경우에는 대통령령으로 정하는 바에 따라 그 분쟁의 해결에 협조하여야 한다.
② 호스팅서비스(사업자가 전자상거래를 할 수 있도록 사이버몰 구축 및 서버 관리 등을 하여주는 서비스를 말한다. 이하 이 조에서 같다)를 제공하는 자는 사업자와 호스팅서비스에 관한 이용계약을 체결하는 경우 사업자의 신원을 확인하기 위한 조치를 취하여야 한다.
③ 사업자와 소비자 사이에 분쟁이 발생하는 경우 호스팅서비스를 제공하는 자는 다음 각 호의 어느 하나에 해당하는 자의 요청에 따라 사업자의 신원정보 등 대통령령으로 정하는 자료를 제공함으로써 그 분쟁의 해결에 협조하여야 한다. <개정 2016.3.29>
1. 분쟁의 당사자인 소비자(소비자가 소송을 제기하는 경우에 한정한다)
2. 공정거래위원회
3. 특별시장ㆍ광역시장ㆍ특별자치시장ㆍ도지사ㆍ특별자치도지사(이하 ""시ㆍ도지사""라 한다) 또는 시장ㆍ군수ㆍ구청장(자치구의 구청장을 말한다. 이하 같다)
4. 수사기관
5. 그 밖에 분쟁해결을 위하여 필요하다고 인정되어 대통령령으로 정한 자",https://www.law.go.kr/법령/전자상거래 등에서의 소비자보호에 관한 법률
009318,전자상거래 등에서의 소비자보호에 관한 법률,법률,공정거래위원회,20260721,20260120,9,2,전자게시판서비스 제공자의 책임,제9조의2(전자게시판서비스 제공자의 책임),"① 「정보통신망 이용촉진 및 정보보호 등에 관한 법률」 제2조제1항제9호의 게시판을 운영하는 같은 항 제3호의 정보통신서비스 제공자(이하 ""전자게시판서비스 제공자""라 한다)는 해당 게시판을 이용하여 통신판매 또는 통신판매중개가 이루어지는 경우 이로 인한 소비자피해가 발생하지 아니하도록 다음 각 호의 사항을 이행하여야 한다.
1. 게시판을 이용하여 통신판매 또는 통신판매중개를 업으로 하는 자(이하 ""게시판 이용 통신판매업자등""이라 한다)가 이 법에 따른 의무를 준수하도록 안내하고 권고할 것
2. 게시판 이용 통신판매업자등과 소비자 사이에 이 법과 관련하여 분쟁이 발생한 경우 소비자의 요청에 따라 제33조에 따른 소비자피해 분쟁조정기구에 소비자의 피해구제신청을 대행하는 장치를 마련하고 대통령령으로 정하는 바에 따라 운영할 것
3. 그 밖에 소비자피해를 방지하기 위하여 필요한 사항으로서 대통령령으로 정하는 사항
② 전자게시판서비스 제공자는 게시판 이용 통신판매업자등에 대하여 제13조제1항제1호 및 제2호의 신원정보를 확인하기 위한 조치를 취하여야 한다.
③ 전자게시판서비스 제공자는 게시판 이용 통신판매업자등과 소비자 사이에 분쟁이 발생하는 경우 다음 각 호의 어느 하나에 해당하는 자의 요청에 따라 제2항에 따른 신원 확인 조치를 통하여 얻은 게시판 이용 통신판매업자등의 신원정보를 제공하여 그 분쟁의 해결에 협조하여야 한다.
1. 제33조에 따른 소비자피해 분쟁조정기구
2. 공정거래위원회
3. 시ㆍ도지사 또는 시장ㆍ군수ㆍ구청장","제9조의2(전자게시판서비스 제공자의 책임)
① 「정보통신망 이용촉진 및 정보보호 등에 관한 법률」 제2조제1항제9호의 게시판을 운영하는 같은 항 제3호의 정보통신서비스 제공자(이하 ""전자게시판서비스 제공자""라 한다)는 해당 게시판을 이용하여 통신판매 또는 통신판매중개가 이루어지는 경우 이로 인한 소비자피해가 발생하지 아니하도록 다음 각 호의 사항을 이행하여야 한다.
1. 게시판을 이용하여 통신판매 또는 통신판매중개를 업으로 하는 자(이하 ""게시판 이용 통신판매업자등""이라 한다)가 이 법에 따른 의무를 준수하도록 안내하고 권고할 것
2. 게시판 이용 통신판매업자등과 소비자 사이에 이 법과 관련하여 분쟁이 발생한 경우 소비자의 요청에 따라 제33조에 따른 소비자피해 분쟁조정기구에 소비자의 피해구제신청을 대행하는 장치를 마련하고 대통령령으로 정하는 바에 따라 운영할 것
3. 그 밖에 소비자피해를 방지하기 위하여 필요한 사항으로서 대통령령으로 정하는 사항
② 전자게시판서비스 제공자는 게시판 이용 통신판매업자등에 대하여 제13조제1항제1호 및 제2호의 신원정보를 확인하기 위한 조치를 취하여야 한다.
③ 전자게시판서비스 제공자는 게시판 이용 통신판매업자등과 소비자 사이에 분쟁이 발생하는 경우 다음 각 호의 어느 하나에 해당하는 자의 요청에 따라 제2항에 따른 신원 확인 조치를 통하여 얻은 게시판 이용 통신판매업자등의 신원정보를 제공하여 그 분쟁의 해결에 협조하여야 한다.
1. 제33조에 따른 소비자피해 분쟁조정기구
2. 공정거래위원회
3. 시ㆍ도지사 또는 시장ㆍ군수ㆍ구청장","법령명: 전자상거래 등에서의 소비자보호에 관한 법률
조문: 제9조의2 (전자게시판서비스 제공자의 책임)
내용: 제9조의2(전자게시판서비스 제공자의 책임)
① 「정보통신망 이용촉진 및 정보보호 등에 관한 법률」 제2조제1항제9호의 게시판을 운영하는 같은 항 제3호의 정보통신서비스 제공자(이하 ""전자게시판서비스 제공자""라 한다)는 해당 게시판을 이용하여 통신판매 또는 통신판매중개가 이루어지는 경우 이로 인한 소비자피해가 발생하지 아니하도록 다음 각 호의 사항을 이행하여야 한다.
1. 게시판을 이용하여 통신판매 또는 통신판매중개를 업으로 하는 자(이하 ""게시판 이용 통신판매업자등""이라 한다)가 이 법에 따른 의무를 준수하도록 안내하고 권고할 것
2. 게시판 이용 통신판매업자등과 소비자 사이에 이 법과 관련하여 분쟁이 발생한 경우 소비자의 요청에 따라 제33조에 따른 소비자피해 분쟁조정기구에 소비자의 피해구제신청을 대행하는 장치를 마련하고 대통령령으로 정하는 바에 따라 운영할 것
3. 그 밖에 소비자피해를 방지하기 위하여 필요한 사항으로서 대통령령으로 정하는 사항
② 전자게시판서비스 제공자는 게시판 이용 통신판매업자등에 대하여 제13조제1항제1호 및 제2호의 신원정보를 확인하기 위한 조치를 취하여야 한다.
③ 전자게시판서비스 제공자는 게시판 이용 통신판매업자등과 소비자 사이에 분쟁이 발생하는 경우 다음 각 호의 어느 하나에 해당하는 자의 요청에 따라 제2항에 따른 신원 확인 조치를 통하여 얻은 게시판 이용 통신판매업자등의 신원정보를 제공하여 그 분쟁의 해결에 협조하여야 한다.
1. 제33조에 따른 소비자피해 분쟁조정기구
2. 공정거래위원회
3. 시ㆍ도지사 또는 시장ㆍ군수ㆍ구청장",https://www.law.go.kr/법령/전자상거래 등에서의 소비자보호에 관한 법률
009318,전자상거래 등에서의 소비자보호에 관한 법률,법률,공정거래위원회,20260721,20260120,10,,사이버몰의 운영,제10조(사이버몰의 운영),"① 전자상거래를 하는 사이버몰의 운영자는 소비자가 사업자의 신원 등을 쉽게 알 수 있도록 다음 각 호의 사항을 총리령으로 정하는 바에 따라 표시하여야 한다.
1. 상호 및 대표자 성명
2. 영업소가 있는 곳의 주소(소비자의 불만을 처리할 수 있는 곳의 주소를 포함한다)
3. 전화번호ㆍ전자우편주소
4. 사업자등록번호
5. 사이버몰의 이용약관
6. 그 밖에 소비자보호를 위하여 필요한 사항으로서 대통령령으로 정하는 사항
② 제1항에 따른 사이버몰의 운영자는 그 사이버몰에서 이 법을 위반한 행위가 이루어지는 경우 운영자가 조치하여야 할 부분이 있으면 시정에 필요한 조치에 협력하여야 한다.","제10조(사이버몰의 운영)
① 전자상거래를 하는 사이버몰의 운영자는 소비자가 사업자의 신원 등을 쉽게 알 수 있도록 다음 각 호의 사항을 총리령으로 정하는 바에 따라 표시하여야 한다.
1. 상호 및 대표자 성명
2. 영업소가 있는 곳의 주소(소비자의 불만을 처리할 수 있는 곳의 주소를 포함한다)
3. 전화번호ㆍ전자우편주소
4. 사업자등록번호
5. 사이버몰의 이용약관
6. 그 밖에 소비자보호를 위하여 필요한 사항으로서 대통령령으로 정하는 사항
② 제1항에 따른 사이버몰의 운영자는 그 사이버몰에서 이 법을 위반한 행위가 이루어지는 경우 운영자가 조치하여야 할 부분이 있으면 시정에 필요한 조치에 협력하여야 한다.","법령명: 전자상거래 등에서의 소비자보호에 관한 법률
조문: 제10조 (사이버몰의 운영)
내용: 제10조(사이버몰의 운영)
① 전자상거래를 하는 사이버몰의 운영자는 소비자가 사업자의 신원 등을 쉽게 알 수 있도록 다음 각 호의 사항을 총리령으로 정하는 바에 따라 표시하여야 한다.
1. 상호 및 대표자 성명
2. 영업소가 있는 곳의 주소(소비자의 불만을 처리할 수 있는 곳의 주소를 포함한다)
3. 전화번호ㆍ전자우편주소
4. 사업자등록번호
5. 사이버몰의 이용약관
6. 그 밖에 소비자보호를 위하여 필요한 사항으로서 대통령령으로 정하는 사항
② 제1항에 따른 사이버몰의 운영자는 그 사이버몰에서 이 법을 위반한 행위가 이루어지는 경우 운영자가 조치하여야 할 부분이 있으면 시정에 필요한 조치에 협력하여야 한다.",https://www.law.go.kr/법령/전자상거래 등에서의 소비자보호에 관한 법률
009318,전자상거래 등에서의 소비자보호에 관한 법률,법률,공정거래위원회,20260721,20260120,11,,소비자에 관한 정보의 이용 등,제11조(소비자에 관한 정보의 이용 등),"① 사업자는 전자상거래 또는 통신판매를 위하여 소비자에 관한 정보를 수집하거나 이용(제3자에게 제공하는 경우를 포함한다. 이하 같다)할 때는 「정보통신망 이용촉진 및 정보보호 등에 관한 법률」 등 관계 규정에 따라 이를 공정하게 수집하거나 이용하여야 한다.
② 사업자는 재화등을 거래함에 있어서 소비자에 관한 정보가 도용되어 해당 소비자에게 재산상의 손해가 발생하였거나 발생할 우려가 있는 특별한 사유가 있는 경우에는 본인 확인이나 피해의 회복 등 대통령령으로 정하는 필요한 조치를 취하여야 한다.","제11조(소비자에 관한 정보의 이용 등)
① 사업자는 전자상거래 또는 통신판매를 위하여 소비자에 관한 정보를 수집하거나 이용(제3자에게 제공하는 경우를 포함한다. 이하 같다)할 때는 「정보통신망 이용촉진 및 정보보호 등에 관한 법률」 등 관계 규정에 따라 이를 공정하게 수집하거나 이용하여야 한다.
② 사업자는 재화등을 거래함에 있어서 소비자에 관한 정보가 도용되어 해당 소비자에게 재산상의 손해가 발생하였거나 발생할 우려가 있는 특별한 사유가 있는 경우에는 본인 확인이나 피해의 회복 등 대통령령으로 정하는 필요한 조치를 취하여야 한다.","법령명: 전자상거래 등에서의 소비자보호에 관한 법률
조문: 제11조 (소비자에 관한 정보의 이용 등)
내용: 제11조(소비자에 관한 정보의 이용 등)
① 사업자는 전자상거래 또는 통신판매를 위하여 소비자에 관한 정보를 수집하거나 이용(제3자에게 제공하는 경우를 포함한다. 이하 같다)할 때는 「정보통신망 이용촉진 및 정보보호 등에 관한 법률」 등 관계 규정에 따라 이를 공정하게 수집하거나 이용하여야 한다.
② 사업자는 재화등을 거래함에 있어서 소비자에 관한 정보가 도용되어 해당 소비자에게 재산상의 손해가 발생하였거나 발생할 우려가 있는 특별한 사유가 있는 경우에는 본인 확인이나 피해의 회복 등 대통령령으로 정하는 필요한 조치를 취하여야 한다.",https://www.law.go.kr/법령/전자상거래 등에서의 소비자보호에 관한 법률
009318,전자상거래 등에서의 소비자보호에 관한 법률,법률,공정거래위원회,20260721,20260120,12,,통신판매업자의 신고 등,제12조(통신판매업자의 신고 등),"① 통신판매업자는 대통령령으로 정하는 바에 따라 다음 각 호의 사항을 공정거래위원회 또는 특별자치시장ㆍ특별자치도지사ㆍ시장ㆍ군수ㆍ구청장에게 신고하여야 한다. 다만, 통신판매의 거래횟수, 거래규모 등이 공정거래위원회가 고시로 정하는 기준 이하인 경우에는 그러하지 아니하다. <개정 2016.3.29>
1. 상호(법인인 경우에는 대표자의 성명 및 주민등록번호를 포함한다), 주소, 전화번호
2. 전자우편주소, 인터넷도메인 이름, 호스트서버의 소재지
3. 그 밖에 사업자의 신원 확인을 위하여 필요한 사항으로서 대통령령으로 정하는 사항
② 통신판매업자가 제1항에 따라 신고한 사항을 변경하려면 대통령령으로 정하는 바에 따라 신고하여야 한다.
③ 제1항에 따라 신고한 통신판매업자는 그 영업을 휴업 또는 폐업하거나 휴업한 후 영업을 다시 시작할 때에는 대통령령으로 정하는 바에 따라 신고하여야 한다.
④ 공정거래위원회는 제1항에 따라 신고한 통신판매업자의 정보를 대통령령으로 정하는 바에 따라 공개할 수 있다.","제12조(통신판매업자의 신고 등)
① 통신판매업자는 대통령령으로 정하는 바에 따라 다음 각 호의 사항을 공정거래위원회 또는 특별자치시장ㆍ특별자치도지사ㆍ시장ㆍ군수ㆍ구청장에게 신고하여야 한다. 다만, 통신판매의 거래횟수, 거래규모 등이 공정거래위원회가 고시로 정하는 기준 이하인 경우에는 그러하지 아니하다. <개정 2016.3.29>
1. 상호(법인인 경우에는 대표자의 성명 및 주민등록번호를 포함한다), 주소, 전화번호
2. 전자우편주소, 인터넷도메인 이름, 호스트서버의 소재지
3. 그 밖에 사업자의 신원 확인을 위하여 필요한 사항으로서 대통령령으로 정하는 사항
② 통신판매업자가 제1항에 따라 신고한 사항을 변경하려면 대통령령으로 정하는 바에 따라 신고하여야 한다.
③ 제1항에 따라 신고한 통신판매업자는 그 영업을 휴업 또는 폐업하거나 휴업한 후 영업을 다시 시작할 때에는 대통령령으로 정하는 바에 따라 신고하여야 한다.
④ 공정거래위원회는 제1항에 따라 신고한 통신판매업자의 정보를 대통령령으로 정하는 바에 따라 공개할 수 있다.","법령명: 전자상거래 등에서의 소비자보호에 관한 법률
조문: 제12조 (통신판매업자의 신고 등)
내용: 제12조(통신판매업자의 신고 등)
① 통신판매업자는 대통령령으로 정하는 바에 따라 다음 각 호의 사항을 공정거래위원회 또는 특별자치시장ㆍ특별자치도지사ㆍ시장ㆍ군수ㆍ구청장에게 신고하여야 한다. 다만, 통신판매의 거래횟수, 거래규모 등이 공정거래위원회가 고시로 정하는 기준 이하인 경우에는 그러하지 아니하다. <개정 2016.3.29>
1. 상호(법인인 경우에는 대표자의 성명 및 주민등록번호를 포함한다), 주소, 전화번호
2. 전자우편주소, 인터넷도메인 이름, 호스트서버의 소재지
3. 그 밖에 사업자의 신원 확인을 위하여 필요한 사항으로서 대통령령으로 정하는 사항
② 통신판매업자가 제1항에 따라 신고한 사항을 변경하려면 대통령령으로 정하는 바에 따라 신고하여야 한다.
③ 제1항에 따라 신고한 통신판매업자는 그 영업을 휴업 또는 폐업하거나 휴업한 후 영업을 다시 시작할 때에는 대통령령으로 정하는 바에 따라 신고하여야 한다.
④ 공정거래위원회는 제1항에 따라 신고한 통신판매업자의 정보를 대통령령으로 정하는 바에 따라 공개할 수 있다.",https://www.law.go.kr/법령/전자상거래 등에서의 소비자보호에 관한 법률
009318,전자상거래 등에서의 소비자보호에 관한 법률,법률,공정거래위원회,20260721,20260120,13,,신원 및 거래조건에 대한 정보의 제공,제13조(신원 및 거래조건에 대한 정보의 제공),"① 통신판매업자가 재화등의 거래에 관한 청약을 받을 목적으로 표시ㆍ광고를 할 때에는 그 표시ㆍ광고에 다음 각 호의 사항을 포함하여야 한다. <개정 2016.3.29>
1. 상호 및 대표자 성명
2. 주소ㆍ전화번호ㆍ전자우편주소
3. 제12조에 따라 공정거래위원회 또는 특별자치시장ㆍ특별자치도지사ㆍ시장ㆍ군수ㆍ구청장에게 한 신고의 신고번호와 그 신고를 받은 기관의 이름 등 신고를 확인할 수 있는 사항
② 통신판매업자는 소비자가 계약체결 전에 재화등에 대한 거래조건을 정확하게 이해하고 실수나 착오 없이 거래할 수 있도록 다음 각 호의 사항을 적절한 방법으로 표시ㆍ광고하거나 고지하여야 하며, 계약이 체결되면 계약자에게 다음 각 호의 사항이 기재된 계약내용에 관한 서면을 재화등을 공급할 때까지 교부하여야 한다. 다만, 계약자의 권리를 침해하지 아니하는 범위에서 대통령령으로 정하는 사유가 있는 경우에는 계약자를 갈음하여 재화등을 공급받는 자에게 계약내용에 관한 서면을 교부할 수 있다.
1. 재화등의 공급자 및 판매자의 상호, 대표자의 성명ㆍ주소 및 전화번호 등
2. 재화등의 명칭ㆍ종류 및 내용
2의2. 재화등의 정보에 관한 사항. 이 경우 제품에 표시된 기재로 계약내용에 관한 서면에의 기재를 갈음할 수 있다.
3. 재화등의 가격(가격이 결정되어 있지 아니한 경우에는 가격을 결정하는 구체적인 방법)과 그 지급방법 및 지급시기
4. 재화등의 공급방법 및 공급시기
5. 청약의 철회 및 계약의 해제(이하 ""청약철회등""이라 한다)의 기한ㆍ행사방법 및 효과에 관한 사항(청약철회등의 권리를 행사하는 데에 필요한 서식을 포함한다)
6. 재화등의 교환ㆍ반품ㆍ보증과 그 대금 환불 및 환불의 지연에 따른 배상금 지급의 조건ㆍ절차
7. 전자매체로 공급할 수 있는 재화등의 전송ㆍ설치 등을 할 때 필요한 기술적 사항
8. 소비자피해보상의 처리, 재화등에 대한 불만 처리 및 소비자와 사업자 사이의 분쟁 처리에 관한 사항
9. 거래에 관한 약관(그 약관의 내용을 확인할 수 있는 방법을 포함한다)
10. 소비자가 구매의 안전을 위하여 원하는 경우에는 재화등을 공급받을 때까지 대통령령으로 정하는 제3자에게 그 재화등의 결제대금을 예치하는 것(이하 ""결제대금예치""라 한다)의 이용을 선택할 수 있다는 사항 또는 통신판매업자의 제24조제1항에 따른 소비자피해보상보험계약등의 체결을 선택할 수 있다는 사항(제15조제1항에 따른 선지급식 통신판매의 경우에만 해당하며, 제24조제3항에 각 호의 어느 하나에 해당하는 거래를 하는 경우는 제외한다)
11. 그 밖에 소비자의 구매 여부 판단에 영향을 주는 거래조건 또는 소비자피해의 구제에 필요한 사항으로서 대통령령으로 정하는 사항
③ 통신판매업자는 미성년자와 재화등의 거래에 관한 계약을 체결할 때에는 법정대리인이 그 계약에 동의하지 아니하면 미성년자 본인 또는 법정대리인이 그 계약을 취소할 수 있다는 내용을 미성년자에게 고지하여야 한다.
④ 공정거래위원회는 제1항 및 제2항에 따른 통신판매업자의 상호 등에 관한 사항, 재화등의 정보에 관한 사항과 거래조건에 대한 표시ㆍ광고 및 고지의 내용과 방법을 정하여 고시할 수 있다. 이 경우 거래방법이나 재화등의 특성을 고려하여 그 표시ㆍ광고 및 고지의 내용과 방법을 다르게 정할 수 있다.
⑤ 통신판매업자는 제2항에 따라 소비자에게 표시ㆍ광고하거나 고지한 거래조건을 신의를 지켜 성실하게 이행하여야 한다.
⑥ 통신판매업자는 재화등의 정기결제 대금이 증액되거나 재화등이 무상으로 공급된 후 유료 정기결제로 전환되는 경우에는 그 증액 또는 전환이 이루어지기 전 대통령령으로 정하는 기간 내에 그 증액 또는 전환의 일시, 변동 전후의 가격 및 결제방법에 대하여 소비자의 동의를 받고, 증액 또는 전환을 취소하거나 해지하기 위한 조건ㆍ방법과 그 효과를 소비자에게 고지하여야 한다. <신설 2024.2.13>","제13조(신원 및 거래조건에 대한 정보의 제공)
① 통신판매업자가 재화등의 거래에 관한 청약을 받을 목적으로 표시ㆍ광고를 할 때에는 그 표시ㆍ광고에 다음 각 호의 사항을 포함하여야 한다. <개정 2016.3.29>
1. 상호 및 대표자 성명
2. 주소ㆍ전화번호ㆍ전자우편주소
3. 제12조에 따라 공정거래위원회 또는 특별자치시장ㆍ특별자치도지사ㆍ시장ㆍ군수ㆍ구청장에게 한 신고의 신고번호와 그 신고를 받은 기관의 이름 등 신고를 확인할 수 있는 사항
② 통신판매업자는 소비자가 계약체결 전에 재화등에 대한 거래조건을 정확하게 이해하고 실수나 착오 없이 거래할 수 있도록 다음 각 호의 사항을 적절한 방법으로 표시ㆍ광고하거나 고지하여야 하며, 계약이 체결되면 계약자에게 다음 각 호의 사항이 기재된 계약내용에 관한 서면을 재화등을 공급할 때까지 교부하여야 한다. 다만, 계약자의 권리를 침해하지 아니하는 범위에서 대통령령으로 정하는 사유가 있는 경우에는 계약자를 갈음하여 재화등을 공급받는 자에게 계약내용에 관한 서면을 교부할 수 있다.
1. 재화등의 공급자 및 판매자의 상호, 대표자의 성명ㆍ주소 및 전화번호 등
2. 재화등의 명칭ㆍ종류 및 내용
2의2. 재화등의 정보에 관한 사항. 이 경우 제품에 표시된 기재로 계약내용에 관한 서면에의 기재를 갈음할 수 있다.
3. 재화등의 가격(가격이 결정되어 있지 아니한 경우에는 가격을 결정하는 구체적인 방법)과 그 지급방법 및 지급시기
4. 재화등의 공급방법 및 공급시기
5. 청약의 철회 및 계약의 해제(이하 ""청약철회등""이라 한다)의 기한ㆍ행사방법 및 효과에 관한 사항(청약철회등의 권리를 행사하는 데에 필요한 서식을 포함한다)
6. 재화등의 교환ㆍ반품ㆍ보증과 그 대금 환불 및 환불의 지연에 따른 배상금 지급의 조건ㆍ절차
7. 전자매체로 공급할 수 있는 재화등의 전송ㆍ설치 등을 할 때 필요한 기술적 사항
8. 소비자피해보상의 처리, 재화등에 대한 불만 처리 및 소비자와 사업자 사이의 분쟁 처리에 관한 사항
9. 거래에 관한 약관(그 약관의 내용을 확인할 수 있는 방법을 포함한다)
10. 소비자가 구매의 안전을 위하여 원하는 경우에는 재화등을 공급받을 때까지 대통령령으로 정하는 제3자에게 그 재화등의 결제대금을 예치하는 것(이하 ""결제대금예치""라 한다)의 이용을 선택할 수 있다는 사항 또는 통신판매업자의 제24조제1항에 따른 소비자피해보상보험계약등의 체결을 선택할 수 있다는 사항(제15조제1항에 따른 선지급식 통신판매의 경우에만 해당하며, 제24조제3항에 각 호의 어느 하나에 해당하는 거래를 하는 경우는 제외한다)
11. 그 밖에 소비자의 구매 여부 판단에 영향을 주는 거래조건 또는 소비자피해의 구제에 필요한 사항으로서 대통령령으로 정하는 사항
③ 통신판매업자는 미성년자와 재화등의 거래에 관한 계약을 체결할 때에는 법정대리인이 그 계약에 동의하지 아니하면 미성년자 본인 또는 법정대리인이 그 계약을 취소할 수 있다는 내용을 미성년자에게 고지하여야 한다.
④ 공정거래위원회는 제1항 및 제2항에 따른 통신판매업자의 상호 등에 관한 사항, 재화등의 정보에 관한 사항과 거래조건에 대한 표시ㆍ광고 및 고지의 내용과 방법을 정하여 고시할 수 있다. 이 경우 거래방법이나 재화등의 특성을 고려하여 그 표시ㆍ광고 및 고지의 내용과 방법을 다르게 정할 수 있다.
⑤ 통신판매업자는 제2항에 따라 소비자에게 표시ㆍ광고하거나 고지한 거래조건을 신의를 지켜 성실하게 이행하여야 한다.
⑥ 통신판매업자는 재화등의 정기결제 대금이 증액되거나 재화등이 무상으로 공급된 후 유료 정기결제로 전환되는 경우에는 그 증액 또는 전환이 이루어지기 전 대통령령으로 정하는 기간 내에 그 증액 또는 전환의 일시, 변동 전후의 가격 및 결제방법에 대하여 소비자의 동의를 받고, 증액 또는 전환을 취소하거나 해지하기 위한 조건ㆍ방법과 그 효과를 소비자에게 고지하여야 한다. <신설 2024.2.13>","법령명: 전자상거래 등에서의 소비자보호에 관한 법률
조문: 제13조 (신원 및 거래조건에 대한 정보의 제공)
내용: 제13조(신원 및 거래조건에 대한 정보의 제공)
① 통신판매업자가 재화등의 거래에 관한 청약을 받을 목적으로 표시ㆍ광고를 할 때에는 그 표시ㆍ광고에 다음 각 호의 사항을 포함하여야 한다. <개정 2016.3.29>
1. 상호 및 대표자 성명
2. 주소ㆍ전화번호ㆍ전자우편주소
3. 제12조에 따라 공정거래위원회 또는 특별자치시장ㆍ특별자치도지사ㆍ시장ㆍ군수ㆍ구청장에게 한 신고의 신고번호와 그 신고를 받은 기관의 이름 등 신고를 확인할 수 있는 사항
② 통신판매업자는 소비자가 계약체결 전에 재화등에 대한 거래조건을 정확하게 이해하고 실수나 착오 없이 거래할 수 있도록 다음 각 호의 사항을 적절한 방법으로 표시ㆍ광고하거나 고지하여야 하며, 계약이 체결되면 계약자에게 다음 각 호의 사항이 기재된 계약내용에 관한 서면을 재화등을 공급할 때까지 교부하여야 한다. 다만, 계약자의 권리를 침해하지 아니하는 범위에서 대통령령으로 정하는 사유가 있는 경우에는 계약자를 갈음하여 재화등을 공급받는 자에게 계약내용에 관한 서면을 교부할 수 있다.
1. 재화등의 공급자 및 판매자의 상호, 대표자의 성명ㆍ주소 및 전화번호 등
2. 재화등의 명칭ㆍ종류 및 내용
2의2. 재화등의 정보에 관한 사항. 이 경우 제품에 표시된 기재로 계약내용에 관한 서면에의 기재를 갈음할 수 있다.
3. 재화등의 가격(가격이 결정되어 있지 아니한 경우에는 가격을 결정하는 구체적인 방법)과 그 지급방법 및 지급시기
4. 재화등의 공급방법 및 공급시기
5. 청약의 철회 및 계약의 해제(이하 ""청약철회등""이라 한다)의 기한ㆍ행사방법 및 효과에 관한 사항(청약철회등의 권리를 행사하는 데에 필요한 서식을 포함한다)
6. 재화등의 교환ㆍ반품ㆍ보증과 그 대금 환불 및 환불의 지연에 따른 배상금 지급의 조건ㆍ절차
7. 전자매체로 공급할 수 있는 재화등의 전송ㆍ설치 등을 할 때 필요한 기술적 사항
8. 소비자피해보상의 처리, 재화등에 대한 불만 처리 및 소비자와 사업자 사이의 분쟁 처리에 관한 사항
9. 거래에 관한 약관(그 약관의 내용을 확인할 수 있는 방법을 포함한다)
10. 소비자가 구매의 안전을 위하여 원하는 경우에는 재화등을 공급받을 때까지 대통령령으로 정하는 제3자에게 그 재화등의 결제대금을 예치하는 것(이하 ""결제대금예치""라 한다)의 이용을 선택할 수 있다는 사항 또는 통신판매업자의 제24조제1항에 따른 소비자피해보상보험계약등의 체결을 선택할 수 있다는 사항(제15조제1항에 따른 선지급식 통신판매의 경우에만 해당하며, 제24조제3항에 각 호의 어느 하나에 해당하는 거래를 하는 경우는 제외한다)
11. 그 밖에 소비자의 구매 여부 판단에 영향을 주는 거래조건 또는 소비자피해의 구제에 필요한 사항으로서 대통령령으로 정하는 사항
③ 통신판매업자는 미성년자와 재화등의 거래에 관한 계약을 체결할 때에는 법정대리인이 그 계약에 동의하지 아니하면 미성년자 본인 또는 법정대리인이 그 계약을 취소할 수 있다는 내용을 미성년자에게 고지하여야 한다.
④ 공정거래위원회는 제1항 및 제2항에 따른 통신판매업자의 상호 등에 관한 사항, 재화등의 정보에 관한 사항과 거래조건에 대한 표시ㆍ광고 및 고지의 내용과 방법을 정하여 고시할 수 있다. 이 경우 거래방법이나 재화등의 특성을 고려하여 그 표시ㆍ광고 및 고지의 내용과 방법을 다르게 정할 수 있다.
⑤ 통신판매업자는 제2항에 따라 소비자에게 표시ㆍ광고하거나 고지한 거래조건을 신의를 지켜 성실하게 이행하여야 한다.
⑥ 통신판매업자는 재화등의 정기결제 대금이 증액되거나 재화등이 무상으로 공급된 후 유료 정기결제로 전환되는 경우에는 그 증액 또는 전환이 이루어지기 전 대통령령으로 정하는 기간 내에 그 증액 또는 전환의 일시, 변동 전후의 가격 및 결제방법에 대하여 소비자의 동의를 받고, 증액 또는 전환을 취소하거나 해지하기 위한 조건ㆍ방법과 그 효과를 소비자에게 고지하여야 한다. <신설 2024.2.13>",https://www.law.go.kr/법령/전자상거래 등에서의 소비자보호에 관한 법률
009318,전자상거래 등에서의 소비자보호에 관한 법률,법률,공정거래위원회,20260721,20260120,14,,청약확인 등,제14조(청약확인 등),"① 통신판매업자는 소비자로부터 재화등의 거래에 관한 청약을 받으면 청약 의사표시의 수신 확인 및 판매 가능 여부에 관한 정보를 소비자에게 신속하게 알려야 한다.
② 통신판매업자는 계약체결 전에 소비자가 청약내용을 확인하고, 정정하거나 취소할 수 있도록 적절한 절차를 갖추어야 한다.","제14조(청약확인 등)
① 통신판매업자는 소비자로부터 재화등의 거래에 관한 청약을 받으면 청약 의사표시의 수신 확인 및 판매 가능 여부에 관한 정보를 소비자에게 신속하게 알려야 한다.
② 통신판매업자는 계약체결 전에 소비자가 청약내용을 확인하고, 정정하거나 취소할 수 있도록 적절한 절차를 갖추어야 한다.","법령명: 전자상거래 등에서의 소비자보호에 관한 법률
조문: 제14조 (청약확인 등)
내용: 제14조(청약확인 등)
① 통신판매업자는 소비자로부터 재화등의 거래에 관한 청약을 받으면 청약 의사표시의 수신 확인 및 판매 가능 여부에 관한 정보를 소비자에게 신속하게 알려야 한다.
② 통신판매업자는 계약체결 전에 소비자가 청약내용을 확인하고, 정정하거나 취소할 수 있도록 적절한 절차를 갖추어야 한다.",https://www.law.go.kr/법령/전자상거래 등에서의 소비자보호에 관한 법률
009318,전자상거래 등에서의 소비자보호에 관한 법률,법률,공정거래위원회,20260721,20260120,15,,재화등의 공급 등,제15조(재화등의 공급 등),"① 통신판매업자는 소비자가 청약을 한 날부터 7일 이내에 재화등의 공급에 필요한 조치를 하여야 하고, 소비자가 재화등을 공급받기 전에 미리 재화등의 대금을 전부 또는 일부 지급하는 통신판매(이하 ""선지급식 통신판매""라 한다)의 경우에는 소비자가 그 대금을 전부 또는 일부 지급한 날부터 3영업일 이내에 재화등의 공급을 위하여 필요한 조치를 하여야 한다. 다만, 소비자와 통신판매업자 간에 재화등의 공급시기에 관하여 따로 약정한 것이 있는 경우에는 그러하지 아니하다.
② 통신판매업자는 청약을 받은 재화등을 공급하기 곤란하다는 것을 알았을 때에는 지체 없이 그 사유를 소비자에게 알려야 하고, 선지급식 통신판매의 경우에는 소비자가 그 대금의 전부 또는 일부를 지급한 날부터 3영업일 이내에 환급하거나 환급에 필요한 조치를 하여야 한다.
③ 통신판매업자는 소비자가 재화등의 공급 절차 및 진행 상황을 확인할 수 있도록 적절한 조치를 하여야 한다. 이 경우 공정거래위원회는 그 조치에 필요한 사항을 정하여 고시할 수 있다.
④ 제2항에 따라 선지급식 통신판매에서 재화등의 대금을 환급하거나 환급에 필요한 조치를 하여야 하는 경우에는 제18조제1항부터 제5항까지의 규정을 준용한다.","제15조(재화등의 공급 등)
① 통신판매업자는 소비자가 청약을 한 날부터 7일 이내에 재화등의 공급에 필요한 조치를 하여야 하고, 소비자가 재화등을 공급받기 전에 미리 재화등의 대금을 전부 또는 일부 지급하는 통신판매(이하 ""선지급식 통신판매""라 한다)의 경우에는 소비자가 그 대금을 전부 또는 일부 지급한 날부터 3영업일 이내에 재화등의 공급을 위하여 필요한 조치를 하여야 한다. 다만, 소비자와 통신판매업자 간에 재화등의 공급시기에 관하여 따로 약정한 것이 있는 경우에는 그러하지 아니하다.
② 통신판매업자는 청약을 받은 재화등을 공급하기 곤란하다는 것을 알았을 때에는 지체 없이 그 사유를 소비자에게 알려야 하고, 선지급식 통신판매의 경우에는 소비자가 그 대금의 전부 또는 일부를 지급한 날부터 3영업일 이내에 환급하거나 환급에 필요한 조치를 하여야 한다.
③ 통신판매업자는 소비자가 재화등의 공급 절차 및 진행 상황을 확인할 수 있도록 적절한 조치를 하여야 한다. 이 경우 공정거래위원회는 그 조치에 필요한 사항을 정하여 고시할 수 있다.
④ 제2항에 따라 선지급식 통신판매에서 재화등의 대금을 환급하거나 환급에 필요한 조치를 하여야 하는 경우에는 제18조제1항부터 제5항까지의 규정을 준용한다.","법령명: 전자상거래 등에서의 소비자보호에 관한 법률
조문: 제15조 (재화등의 공급 등)
내용: 제15조(재화등의 공급 등)
① 통신판매업자는 소비자가 청약을 한 날부터 7일 이내에 재화등의 공급에 필요한 조치를 하여야 하고, 소비자가 재화등을 공급받기 전에 미리 재화등의 대금을 전부 또는 일부 지급하는 통신판매(이하 ""선지급식 통신판매""라 한다)의 경우에는 소비자가 그 대금을 전부 또는 일부 지급한 날부터 3영업일 이내에 재화등의 공급을 위하여 필요한 조치를 하여야 한다. 다만, 소비자와 통신판매업자 간에 재화등의 공급시기에 관하여 따로 약정한 것이 있는 경우에는 그러하지 아니하다.
② 통신판매업자는 청약을 받은 재화등을 공급하기 곤란하다는 것을 알았을 때에는 지체 없이 그 사유를 소비자에게 알려야 하고, 선지급식 통신판매의 경우에는 소비자가 그 대금의 전부 또는 일부를 지급한 날부터 3영업일 이내에 환급하거나 환급에 필요한 조치를 하여야 한다.
③ 통신판매업자는 소비자가 재화등의 공급 절차 및 진행 상황을 확인할 수 있도록 적절한 조치를 하여야 한다. 이 경우 공정거래위원회는 그 조치에 필요한 사항을 정하여 고시할 수 있다.
④ 제2항에 따라 선지급식 통신판매에서 재화등의 대금을 환급하거나 환급에 필요한 조치를 하여야 하는 경우에는 제18조제1항부터 제5항까지의 규정을 준용한다.",https://www.law.go.kr/법령/전자상거래 등에서의 소비자보호에 관한 법률
009318,전자상거래 등에서의 소비자보호에 관한 법률,법률,공정거래위원회,20260721,20260120,16,,,제16조 삭제 <2005.3.31>,,제16조 삭제 <2005.3.31>,"법령명: 전자상거래 등에서의 소비자보호에 관한 법률
조문: 제16조
내용: 제16조 삭제 <2005.3.31>",https://www.law.go.kr/법령/전자상거래 등에서의 소비자보호에 관한 법률
009318,전자상거래 등에서의 소비자보호에 관한 법률,법률,공정거래위원회,20260721,20260120,17,,청약철회등,제17조(청약철회등),"① 통신판매업자와 재화등의 구매에 관한 계약을 체결한 소비자는 다음 각 호의 기간(거래당사자가 다음 각 호의 기간보다 긴 기간으로 약정한 경우에는 그 기간을 말한다) 이내에 해당 계약에 관한 청약철회등을 할 수 있다. <개정 2016.3.29>
1. 제13조제2항에 따른 계약내용에 관한 서면을 받은 날부터 7일. 다만, 그 서면을 받은 때보다 재화등의 공급이 늦게 이루어진 경우에는 재화등을 공급받거나 재화등의 공급이 시작된 날부터 7일
2. 제13조제2항에 따른 계약내용에 관한 서면을 받지 아니한 경우, 통신판매업자의 주소 등이 적혀 있지 아니한 서면을 받은 경우 또는 통신판매업자의 주소 변경 등의 사유로 제1호의 기간에 청약철회등을 할 수 없는 경우에는 통신판매업자의 주소를 안 날 또는 알 수 있었던 날부터 7일
3. 제21조제1항제1호 또는 제2호의 청약철회등에 대한 방해 행위가 있는 경우에는 그 방해 행위가 종료한 날부터 7일
② 소비자는 다음 각 호의 어느 하나에 해당하는 경우에는 통신판매업자의 의사에 반하여 제1항에 따른 청약철회등을 할 수 없다. 다만, 통신판매업자가 제6항에 따른 조치를 하지 아니하는 경우에는 제2호부터 제5호까지의 규정에 해당하는 경우에도 청약철회등을 할 수 있다. <개정 2016.3.29>
1. 소비자에게 책임이 있는 사유로 재화등이 멸실되거나 훼손된 경우. 다만, 재화등의 내용을 확인하기 위하여 포장 등을 훼손한 경우는 제외한다.
2. 소비자의 사용 또는 일부 소비로 재화등의 가치가 현저히 감소한 경우
3. 시간이 지나 다시 판매하기 곤란할 정도로 재화등의 가치가 현저히 감소한 경우
4. 복제가 가능한 재화등의 포장을 훼손한 경우
5. 용역 또는 「문화산업진흥 기본법」 제2조제5호의 디지털콘텐츠의 제공이 개시된 경우. 다만, 가분적 용역 또는 가분적 디지털콘텐츠로 구성된 계약의 경우에는 제공이 개시되지 아니한 부분에 대하여는 그러하지 아니하다.
6. 그 밖에 거래의 안전을 위하여 대통령령으로 정하는 경우
③ 소비자는 제1항 및 제2항에도 불구하고 재화등의 내용이 표시ㆍ광고의 내용과 다르거나 계약내용과 다르게 이행된 경우에는 그 재화등을 공급받은 날부터 3개월 이내, 그 사실을 안 날 또는 알 수 있었던 날부터 30일 이내에 청약철회등을 할 수 있다.
④ 제1항 또는 제3항에 따른 청약철회등을 서면으로 하는 경우에는 그 의사표시가 적힌 서면을 발송한 날에 그 효력이 발생한다.
⑤ 제1항부터 제3항까지의 규정을 적용할 때 재화등의 훼손에 대하여 소비자의 책임이 있는지 여부, 재화등의 구매에 관한 계약이 체결된 사실 및 그 시기, 재화등의 공급사실 및 그 시기 등에 관하여 다툼이 있는 경우에는 통신판매업자가 이를 증명하여야 한다.
⑥ 통신판매업자는 제2항제2호부터 제5호까지의 규정에 따라 청약철회등이 불가능한 재화등의 경우에는 그 사실을 재화등의 포장이나 그 밖에 소비자가 쉽게 알 수 있는 곳에 명확하게 표시하거나 시험 사용 상품을 제공하는 등의 방법으로 청약철회등의 권리 행사가 방해받지 아니하도록 조치하여야 한다. 다만, 제2항제5호 중 디지털콘텐츠에 대하여 소비자가 청약철회등을 할 수 없는 경우에는 청약철회등이 불가능하다는 사실의 표시와 함께 대통령령으로 정하는 바에 따라 시험 사용 상품을 제공하는 등의 방법으로 청약철회등의 권리 행사가 방해받지 아니하도록 하여야 한다. <개정 2016.3.29>","제17조(청약철회등)
① 통신판매업자와 재화등의 구매에 관한 계약을 체결한 소비자는 다음 각 호의 기간(거래당사자가 다음 각 호의 기간보다 긴 기간으로 약정한 경우에는 그 기간을 말한다) 이내에 해당 계약에 관한 청약철회등을 할 수 있다. <개정 2016.3.29>
1. 제13조제2항에 따른 계약내용에 관한 서면을 받은 날부터 7일. 다만, 그 서면을 받은 때보다 재화등의 공급이 늦게 이루어진 경우에는 재화등을 공급받거나 재화등의 공급이 시작된 날부터 7일
2. 제13조제2항에 따른 계약내용에 관한 서면을 받지 아니한 경우, 통신판매업자의 주소 등이 적혀 있지 아니한 서면을 받은 경우 또는 통신판매업자의 주소 변경 등의 사유로 제1호의 기간에 청약철회등을 할 수 없는 경우에는 통신판매업자의 주소를 안 날 또는 알 수 있었던 날부터 7일
3. 제21조제1항제1호 또는 제2호의 청약철회등에 대한 방해 행위가 있는 경우에는 그 방해 행위가 종료한 날부터 7일
② 소비자는 다음 각 호의 어느 하나에 해당하는 경우에는 통신판매업자의 의사에 반하여 제1항에 따른 청약철회등을 할 수 없다. 다만, 통신판매업자가 제6항에 따른 조치를 하지 아니하는 경우에는 제2호부터 제5호까지의 규정에 해당하는 경우에도 청약철회등을 할 수 있다. <개정 2016.3.29>
1. 소비자에게 책임이 있는 사유로 재화등이 멸실되거나 훼손된 경우. 다만, 재화등의 내용을 확인하기 위하여 포장 등을 훼손한 경우는 제외한다.
2. 소비자의 사용 또는 일부 소비로 재화등의 가치가 현저히 감소한 경우
3. 시간이 지나 다시 판매하기 곤란할 정도로 재화등의 가치가 현저히 감소한 경우
4. 복제가 가능한 재화등의 포장을 훼손한 경우
5. 용역 또는 「문화산업진흥 기본법」 제2조제5호의 디지털콘텐츠의 제공이 개시된 경우. 다만, 가분적 용역 또는 가분적 디지털콘텐츠로 구성된 계약의 경우에는 제공이 개시되지 아니한 부분에 대하여는 그러하지 아니하다.
6. 그 밖에 거래의 안전을 위하여 대통령령으로 정하는 경우
③ 소비자는 제1항 및 제2항에도 불구하고 재화등의 내용이 표시ㆍ광고의 내용과 다르거나 계약내용과 다르게 이행된 경우에는 그 재화등을 공급받은 날부터 3개월 이내, 그 사실을 안 날 또는 알 수 있었던 날부터 30일 이내에 청약철회등을 할 수 있다.
④ 제1항 또는 제3항에 따른 청약철회등을 서면으로 하는 경우에는 그 의사표시가 적힌 서면을 발송한 날에 그 효력이 발생한다.
⑤ 제1항부터 제3항까지의 규정을 적용할 때 재화등의 훼손에 대하여 소비자의 책임이 있는지 여부, 재화등의 구매에 관한 계약이 체결된 사실 및 그 시기, 재화등의 공급사실 및 그 시기 등에 관하여 다툼이 있는 경우에는 통신판매업자가 이를 증명하여야 한다.
⑥ 통신판매업자는 제2항제2호부터 제5호까지의 규정에 따라 청약철회등이 불가능한 재화등의 경우에는 그 사실을 재화등의 포장이나 그 밖에 소비자가 쉽게 알 수 있는 곳에 명확하게 표시하거나 시험 사용 상품을 제공하는 등의 방법으로 청약철회등의 권리 행사가 방해받지 아니하도록 조치하여야 한다. 다만, 제2항제5호 중 디지털콘텐츠에 대하여 소비자가 청약철회등을 할 수 없는 경우에는 청약철회등이 불가능하다는 사실의 표시와 함께 대통령령으로 정하는 바에 따라 시험 사용 상품을 제공하는 등의 방법으로 청약철회등의 권리 행사가 방해받지 아니하도록 하여야 한다. <개정 2016.3.29>","법령명: 전자상거래 등에서의 소비자보호에 관한 법률
조문: 제17조 (청약철회등)
내용: 제17조(청약철회등)
① 통신판매업자와 재화등의 구매에 관한 계약을 체결한 소비자는 다음 각 호의 기간(거래당사자가 다음 각 호의 기간보다 긴 기간으로 약정한 경우에는 그 기간을 말한다) 이내에 해당 계약에 관한 청약철회등을 할 수 있다. <개정 2016.3.29>
1. 제13조제2항에 따른 계약내용에 관한 서면을 받은 날부터 7일. 다만, 그 서면을 받은 때보다 재화등의 공급이 늦게 이루어진 경우에는 재화등을 공급받거나 재화등의 공급이 시작된 날부터 7일
2. 제13조제2항에 따른 계약내용에 관한 서면을 받지 아니한 경우, 통신판매업자의 주소 등이 적혀 있지 아니한 서면을 받은 경우 또는 통신판매업자의 주소 변경 등의 사유로 제1호의 기간에 청약철회등을 할 수 없는 경우에는 통신판매업자의 주소를 안 날 또는 알 수 있었던 날부터 7일
3. 제21조제1항제1호 또는 제2호의 청약철회등에 대한 방해 행위가 있는 경우에는 그 방해 행위가 종료한 날부터 7일
② 소비자는 다음 각 호의 어느 하나에 해당하는 경우에는 통신판매업자의 의사에 반하여 제1항에 따른 청약철회등을 할 수 없다. 다만, 통신판매업자가 제6항에 따른 조치를 하지 아니하는 경우에는 제2호부터 제5호까지의 규정에 해당하는 경우에도 청약철회등을 할 수 있다. <개정 2016.3.29>
1. 소비자에게 책임이 있는 사유로 재화등이 멸실되거나 훼손된 경우. 다만, 재화등의 내용을 확인하기 위하여 포장 등을 훼손한 경우는 제외한다.
2. 소비자의 사용 또는 일부 소비로 재화등의 가치가 현저히 감소한 경우
3. 시간이 지나 다시 판매하기 곤란할 정도로 재화등의 가치가 현저히 감소한 경우
4. 복제가 가능한 재화등의 포장을 훼손한 경우
5. 용역 또는 「문화산업진흥 기본법」 제2조제5호의 디지털콘텐츠의 제공이 개시된 경우. 다만, 가분적 용역 또는 가분적 디지털콘텐츠로 구성된 계약의 경우에는 제공이 개시되지 아니한 부분에 대하여는 그러하지 아니하다.
6. 그 밖에 거래의 안전을 위하여 대통령령으로 정하는 경우
③ 소비자는 제1항 및 제2항에도 불구하고 재화등의 내용이 표시ㆍ광고의 내용과 다르거나 계약내용과 다르게 이행된 경우에는 그 재화등을 공급받은 날부터 3개월 이내, 그 사실을 안 날 또는 알 수 있었던 날부터 30일 이내에 청약철회등을 할 수 있다.
④ 제1항 또는 제3항에 따른 청약철회등을 서면으로 하는 경우에는 그 의사표시가 적힌 서면을 발송한 날에 그 효력이 발생한다.
⑤ 제1항부터 제3항까지의 규정을 적용할 때 재화등의 훼손에 대하여 소비자의 책임이 있는지 여부, 재화등의 구매에 관한 계약이 체결된 사실 및 그 시기, 재화등의 공급사실 및 그 시기 등에 관하여 다툼이 있는 경우에는 통신판매업자가 이를 증명하여야 한다.
⑥ 통신판매업자는 제2항제2호부터 제5호까지의 규정에 따라 청약철회등이 불가능한 재화등의 경우에는 그 사실을 재화등의 포장이나 그 밖에 소비자가 쉽게 알 수 있는 곳에 명확하게 표시하거나 시험 사용 상품을 제공하는 등의 방법으로 청약철회등의 권리 행사가 방해받지 아니하도록 조치하여야 한다. 다만, 제2항제5호 중 디지털콘텐츠에 대하여 소비자가 청약철회등을 할 수 없는 경우에는 청약철회등이 불가능하다는 사실의 표시와 함께 대통령령으로 정하는 바에 따라 시험 사용 상품을 제공하는 등의 방법으로 청약철회등의 권리 행사가 방해받지 아니하도록 하여야 한다. <개정 2016.3.29>",https://www.law.go.kr/법령/전자상거래 등에서의 소비자보호에 관한 법률
009318,전자상거래 등에서의 소비자보호에 관한 법률,법률,공정거래위원회,20260721,20260120,18,,청약철회등의 효과,제18조(청약철회등의 효과),"① 소비자는 제17조제1항 또는 제3항에 따라 청약철회등을 한 경우에는 이미 공급받은 재화등을 반환하여야 한다. 다만, 이미 공급받은 재화등이 용역 또는 디지털콘텐츠인 경우에는 그러하지 아니하다. <개정 2016.3.29>
② 통신판매업자(소비자로부터 재화등의 대금을 받은 자 또는 소비자와 통신판매에 관한 계약을 체결한 자를 포함한다. 이하 제2항부터 제10항까지의 규정에서 같다)는 다음 각 호의 어느 하나에 해당하는 날부터 3영업일 이내에 이미 지급받은 재화등의 대금을 환급하여야 한다. 이 경우 통신판매업자가 소비자에게 재화등의 대금 환급을 지연한 때에는 그 지연기간에 대하여 연 100분의 40 이내의 범위에서 「은행법」에 따른 은행이 적용하는 연체금리 등 경제사정을 고려하여 대통령령으로 정하는 이율을 곱하여 산정한 지연이자(이하 ""지연배상금""이라 한다)를 지급하여야 한다. <개정 2016.3.29>
1. 통신판매업자가 재화를 공급한 경우에는 제1항 본문에 따라 재화를 반환받은 날
2. 통신판매업자가 용역 또는 디지털콘텐츠를 공급한 경우에는 제17조제1항 또는 제3항에 따라 청약철회등을 한 날
3. 통신판매업자가 재화등을 공급하지 아니한 경우에는 제17조제1항 또는 제3항에 따라 청약철회등을 한 날
③ 통신판매업자는 제1항 및 제2항에 따라 재화등의 대금을 환급할 때 소비자가 「여신전문금융업법」 제2조제3호에 따른 신용카드나 그 밖에 대통령령으로 정하는 결제수단으로 재화등의 대금을 지급한 경우에는 지체 없이 해당 결제수단을 제공한 사업자(이하 ""결제업자""라 한다)에게 재화등의 대금 청구를 정지하거나 취소하도록 요청하여야 한다. 다만, 통신판매업자가 결제업자로부터 해당 재화등의 대금을 이미 받은 때에는 지체 없이 그 대금을 결제업자에게 환급하고, 그 사실을 소비자에게 알려야 한다.
④ 제3항 단서에 따라 통신판매업자로부터 재화등의 대금을 환급받은 결제업자는 그 환급받은 금액을 지체 없이 소비자에게 환급하거나 환급에 필요한 조치를 하여야 한다.
⑤ 제3항 단서에 해당하는 통신판매업자 중 환급을 지연하여 소비자가 대금을 결제하게 한 통신판매업자는 그 지연기간에 대한 지연배상금을 소비자에게 지급하여야 한다.
⑥ 소비자는 통신판매업자가 제3항 단서에도 불구하고 정당한 사유 없이 결제업자에게 대금을 환급하지 아니하는 경우에는 결제업자에게 그 통신판매업자에 대한 다른 채무와 통신판매업자로부터 환급받을 금액을 상계(相計)할 것을 요청할 수 있다. 이 경우 결제업자는 대통령령으로 정하는 바에 따라 그 통신판매업자에 대한 다른 채무와 상계할 수 있다.
⑦ 소비자는 결제업자가 제6항에 따른 상계를 정당한 사유 없이 게을리한 경우에는 결제업자에 대하여 대금의 결제를 거부할 수 있다. 이 경우 통신판매업자와 결제업자는 그 결제 거부를 이유로 그 소비자를 약정한 기일까지 채무를 변제하지 아니한 자로 처리하는 등 소비자에게 불이익을 주는 행위를 하여서는 아니 된다.
⑧ 제1항의 경우 통신판매업자는 이미 재화등이 일부 사용되거나 일부 소비된 경우에는 그 재화등의 일부 사용 또는 일부 소비에 의하여 소비자가 얻은 이익 또는 그 재화등의 공급에 든 비용에 상당하는 금액으로서 대통령령으로 정하는 범위의 금액을 소비자에게 청구할 수 있다.
⑨ 제17조제1항에 따른 청약철회등의 경우 공급받은 재화등의 반환에 필요한 비용은 소비자가 부담하며, 통신판매업자는 소비자에게 청약철회등을 이유로 위약금이나 손해배상을 청구할 수 없다.
⑩ 제17조제3항에 따른 청약철회등의 경우 재화등의 반환에 필요한 비용은 통신판매업자가 부담한다.
⑪ 통신판매업자, 재화등의 대금을 받은 자 또는 소비자와 통신판매에 관한 계약을 체결한 자가 동일인이 아닌 경우에 이들은 제17조제1항 및 제3항에 따른 청약철회등에 의한 제1항부터 제7항까지의 규정에 따른 재화등의 대금 환급과 관련한 의무의 이행에 대하여 연대하여 책임을 진다.","제18조(청약철회등의 효과)
① 소비자는 제17조제1항 또는 제3항에 따라 청약철회등을 한 경우에는 이미 공급받은 재화등을 반환하여야 한다. 다만, 이미 공급받은 재화등이 용역 또는 디지털콘텐츠인 경우에는 그러하지 아니하다. <개정 2016.3.29>
② 통신판매업자(소비자로부터 재화등의 대금을 받은 자 또는 소비자와 통신판매에 관한 계약을 체결한 자를 포함한다. 이하 제2항부터 제10항까지의 규정에서 같다)는 다음 각 호의 어느 하나에 해당하는 날부터 3영업일 이내에 이미 지급받은 재화등의 대금을 환급하여야 한다. 이 경우 통신판매업자가 소비자에게 재화등의 대금 환급을 지연한 때에는 그 지연기간에 대하여 연 100분의 40 이내의 범위에서 「은행법」에 따른 은행이 적용하는 연체금리 등 경제사정을 고려하여 대통령령으로 정하는 이율을 곱하여 산정한 지연이자(이하 ""지연배상금""이라 한다)를 지급하여야 한다. <개정 2016.3.29>
1. 통신판매업자가 재화를 공급한 경우에는 제1항 본문에 따라 재화를 반환받은 날
2. 통신판매업자가 용역 또는 디지털콘텐츠를 공급한 경우에는 제17조제1항 또는 제3항에 따라 청약철회등을 한 날
3. 통신판매업자가 재화등을 공급하지 아니한 경우에는 제17조제1항 또는 제3항에 따라 청약철회등을 한 날
③ 통신판매업자는 제1항 및 제2항에 따라 재화등의 대금을 환급할 때 소비자가 「여신전문금융업법」 제2조제3호에 따른 신용카드나 그 밖에 대통령령으로 정하는 결제수단으로 재화등의 대금을 지급한 경우에는 지체 없이 해당 결제수단을 제공한 사업자(이하 ""결제업자""라 한다)에게 재화등의 대금 청구를 정지하거나 취소하도록 요청하여야 한다. 다만, 통신판매업자가 결제업자로부터 해당 재화등의 대금을 이미 받은 때에는 지체 없이 그 대금을 결제업자에게 환급하고, 그 사실을 소비자에게 알려야 한다.
④ 제3항 단서에 따라 통신판매업자로부터 재화등의 대금을 환급받은 결제업자는 그 환급받은 금액을 지체 없이 소비자에게 환급하거나 환급에 필요한 조치를 하여야 한다.
⑤ 제3항 단서에 해당하는 통신판매업자 중 환급을 지연하여 소비자가 대금을 결제하게 한 통신판매업자는 그 지연기간에 대한 지연배상금을 소비자에게 지급하여야 한다.
⑥ 소비자는 통신판매업자가 제3항 단서에도 불구하고 정당한 사유 없이 결제업자에게 대금을 환급하지 아니하는 경우에는 결제업자에게 그 통신판매업자에 대한 다른 채무와 통신판매업자로부터 환급받을 금액을 상계(相計)할 것을 요청할 수 있다. 이 경우 결제업자는 대통령령으로 정하는 바에 따라 그 통신판매업자에 대한 다른 채무와 상계할 수 있다.
⑦ 소비자는 결제업자가 제6항에 따른 상계를 정당한 사유 없이 게을리한 경우에는 결제업자에 대하여 대금의 결제를 거부할 수 있다. 이 경우 통신판매업자와 결제업자는 그 결제 거부를 이유로 그 소비자를 약정한 기일까지 채무를 변제하지 아니한 자로 처리하는 등 소비자에게 불이익을 주는 행위를 하여서는 아니 된다.
⑧ 제1항의 경우 통신판매업자는 이미 재화등이 일부 사용되거나 일부 소비된 경우에는 그 재화등의 일부 사용 또는 일부 소비에 의하여 소비자가 얻은 이익 또는 그 재화등의 공급에 든 비용에 상당하는 금액으로서 대통령령으로 정하는 범위의 금액을 소비자에게 청구할 수 있다.
⑨ 제17조제1항에 따른 청약철회등의 경우 공급받은 재화등의 반환에 필요한 비용은 소비자가 부담하며, 통신판매업자는 소비자에게 청약철회등을 이유로 위약금이나 손해배상을 청구할 수 없다.
⑩ 제17조제3항에 따른 청약철회등의 경우 재화등의 반환에 필요한 비용은 통신판매업자가 부담한다.
⑪ 통신판매업자, 재화등의 대금을 받은 자 또는 소비자와 통신판매에 관한 계약을 체결한 자가 동일인이 아닌 경우에 이들은 제17조제1항 및 제3항에 따른 청약철회등에 의한 제1항부터 제7항까지의 규정에 따른 재화등의 대금 환급과 관련한 의무의 이행에 대하여 연대하여 책임을 진다.","법령명: 전자상거래 등에서의 소비자보호에 관한 법률
조문: 제18조 (청약철회등의 효과)
내용: 제18조(청약철회등의 효과)
① 소비자는 제17조제1항 또는 제3항에 따라 청약철회등을 한 경우에는 이미 공급받은 재화등을 반환하여야 한다. 다만, 이미 공급받은 재화등이 용역 또는 디지털콘텐츠인 경우에는 그러하지 아니하다. <개정 2016.3.29>
② 통신판매업자(소비자로부터 재화등의 대금을 받은 자 또는 소비자와 통신판매에 관한 계약을 체결한 자를 포함한다. 이하 제2항부터 제10항까지의 규정에서 같다)는 다음 각 호의 어느 하나에 해당하는 날부터 3영업일 이내에 이미 지급받은 재화등의 대금을 환급하여야 한다. 이 경우 통신판매업자가 소비자에게 재화등의 대금 환급을 지연한 때에는 그 지연기간에 대하여 연 100분의 40 이내의 범위에서 「은행법」에 따른 은행이 적용하는 연체금리 등 경제사정을 고려하여 대통령령으로 정하는 이율을 곱하여 산정한 지연이자(이하 ""지연배상금""이라 한다)를 지급하여야 한다. <개정 2016.3.29>
1. 통신판매업자가 재화를 공급한 경우에는 제1항 본문에 따라 재화를 반환받은 날
2. 통신판매업자가 용역 또는 디지털콘텐츠를 공급한 경우에는 제17조제1항 또는 제3항에 따라 청약철회등을 한 날
3. 통신판매업자가 재화등을 공급하지 아니한 경우에는 제17조제1항 또는 제3항에 따라 청약철회등을 한 날
③ 통신판매업자는 제1항 및 제2항에 따라 재화등의 대금을 환급할 때 소비자가 「여신전문금융업법」 제2조제3호에 따른 신용카드나 그 밖에 대통령령으로 정하는 결제수단으로 재화등의 대금을 지급한 경우에는 지체 없이 해당 결제수단을 제공한 사업자(이하 ""결제업자""라 한다)에게 재화등의 대금 청구를 정지하거나 취소하도록 요청하여야 한다. 다만, 통신판매업자가 결제업자로부터 해당 재화등의 대금을 이미 받은 때에는 지체 없이 그 대금을 결제업자에게 환급하고, 그 사실을 소비자에게 알려야 한다.
④ 제3항 단서에 따라 통신판매업자로부터 재화등의 대금을 환급받은 결제업자는 그 환급받은 금액을 지체 없이 소비자에게 환급하거나 환급에 필요한 조치를 하여야 한다.
⑤ 제3항 단서에 해당하는 통신판매업자 중 환급을 지연하여 소비자가 대금을 결제하게 한 통신판매업자는 그 지연기간에 대한 지연배상금을 소비자에게 지급하여야 한다.
⑥ 소비자는 통신판매업자가 제3항 단서에도 불구하고 정당한 사유 없이 결제업자에게 대금을 환급하지 아니하는 경우에는 결제업자에게 그 통신판매업자에 대한 다른 채무와 통신판매업자로부터 환급받을 금액을 상계(相計)할 것을 요청할 수 있다. 이 경우 결제업자는 대통령령으로 정하는 바에 따라 그 통신판매업자에 대한 다른 채무와 상계할 수 있다.
⑦ 소비자는 결제업자가 제6항에 따른 상계를 정당한 사유 없이 게을리한 경우에는 결제업자에 대하여 대금의 결제를 거부할 수 있다. 이 경우 통신판매업자와 결제업자는 그 결제 거부를 이유로 그 소비자를 약정한 기일까지 채무를 변제하지 아니한 자로 처리하는 등 소비자에게 불이익을 주는 행위를 하여서는 아니 된다.
⑧ 제1항의 경우 통신판매업자는 이미 재화등이 일부 사용되거나 일부 소비된 경우에는 그 재화등의 일부 사용 또는 일부 소비에 의하여 소비자가 얻은 이익 또는 그 재화등의 공급에 든 비용에 상당하는 금액으로서 대통령령으로 정하는 범위의 금액을 소비자에게 청구할 수 있다.
⑨ 제17조제1항에 따른 청약철회등의 경우 공급받은 재화등의 반환에 필요한 비용은 소비자가 부담하며, 통신판매업자는 소비자에게 청약철회등을 이유로 위약금이나 손해배상을 청구할 수 없다.
⑩ 제17조제3항에 따른 청약철회등의 경우 재화등의 반환에 필요한 비용은 통신판매업자가 부담한다.
⑪ 통신판매업자, 재화등의 대금을 받은 자 또는 소비자와 통신판매에 관한 계약을 체결한 자가 동일인이 아닌 경우에 이들은 제17조제1항 및 제3항에 따른 청약철회등에 의한 제1항부터 제7항까지의 규정에 따른 재화등의 대금 환급과 관련한 의무의 이행에 대하여 연대하여 책임을 진다.",https://www.law.go.kr/법령/전자상거래 등에서의 소비자보호에 관한 법률
009318,전자상거래 등에서의 소비자보호에 관한 법률,법률,공정거래위원회,20260721,20260120,19,,손해배상청구금액의 제한 등,제19조(손해배상청구금액의 제한 등),"① 소비자에게 책임이 있는 사유로 재화등의 판매에 관한 계약이 해제된 경우 통신판매업자가 소비자에게 청구하는 손해배상액은 다음 각 호의 구분에 따라 정한 금액에 대금미납에 따른 지연배상금을 더한 금액을 초과할 수 없다.
1. 공급한 재화등이 반환된 경우: 다음 각 목의 금액 중 큰 금액
가. 반환된 재화등의 통상 사용료 또는 그 사용으로 통상 얻을 수 있는 이익에 해당하는 금액
나. 반환된 재화등의 판매가액(販賣價額)에서 그 재화등이 반환된 당시의 가액을 뺀 금액
2. 공급한 재화등이 반환되지 아니한 경우: 그 재화등의 판매가액에 해당하는 금액
② 공정거래위원회는 통신판매업자와 소비자 간의 손해배상청구에 따른 분쟁의 원활한 해결을 위하여 필요하면 제1항에 따른 손해배상액을 산정하기 위한 기준을 정하여 고시할 수 있다.","제19조(손해배상청구금액의 제한 등)
① 소비자에게 책임이 있는 사유로 재화등의 판매에 관한 계약이 해제된 경우 통신판매업자가 소비자에게 청구하는 손해배상액은 다음 각 호의 구분에 따라 정한 금액에 대금미납에 따른 지연배상금을 더한 금액을 초과할 수 없다.
1. 공급한 재화등이 반환된 경우: 다음 각 목의 금액 중 큰 금액
가. 반환된 재화등의 통상 사용료 또는 그 사용으로 통상 얻을 수 있는 이익에 해당하는 금액
나. 반환된 재화등의 판매가액(販賣價額)에서 그 재화등이 반환된 당시의 가액을 뺀 금액
2. 공급한 재화등이 반환되지 아니한 경우: 그 재화등의 판매가액에 해당하는 금액
② 공정거래위원회는 통신판매업자와 소비자 간의 손해배상청구에 따른 분쟁의 원활한 해결을 위하여 필요하면 제1항에 따른 손해배상액을 산정하기 위한 기준을 정하여 고시할 수 있다.","법령명: 전자상거래 등에서의 소비자보호에 관한 법률
조문: 제19조 (손해배상청구금액의 제한 등)
내용: 제19조(손해배상청구금액의 제한 등)
① 소비자에게 책임이 있는 사유로 재화등의 판매에 관한 계약이 해제된 경우 통신판매업자가 소비자에게 청구하는 손해배상액은 다음 각 호의 구분에 따라 정한 금액에 대금미납에 따른 지연배상금을 더한 금액을 초과할 수 없다.
1. 공급한 재화등이 반환된 경우: 다음 각 목의 금액 중 큰 금액
가. 반환된 재화등의 통상 사용료 또는 그 사용으로 통상 얻을 수 있는 이익에 해당하는 금액
나. 반환된 재화등의 판매가액(販賣價額)에서 그 재화등이 반환된 당시의 가액을 뺀 금액
2. 공급한 재화등이 반환되지 아니한 경우: 그 재화등의 판매가액에 해당하는 금액
② 공정거래위원회는 통신판매업자와 소비자 간의 손해배상청구에 따른 분쟁의 원활한 해결을 위하여 필요하면 제1항에 따른 손해배상액을 산정하기 위한 기준을 정하여 고시할 수 있다.",https://www.law.go.kr/법령/전자상거래 등에서의 소비자보호에 관한 법률
009318,전자상거래 등에서의 소비자보호에 관한 법률,법률,공정거래위원회,20260721,20260120,20,,통신판매중개자의 의무와 책임,제20조(통신판매중개자의 의무와 책임),"① 통신판매중개를 하는 자(이하 ""통신판매중개자""라 한다)는 자신이 통신판매의 당사자가 아니라는 사실을 소비자가 쉽게 알 수 있도록 총리령으로 정하는 방법으로 미리 고지하여야 한다. <개정 2016.3.29>
② 통신판매중개를 업으로 하는 자(이하 ""통신판매중개업자""라 한다)는 통신판매중개를 의뢰한 자(이하 ""통신판매중개의뢰자""라 한다)가 사업자인 경우에는 그 성명(사업자가 법인인 경우에는 그 명칭과 대표자의 성명)ㆍ주소ㆍ전화번호 등 대통령령으로 정하는 신원정보를 확인하여 청약이 이루어지기 전까지 소비자에게 제공하여야 한다. <개정 2016.3.29, 2026.1.20>
③ 통신판매중개자는 사이버몰 등을 이용함으로써 발생하는 불만이나 분쟁의 해결을 위하여 그 원인 및 피해의 파악 등 필요한 조치를 신속히 시행하여야 한다. 이 경우 필요한 조치의 구체적인 내용과 방법 등은 대통령령으로 정한다.","제20조(통신판매중개자의 의무와 책임)
① 통신판매중개를 하는 자(이하 ""통신판매중개자""라 한다)는 자신이 통신판매의 당사자가 아니라는 사실을 소비자가 쉽게 알 수 있도록 총리령으로 정하는 방법으로 미리 고지하여야 한다. <개정 2016.3.29>
② 통신판매중개를 업으로 하는 자(이하 ""통신판매중개업자""라 한다)는 통신판매중개를 의뢰한 자(이하 ""통신판매중개의뢰자""라 한다)가 사업자인 경우에는 그 성명(사업자가 법인인 경우에는 그 명칭과 대표자의 성명)ㆍ주소ㆍ전화번호 등 대통령령으로 정하는 신원정보를 확인하여 청약이 이루어지기 전까지 소비자에게 제공하여야 한다. <개정 2016.3.29, 2026.1.20>
③ 통신판매중개자는 사이버몰 등을 이용함으로써 발생하는 불만이나 분쟁의 해결을 위하여 그 원인 및 피해의 파악 등 필요한 조치를 신속히 시행하여야 한다. 이 경우 필요한 조치의 구체적인 내용과 방법 등은 대통령령으로 정한다.","법령명: 전자상거래 등에서의 소비자보호에 관한 법률
조문: 제20조 (통신판매중개자의 의무와 책임)
내용: 제20조(통신판매중개자의 의무와 책임)
① 통신판매중개를 하는 자(이하 ""통신판매중개자""라 한다)는 자신이 통신판매의 당사자가 아니라는 사실을 소비자가 쉽게 알 수 있도록 총리령으로 정하는 방법으로 미리 고지하여야 한다. <개정 2016.3.29>
② 통신판매중개를 업으로 하는 자(이하 ""통신판매중개업자""라 한다)는 통신판매중개를 의뢰한 자(이하 ""통신판매중개의뢰자""라 한다)가 사업자인 경우에는 그 성명(사업자가 법인인 경우에는 그 명칭과 대표자의 성명)ㆍ주소ㆍ전화번호 등 대통령령으로 정하는 신원정보를 확인하여 청약이 이루어지기 전까지 소비자에게 제공하여야 한다. <개정 2016.3.29, 2026.1.20>
③ 통신판매중개자는 사이버몰 등을 이용함으로써 발생하는 불만이나 분쟁의 해결을 위하여 그 원인 및 피해의 파악 등 필요한 조치를 신속히 시행하여야 한다. 이 경우 필요한 조치의 구체적인 내용과 방법 등은 대통령령으로 정한다.",https://www.law.go.kr/법령/전자상거래 등에서의 소비자보호에 관한 법률
009318,전자상거래 등에서의 소비자보호에 관한 법률,법률,공정거래위원회,20260721,20260120,20,2,통신판매중개자 및 통신판매중개의뢰자의 책임,제20조의2(통신판매중개자 및 통신판매중개의뢰자의 책임),"① 통신판매중개자는 제20조제1항의 고지를 하지 아니한 경우 통신판매중개의뢰자의 고의 또는 과실로 소비자에게 발생한 재산상 손해에 대하여 통신판매중개의뢰자와 연대하여 배상할 책임을 진다.
② 통신판매중개자는 제20조제2항에 따라 소비자에게 신원정보를 제공하지 아니하거나 제공한 신원정보가 사실과 달라 소비자에게 발생한 재산상 손해에 대하여 통신판매중개의뢰자와 연대하여 배상할 책임을 진다. 다만, 소비자에게 피해가 가지 아니하도록 상당한 주의를 기울인 경우에는 그러하지 아니하다. <개정 2026.1.20>
③ 제20조제1항에 따른 고지에도 불구하고 통신판매업자인 통신판매중개자는 제12조부터 제15조까지, 제17조 및 제18조에 따른 통신판매업자의 책임을 면하지 못한다. 다만, 통신판매업자의 의뢰를 받아 통신판매를 중개하는 경우 통신판매중개의뢰자가 책임을 지는 것으로 약정하여 소비자에게 고지한 부분에 대하여는 통신판매중개의뢰자가 책임을 진다.
④ 통신판매중개의뢰자(사업자의 경우에 한정한다)는 통신판매중개자의 고의 또는 과실로 소비자에게 발생한 재산상 손해에 대하여 통신판매중개자의 행위라는 이유로 면책되지 아니한다. 다만, 소비자에게 피해가 가지 아니하도록 상당한 주의를 기울인 경우에는 그러하지 아니하다.","제20조의2(통신판매중개자 및 통신판매중개의뢰자의 책임)
① 통신판매중개자는 제20조제1항의 고지를 하지 아니한 경우 통신판매중개의뢰자의 고의 또는 과실로 소비자에게 발생한 재산상 손해에 대하여 통신판매중개의뢰자와 연대하여 배상할 책임을 진다.
② 통신판매중개자는 제20조제2항에 따라 소비자에게 신원정보를 제공하지 아니하거나 제공한 신원정보가 사실과 달라 소비자에게 발생한 재산상 손해에 대하여 통신판매중개의뢰자와 연대하여 배상할 책임을 진다. 다만, 소비자에게 피해가 가지 아니하도록 상당한 주의를 기울인 경우에는 그러하지 아니하다. <개정 2026.1.20>
③ 제20조제1항에 따른 고지에도 불구하고 통신판매업자인 통신판매중개자는 제12조부터 제15조까지, 제17조 및 제18조에 따른 통신판매업자의 책임을 면하지 못한다. 다만, 통신판매업자의 의뢰를 받아 통신판매를 중개하는 경우 통신판매중개의뢰자가 책임을 지는 것으로 약정하여 소비자에게 고지한 부분에 대하여는 통신판매중개의뢰자가 책임을 진다.
④ 통신판매중개의뢰자(사업자의 경우에 한정한다)는 통신판매중개자의 고의 또는 과실로 소비자에게 발생한 재산상 손해에 대하여 통신판매중개자의 행위라는 이유로 면책되지 아니한다. 다만, 소비자에게 피해가 가지 아니하도록 상당한 주의를 기울인 경우에는 그러하지 아니하다.","법령명: 전자상거래 등에서의 소비자보호에 관한 법률
조문: 제20조의2 (통신판매중개자 및 통신판매중개의뢰자의 책임)
내용: 제20조의2(통신판매중개자 및 통신판매중개의뢰자의 책임)
① 통신판매중개자는 제20조제1항의 고지를 하지 아니한 경우 통신판매중개의뢰자의 고의 또는 과실로 소비자에게 발생한 재산상 손해에 대하여 통신판매중개의뢰자와 연대하여 배상할 책임을 진다.
② 통신판매중개자는 제20조제2항에 따라 소비자에게 신원정보를 제공하지 아니하거나 제공한 신원정보가 사실과 달라 소비자에게 발생한 재산상 손해에 대하여 통신판매중개의뢰자와 연대하여 배상할 책임을 진다. 다만, 소비자에게 피해가 가지 아니하도록 상당한 주의를 기울인 경우에는 그러하지 아니하다. <개정 2026.1.20>
③ 제20조제1항에 따른 고지에도 불구하고 통신판매업자인 통신판매중개자는 제12조부터 제15조까지, 제17조 및 제18조에 따른 통신판매업자의 책임을 면하지 못한다. 다만, 통신판매업자의 의뢰를 받아 통신판매를 중개하는 경우 통신판매중개의뢰자가 책임을 지는 것으로 약정하여 소비자에게 고지한 부분에 대하여는 통신판매중개의뢰자가 책임을 진다.
④ 통신판매중개의뢰자(사업자의 경우에 한정한다)는 통신판매중개자의 고의 또는 과실로 소비자에게 발생한 재산상 손해에 대하여 통신판매중개자의 행위라는 이유로 면책되지 아니한다. 다만, 소비자에게 피해가 가지 아니하도록 상당한 주의를 기울인 경우에는 그러하지 아니하다.",https://www.law.go.kr/법령/전자상거래 등에서의 소비자보호에 관한 법률
009318,전자상거래 등에서의 소비자보호에 관한 법률,법률,공정거래위원회,20260721,20260120,20,3,통신판매의 중요한 일부 업무를 수행하는 통신판매중개업자의 책임,"제20조의3(통신판매의 중요한 일부 업무를 수행하는 통신판매중개업자의 책임) 통신판매에 관한 거래과정에서 다음 각 호의 업무를 수행하는 통신판매중개업자는 통신판매업자가 해당 각 호의 각 목에 따른 의무를 이행하지 아니하는 경우에는 이를 대신하여 이행하여야 한다. 이 경우 제7조 및 제8조의 ""사업자""와 제13조제2항제5호 및 제14조제1항의 ""통신판매업자""는 ""통신판매중개업자""로 본다.","1. 통신판매중개업자가 청약의 접수를 받는 경우
가. 제13조제2항제5호에 따른 정보의 제공
나. 제14조제1항에 따른 청약의 확인
다. 그 밖에 소비자피해를 방지하기 위하여 필요한 사항으로서 대통령령으로 정하는 사항
2. 통신판매중개업자가 재화등의 대금을 지급받는 경우
가. 제7조에 따른 조작 실수 등의 방지
나. 제8조에 따른 전자적 대금지급의 신뢰 확보
다. 그 밖에 소비자피해를 방지하기 위하여 필요한 사항으로서 대통령령으로 정하는 사항","제20조의3(통신판매의 중요한 일부 업무를 수행하는 통신판매중개업자의 책임) 통신판매에 관한 거래과정에서 다음 각 호의 업무를 수행하는 통신판매중개업자는 통신판매업자가 해당 각 호의 각 목에 따른 의무를 이행하지 아니하는 경우에는 이를 대신하여 이행하여야 한다. 이 경우 제7조 및 제8조의 ""사업자""와 제13조제2항제5호 및 제14조제1항의 ""통신판매업자""는 ""통신판매중개업자""로 본다.
1. 통신판매중개업자가 청약의 접수를 받는 경우
가. 제13조제2항제5호에 따른 정보의 제공
나. 제14조제1항에 따른 청약의 확인
다. 그 밖에 소비자피해를 방지하기 위하여 필요한 사항으로서 대통령령으로 정하는 사항
2. 통신판매중개업자가 재화등의 대금을 지급받는 경우
가. 제7조에 따른 조작 실수 등의 방지
나. 제8조에 따른 전자적 대금지급의 신뢰 확보
다. 그 밖에 소비자피해를 방지하기 위하여 필요한 사항으로서 대통령령으로 정하는 사항","법령명: 전자상거래 등에서의 소비자보호에 관한 법률
조문: 제20조의3 (통신판매의 중요한 일부 업무를 수행하는 통신판매중개업자의 책임)
내용: 제20조의3(통신판매의 중요한 일부 업무를 수행하는 통신판매중개업자의 책임) 통신판매에 관한 거래과정에서 다음 각 호의 업무를 수행하는 통신판매중개업자는 통신판매업자가 해당 각 호의 각 목에 따른 의무를 이행하지 아니하는 경우에는 이를 대신하여 이행하여야 한다. 이 경우 제7조 및 제8조의 ""사업자""와 제13조제2항제5호 및 제14조제1항의 ""통신판매업자""는 ""통신판매중개업자""로 본다.
1. 통신판매중개업자가 청약의 접수를 받는 경우
가. 제13조제2항제5호에 따른 정보의 제공
나. 제14조제1항에 따른 청약의 확인
다. 그 밖에 소비자피해를 방지하기 위하여 필요한 사항으로서 대통령령으로 정하는 사항
2. 통신판매중개업자가 재화등의 대금을 지급받는 경우
가. 제7조에 따른 조작 실수 등의 방지
나. 제8조에 따른 전자적 대금지급의 신뢰 확보
다. 그 밖에 소비자피해를 방지하기 위하여 필요한 사항으로서 대통령령으로 정하는 사항",https://www.law.go.kr/법령/전자상거래 등에서의 소비자보호에 관한 법률
009318,전자상거래 등에서의 소비자보호에 관한 법률,법률,공정거래위원회,20260721,20260120,20,4,개인 간 거래에 관한 통신판매중개업자의 의무와 책임,제20조의4(개인 간 거래에 관한 통신판매중개업자의 의무와 책임),"① 통신판매중개업자는 통신판매중개의뢰자가 사업자가 아닌 개인(이하 ""개인 판매자""라 한다)인 거래(이하 ""개인 간 거래""라 한다)의 경우 그 개인 판매자의 전화번호 등 대통령령으로 정하는 신원정보를 확인하여야 한다.
② 통신판매중개업자는 개인 판매자와 거래 상대방(제2조제5호에도 불구하고 이 조에 한정하여 소비자로 보며, 이하 이 조에서 ""소비자""라 한다) 사이에 분쟁이 발생한 경우 다음 각 호의 어느 하나에 해당하는 자의 요청이 있으면 제1항에 따라 확인한 개인 판매자의 신원정보와 거래내역을 제공하여 그 분쟁의 해결에 협조하여야 한다.
1. 제33조에 따른 소비자피해 분쟁조정기구
2. 법원(재판상 필요에 의하여 「민사소송법」 제294조에 따라 통신판매중개업자에게 개인 판매자의 신원정보를 요청하는 경우를 말한다)
3. 소비자(개인 판매자가 통신판매중개업자에게 소비자에 대한 신원정보 제공에 동의한 경우에 한정한다)
③ 통신판매중개업자는 개인 간 거래에 관하여 다음 각 호의 사항을 이행하여야 한다.
1. 제13조제2항제10호에 따른 결제대금예치를 이용할 수 있는 경우 개인 판매자 및 소비자에게 이를 알리고 그 이용을 권고할 것
2. 개인 판매자와 사업자인 통신판매중개의뢰자가 혼재되어 있는 경우 적절한 방법으로 각각을 구분하여 표시할 것","제20조의4(개인 간 거래에 관한 통신판매중개업자의 의무와 책임)
① 통신판매중개업자는 통신판매중개의뢰자가 사업자가 아닌 개인(이하 ""개인 판매자""라 한다)인 거래(이하 ""개인 간 거래""라 한다)의 경우 그 개인 판매자의 전화번호 등 대통령령으로 정하는 신원정보를 확인하여야 한다.
② 통신판매중개업자는 개인 판매자와 거래 상대방(제2조제5호에도 불구하고 이 조에 한정하여 소비자로 보며, 이하 이 조에서 ""소비자""라 한다) 사이에 분쟁이 발생한 경우 다음 각 호의 어느 하나에 해당하는 자의 요청이 있으면 제1항에 따라 확인한 개인 판매자의 신원정보와 거래내역을 제공하여 그 분쟁의 해결에 협조하여야 한다.
1. 제33조에 따른 소비자피해 분쟁조정기구
2. 법원(재판상 필요에 의하여 「민사소송법」 제294조에 따라 통신판매중개업자에게 개인 판매자의 신원정보를 요청하는 경우를 말한다)
3. 소비자(개인 판매자가 통신판매중개업자에게 소비자에 대한 신원정보 제공에 동의한 경우에 한정한다)
③ 통신판매중개업자는 개인 간 거래에 관하여 다음 각 호의 사항을 이행하여야 한다.
1. 제13조제2항제10호에 따른 결제대금예치를 이용할 수 있는 경우 개인 판매자 및 소비자에게 이를 알리고 그 이용을 권고할 것
2. 개인 판매자와 사업자인 통신판매중개의뢰자가 혼재되어 있는 경우 적절한 방법으로 각각을 구분하여 표시할 것","법령명: 전자상거래 등에서의 소비자보호에 관한 법률
조문: 제20조의4 (개인 간 거래에 관한 통신판매중개업자의 의무와 책임)
내용: 제20조의4(개인 간 거래에 관한 통신판매중개업자의 의무와 책임)
① 통신판매중개업자는 통신판매중개의뢰자가 사업자가 아닌 개인(이하 ""개인 판매자""라 한다)인 거래(이하 ""개인 간 거래""라 한다)의 경우 그 개인 판매자의 전화번호 등 대통령령으로 정하는 신원정보를 확인하여야 한다.
② 통신판매중개업자는 개인 판매자와 거래 상대방(제2조제5호에도 불구하고 이 조에 한정하여 소비자로 보며, 이하 이 조에서 ""소비자""라 한다) 사이에 분쟁이 발생한 경우 다음 각 호의 어느 하나에 해당하는 자의 요청이 있으면 제1항에 따라 확인한 개인 판매자의 신원정보와 거래내역을 제공하여 그 분쟁의 해결에 협조하여야 한다.
1. 제33조에 따른 소비자피해 분쟁조정기구
2. 법원(재판상 필요에 의하여 「민사소송법」 제294조에 따라 통신판매중개업자에게 개인 판매자의 신원정보를 요청하는 경우를 말한다)
3. 소비자(개인 판매자가 통신판매중개업자에게 소비자에 대한 신원정보 제공에 동의한 경우에 한정한다)
③ 통신판매중개업자는 개인 간 거래에 관하여 다음 각 호의 사항을 이행하여야 한다.
1. 제13조제2항제10호에 따른 결제대금예치를 이용할 수 있는 경우 개인 판매자 및 소비자에게 이를 알리고 그 이용을 권고할 것
2. 개인 판매자와 사업자인 통신판매중개의뢰자가 혼재되어 있는 경우 적절한 방법으로 각각을 구분하여 표시할 것",https://www.law.go.kr/법령/전자상거래 등에서의 소비자보호에 관한 법률
009318,전자상거래 등에서의 소비자보호에 관한 법률,법률,공정거래위원회,20260721,20260120,20,5,국내대리인의 지정,제20조의5(국내대리인의 지정),"① 국내에 주소 또는 영업소가 없는 통신판매업자 또는 통신판매중개자(이하 ""통신판매업자등""이라 한다)로서 매출액, 소비자 규모 등을 고려하여 대통령령으로 정하는 기준에 해당하는 자는 다음 각 호의 구분에 따른 사항을 대리하는 자(이하 ""국내대리인""이라 한다)를 서면으로 지정하여야 한다.
1. 통신판매업자의 경우: 다음 각 목의 사항
가. 제13조제5항에 따른 거래조건(같은 조 제2항제8호의 사항에 관한 거래조건으로 한정한다)의 이행
나. 제39조제2항에 따라 준용되는 「독점규제 및 공정거래에 관한 법률」 제81조제1항제3호에 따른 처분의 이행
2. 통신판매중개자의 경우: 다음 각 목의 사항
가. 제20조제3항에 따른 소비자 불만이나 분쟁의 해결을 위하여 필요한 조치
나. 제1호나목의 사항
② 국내대리인은 국내에 주소 또는 영업소가 있는 자로 한다. 이 경우 다음 각 호의 어느 하나에 해당하는 법인이 있는 통신판매업자등은 그 법인 중에서 국내대리인을 지정하여야 한다.
1. 해당 통신판매업자등이 설립한 국내 법인
2. 해당 통신판매업자등이 임원 구성, 사업 운영 등에 대하여 지배적인 영향력을 행사하는 국내 법인
③ 제1항에 따라 국내대리인을 지정한 통신판매업자등은 다음 각 호의 사항을 모두 공정거래위원회에 제출한 후 통신판매업자등의 인터넷 홈페이지 등에 공개하여야 한다. 국내대리인을 변경한 경우에도 또한 같다.
1. 국내대리인의 성명(법인인 경우에는 그 명칭 및 대표자의 성명을 말한다)
2. 국내대리인의 주소(법인인 경우에는 영업소 소재지를 말한다), 전화번호 및 전자우편 주소
④ 국내대리인이 제1항 각 호와 관련하여 이 법을 위반한 경우에는 해당 국내대리인을 지정한 통신판매업자등이 그 행위를 한 것으로 본다.
⑤ 국내대리인은 해당 국내대리인을 지정한 통신판매업자등과 유효한 연락수단을 확보하여야 한다.
⑥ 공정거래위원회는 통신판매업자등이 제1항에 따라 국내대리인을 지정하여야 하는 기준에 해당하는지 확인하기 위하여 해당 사업자에게 매출액, 소비자 규모 등 대통령령으로 정하는 사항에 관한 자료의 제출을 요구할 수 있다. 이 경우 자료의 제출을 요구받은 사업자는 정당한 사유가 없으면 이에 따라야 한다.
⑦ 제3항에 따른 제출 및 공개에 필요한 사항은 대통령령으로 정한다.","제20조의5(국내대리인의 지정)
① 국내에 주소 또는 영업소가 없는 통신판매업자 또는 통신판매중개자(이하 ""통신판매업자등""이라 한다)로서 매출액, 소비자 규모 등을 고려하여 대통령령으로 정하는 기준에 해당하는 자는 다음 각 호의 구분에 따른 사항을 대리하는 자(이하 ""국내대리인""이라 한다)를 서면으로 지정하여야 한다.
1. 통신판매업자의 경우: 다음 각 목의 사항
가. 제13조제5항에 따른 거래조건(같은 조 제2항제8호의 사항에 관한 거래조건으로 한정한다)의 이행
나. 제39조제2항에 따라 준용되는 「독점규제 및 공정거래에 관한 법률」 제81조제1항제3호에 따른 처분의 이행
2. 통신판매중개자의 경우: 다음 각 목의 사항
가. 제20조제3항에 따른 소비자 불만이나 분쟁의 해결을 위하여 필요한 조치
나. 제1호나목의 사항
② 국내대리인은 국내에 주소 또는 영업소가 있는 자로 한다. 이 경우 다음 각 호의 어느 하나에 해당하는 법인이 있는 통신판매업자등은 그 법인 중에서 국내대리인을 지정하여야 한다.
1. 해당 통신판매업자등이 설립한 국내 법인
2. 해당 통신판매업자등이 임원 구성, 사업 운영 등에 대하여 지배적인 영향력을 행사하는 국내 법인
③ 제1항에 따라 국내대리인을 지정한 통신판매업자등은 다음 각 호의 사항을 모두 공정거래위원회에 제출한 후 통신판매업자등의 인터넷 홈페이지 등에 공개하여야 한다. 국내대리인을 변경한 경우에도 또한 같다.
1. 국내대리인의 성명(법인인 경우에는 그 명칭 및 대표자의 성명을 말한다)
2. 국내대리인의 주소(법인인 경우에는 영업소 소재지를 말한다), 전화번호 및 전자우편 주소
④ 국내대리인이 제1항 각 호와 관련하여 이 법을 위반한 경우에는 해당 국내대리인을 지정한 통신판매업자등이 그 행위를 한 것으로 본다.
⑤ 국내대리인은 해당 국내대리인을 지정한 통신판매업자등과 유효한 연락수단을 확보하여야 한다.
⑥ 공정거래위원회는 통신판매업자등이 제1항에 따라 국내대리인을 지정하여야 하는 기준에 해당하는지 확인하기 위하여 해당 사업자에게 매출액, 소비자 규모 등 대통령령으로 정하는 사항에 관한 자료의 제출을 요구할 수 있다. 이 경우 자료의 제출을 요구받은 사업자는 정당한 사유가 없으면 이에 따라야 한다.
⑦ 제3항에 따른 제출 및 공개에 필요한 사항은 대통령령으로 정한다.","법령명: 전자상거래 등에서의 소비자보호에 관한 법률
조문: 제20조의5 (국내대리인의 지정)
내용: 제20조의5(국내대리인의 지정)
① 국내에 주소 또는 영업소가 없는 통신판매업자 또는 통신판매중개자(이하 ""통신판매업자등""이라 한다)로서 매출액, 소비자 규모 등을 고려하여 대통령령으로 정하는 기준에 해당하는 자는 다음 각 호의 구분에 따른 사항을 대리하는 자(이하 ""국내대리인""이라 한다)를 서면으로 지정하여야 한다.
1. 통신판매업자의 경우: 다음 각 목의 사항
가. 제13조제5항에 따른 거래조건(같은 조 제2항제8호의 사항에 관한 거래조건으로 한정한다)의 이행
나. 제39조제2항에 따라 준용되는 「독점규제 및 공정거래에 관한 법률」 제81조제1항제3호에 따른 처분의 이행
2. 통신판매중개자의 경우: 다음 각 목의 사항
가. 제20조제3항에 따른 소비자 불만이나 분쟁의 해결을 위하여 필요한 조치
나. 제1호나목의 사항
② 국내대리인은 국내에 주소 또는 영업소가 있는 자로 한다. 이 경우 다음 각 호의 어느 하나에 해당하는 법인이 있는 통신판매업자등은 그 법인 중에서 국내대리인을 지정하여야 한다.
1. 해당 통신판매업자등이 설립한 국내 법인
2. 해당 통신판매업자등이 임원 구성, 사업 운영 등에 대하여 지배적인 영향력을 행사하는 국내 법인
③ 제1항에 따라 국내대리인을 지정한 통신판매업자등은 다음 각 호의 사항을 모두 공정거래위원회에 제출한 후 통신판매업자등의 인터넷 홈페이지 등에 공개하여야 한다. 국내대리인을 변경한 경우에도 또한 같다.
1. 국내대리인의 성명(법인인 경우에는 그 명칭 및 대표자의 성명을 말한다)
2. 국내대리인의 주소(법인인 경우에는 영업소 소재지를 말한다), 전화번호 및 전자우편 주소
④ 국내대리인이 제1항 각 호와 관련하여 이 법을 위반한 경우에는 해당 국내대리인을 지정한 통신판매업자등이 그 행위를 한 것으로 본다.
⑤ 국내대리인은 해당 국내대리인을 지정한 통신판매업자등과 유효한 연락수단을 확보하여야 한다.
⑥ 공정거래위원회는 통신판매업자등이 제1항에 따라 국내대리인을 지정하여야 하는 기준에 해당하는지 확인하기 위하여 해당 사업자에게 매출액, 소비자 규모 등 대통령령으로 정하는 사항에 관한 자료의 제출을 요구할 수 있다. 이 경우 자료의 제출을 요구받은 사업자는 정당한 사유가 없으면 이에 따라야 한다.
⑦ 제3항에 따른 제출 및 공개에 필요한 사항은 대통령령으로 정한다.",https://www.law.go.kr/법령/전자상거래 등에서의 소비자보호에 관한 법률
009318,전자상거래 등에서의 소비자보호에 관한 법률,법률,공정거래위원회,20260721,20260120,21,,금지행위,제21조(금지행위),"① 전자상거래를 하는 사업자 또는 통신판매업자는 다음 각 호의 어느 하나에 해당하는 행위를 하여서는 아니 된다.
1. 거짓 또는 과장된 사실을 알리거나 기만적 방법을 사용하여 소비자를 유인 또는 소비자와 거래하거나 청약철회등 또는 계약의 해지를 방해하는 행위
2. 청약철회등을 방해할 목적으로 주소, 전화번호, 인터넷도메인 이름 등을 변경하거나 폐지하는 행위
3. 분쟁이나 불만처리에 필요한 인력 또는 설비의 부족을 상당기간 방치하여 소비자에게 피해를 주는 행위
4. 소비자의 청약이 없음에도 불구하고 일방적으로 재화등을 공급하고 그 대금을 청구하거나 재화등의 공급 없이 대금을 청구하는 행위
5. 소비자가 재화를 구매하거나 용역을 제공받을 의사가 없음을 밝혔음에도 불구하고 전화, 팩스, 컴퓨터통신 또는 전자우편 등을 통하여 재화를 구매하거나 용역을 제공받도록 강요하는 행위
6. 본인의 허락을 받지 아니하거나 허락받은 범위를 넘어 소비자에 관한 정보를 이용하는 행위. 다만, 다음 각 목의 어느 하나에 해당하는 경우는 제외한다.
가. 재화등의 배송 등 소비자와의 계약을 이행하기 위하여 불가피한 경우로서 대통령령으로 정하는 경우
나. 재화등의 거래에 따른 대금정산을 위하여 필요한 경우
다. 도용방지를 위하여 본인 확인에 필요한 경우로서 대통령령으로 정하는 경우
라. 법률의 규정 또는 법률에 따라 필요한 불가피한 사유가 있는 경우
7. 소비자의 동의를 받지 아니하거나 총리령으로 정하는 방법에 따라 쉽고 명확하게 소비자에게 설명ㆍ고지하지 아니하고 컴퓨터프로그램 등이 설치되게 하는 행위
② 공정거래위원회는 이 법 위반행위를 방지하고 소비자피해를 예방하기 위하여 전자상거래를 하는 사업자 또는 통신판매업자가 준수하여야 할 기준을 정하여 고시할 수 있다.","제21조(금지행위)
① 전자상거래를 하는 사업자 또는 통신판매업자는 다음 각 호의 어느 하나에 해당하는 행위를 하여서는 아니 된다.
1. 거짓 또는 과장된 사실을 알리거나 기만적 방법을 사용하여 소비자를 유인 또는 소비자와 거래하거나 청약철회등 또는 계약의 해지를 방해하는 행위
2. 청약철회등을 방해할 목적으로 주소, 전화번호, 인터넷도메인 이름 등을 변경하거나 폐지하는 행위
3. 분쟁이나 불만처리에 필요한 인력 또는 설비의 부족을 상당기간 방치하여 소비자에게 피해를 주는 행위
4. 소비자의 청약이 없음에도 불구하고 일방적으로 재화등을 공급하고 그 대금을 청구하거나 재화등의 공급 없이 대금을 청구하는 행위
5. 소비자가 재화를 구매하거나 용역을 제공받을 의사가 없음을 밝혔음에도 불구하고 전화, 팩스, 컴퓨터통신 또는 전자우편 등을 통하여 재화를 구매하거나 용역을 제공받도록 강요하는 행위
6. 본인의 허락을 받지 아니하거나 허락받은 범위를 넘어 소비자에 관한 정보를 이용하는 행위. 다만, 다음 각 목의 어느 하나에 해당하는 경우는 제외한다.
가. 재화등의 배송 등 소비자와의 계약을 이행하기 위하여 불가피한 경우로서 대통령령으로 정하는 경우
나. 재화등의 거래에 따른 대금정산을 위하여 필요한 경우
다. 도용방지를 위하여 본인 확인에 필요한 경우로서 대통령령으로 정하는 경우
라. 법률의 규정 또는 법률에 따라 필요한 불가피한 사유가 있는 경우
7. 소비자의 동의를 받지 아니하거나 총리령으로 정하는 방법에 따라 쉽고 명확하게 소비자에게 설명ㆍ고지하지 아니하고 컴퓨터프로그램 등이 설치되게 하는 행위
② 공정거래위원회는 이 법 위반행위를 방지하고 소비자피해를 예방하기 위하여 전자상거래를 하는 사업자 또는 통신판매업자가 준수하여야 할 기준을 정하여 고시할 수 있다.","법령명: 전자상거래 등에서의 소비자보호에 관한 법률
조문: 제21조 (금지행위)
내용: 제21조(금지행위)
① 전자상거래를 하는 사업자 또는 통신판매업자는 다음 각 호의 어느 하나에 해당하는 행위를 하여서는 아니 된다.
1. 거짓 또는 과장된 사실을 알리거나 기만적 방법을 사용하여 소비자를 유인 또는 소비자와 거래하거나 청약철회등 또는 계약의 해지를 방해하는 행위
2. 청약철회등을 방해할 목적으로 주소, 전화번호, 인터넷도메인 이름 등을 변경하거나 폐지하는 행위
3. 분쟁이나 불만처리에 필요한 인력 또는 설비의 부족을 상당기간 방치하여 소비자에게 피해를 주는 행위
4. 소비자의 청약이 없음에도 불구하고 일방적으로 재화등을 공급하고 그 대금을 청구하거나 재화등의 공급 없이 대금을 청구하는 행위
5. 소비자가 재화를 구매하거나 용역을 제공받을 의사가 없음을 밝혔음에도 불구하고 전화, 팩스, 컴퓨터통신 또는 전자우편 등을 통하여 재화를 구매하거나 용역을 제공받도록 강요하는 행위
6. 본인의 허락을 받지 아니하거나 허락받은 범위를 넘어 소비자에 관한 정보를 이용하는 행위. 다만, 다음 각 목의 어느 하나에 해당하는 경우는 제외한다.
가. 재화등의 배송 등 소비자와의 계약을 이행하기 위하여 불가피한 경우로서 대통령령으로 정하는 경우
나. 재화등의 거래에 따른 대금정산을 위하여 필요한 경우
다. 도용방지를 위하여 본인 확인에 필요한 경우로서 대통령령으로 정하는 경우
라. 법률의 규정 또는 법률에 따라 필요한 불가피한 사유가 있는 경우
7. 소비자의 동의를 받지 아니하거나 총리령으로 정하는 방법에 따라 쉽고 명확하게 소비자에게 설명ㆍ고지하지 아니하고 컴퓨터프로그램 등이 설치되게 하는 행위
② 공정거래위원회는 이 법 위반행위를 방지하고 소비자피해를 예방하기 위하여 전자상거래를 하는 사업자 또는 통신판매업자가 준수하여야 할 기준을 정하여 고시할 수 있다.",https://www.law.go.kr/법령/전자상거래 등에서의 소비자보호에 관한 법률
009318,전자상거래 등에서의 소비자보호에 관한 법률,법률,공정거래위원회,20260721,20260120,21,2,온라인 인터페이스 운영에 있어서 금지되는 행위,제21조의2(온라인 인터페이스 운영에 있어서 금지되는 행위),"① 전자상거래를 하는 사업자 또는 통신판매업자는 온라인 인터페이스(웹사이트 또는 모바일 앱 등의 소프트웨어로서 소비자와 사업자 사이의 매개체를 말한다. 이하 같다)를 운영하는 경우 다음 각 호의 어느 하나에 해당하는 행위를 하여서는 아니 된다.
1. 사이버몰을 통하여 소비자에게 재화등의 가격을 알리는 표시ㆍ광고의 첫 화면에서 소비자가 그 재화등을 구매ㆍ이용하기 위하여 필수적으로 지급하여야 하는 총금액(재화등의 가격 외에 재화등의 제공을 위하여 필수적으로 수반되는 비용까지 포함한 것을 말한다. 이하 같다) 중 일부 금액만을 표시ㆍ광고하는 방법으로 소비자를 유인하거나 소비자와 거래하는 행위. 다만, 총금액을 표시ㆍ광고할 수 없는 정당한 사유가 있고 그 사유를 총리령으로 정하는 바에 따라 소비자에게 알린 경우는 제외한다.
2. 재화등의 구매ㆍ이용, 회원가입, 계약체결 등이 진행되는 중에 소비자에게 다른 재화등의 구매ㆍ이용, 회원가입, 계약체결 등에 관한 청약의사가 있는지 여부를 묻는 선택항목을 제공하는 경우 소비자가 직접 청약의사 여부를 선택하기 전에 미리 청약의사가 있다는 표시를 하여 선택항목을 제공하는 방법으로 소비자의 다른 재화등의 거래에 관한 청약을 유인하는 행위
3. 소비자에게 재화등의 구매ㆍ이용, 회원가입, 계약체결 또는 구매취소, 회원탈퇴, 계약해지(이하 ""구매등""이라 한다)에 관한 선택항목을 제시하는 경우 그 선택항목들 사이에 크기ㆍ모양ㆍ색깔 등 시각적으로 현저한 차이를 두어 표시하는 행위로서 다음 각 목의 어느 하나에 해당하는 경우
가. 소비자가 특정 항목만을 선택할 수 있는 것처럼 잘못 알게 할 우려가 있는 행위
나. 소비자가 구매등을 하기 위한 조건으로서 특정 항목을 반드시 선택하여야만 하는 것으로 잘못 알게 할 우려가 있는 행위
4. 정당한 사유 없이 다음 각 목의 어느 하나에 해당하는 방법으로 소비자의 구매취소, 회원탈퇴, 계약해지 등을 방해하는 행위
가. 재화등의 구매, 회원가입, 계약체결 등의 절차보다 그 취소, 탈퇴, 해지 등의 절차를 복잡하게 설계하는 방법
나. 재화등의 구매, 회원가입, 계약체결 등의 방법과는 다른 방법으로만 그 취소, 탈퇴, 해지 등을 할 수 있도록 제한하는 방법
5. 소비자가 이미 선택ㆍ결정한 내용에 관하여 그 선택ㆍ결정을 변경할 것을 팝업창 등을 통하여 반복적으로 요구하는 방법으로 소비자의 자유로운 의사결정을 방해하는 행위. 다만, 그 선택ㆍ결정의 변경을 요구할 때 소비자가 대통령령으로 정하는 기간 이상 동안 그러한 요구를 받지 아니하도록 선택할 수 있게 한 경우는 제외한다.
② 공정거래위원회는 제1항에 해당하는 행위의 예방 및 소비자보호를 위하여 사업자의 자율적 준수를 유도하기 위한 지침을 관련 분야의 거래당사자, 기관 및 단체의 의견을 들어 정할 수 있다.","제21조의2(온라인 인터페이스 운영에 있어서 금지되는 행위)
① 전자상거래를 하는 사업자 또는 통신판매업자는 온라인 인터페이스(웹사이트 또는 모바일 앱 등의 소프트웨어로서 소비자와 사업자 사이의 매개체를 말한다. 이하 같다)를 운영하는 경우 다음 각 호의 어느 하나에 해당하는 행위를 하여서는 아니 된다.
1. 사이버몰을 통하여 소비자에게 재화등의 가격을 알리는 표시ㆍ광고의 첫 화면에서 소비자가 그 재화등을 구매ㆍ이용하기 위하여 필수적으로 지급하여야 하는 총금액(재화등의 가격 외에 재화등의 제공을 위하여 필수적으로 수반되는 비용까지 포함한 것을 말한다. 이하 같다) 중 일부 금액만을 표시ㆍ광고하는 방법으로 소비자를 유인하거나 소비자와 거래하는 행위. 다만, 총금액을 표시ㆍ광고할 수 없는 정당한 사유가 있고 그 사유를 총리령으로 정하는 바에 따라 소비자에게 알린 경우는 제외한다.
2. 재화등의 구매ㆍ이용, 회원가입, 계약체결 등이 진행되는 중에 소비자에게 다른 재화등의 구매ㆍ이용, 회원가입, 계약체결 등에 관한 청약의사가 있는지 여부를 묻는 선택항목을 제공하는 경우 소비자가 직접 청약의사 여부를 선택하기 전에 미리 청약의사가 있다는 표시를 하여 선택항목을 제공하는 방법으로 소비자의 다른 재화등의 거래에 관한 청약을 유인하는 행위
3. 소비자에게 재화등의 구매ㆍ이용, 회원가입, 계약체결 또는 구매취소, 회원탈퇴, 계약해지(이하 ""구매등""이라 한다)에 관한 선택항목을 제시하는 경우 그 선택항목들 사이에 크기ㆍ모양ㆍ색깔 등 시각적으로 현저한 차이를 두어 표시하는 행위로서 다음 각 목의 어느 하나에 해당하는 경우
가. 소비자가 특정 항목만을 선택할 수 있는 것처럼 잘못 알게 할 우려가 있는 행위
나. 소비자가 구매등을 하기 위한 조건으로서 특정 항목을 반드시 선택하여야만 하는 것으로 잘못 알게 할 우려가 있는 행위
4. 정당한 사유 없이 다음 각 목의 어느 하나에 해당하는 방법으로 소비자의 구매취소, 회원탈퇴, 계약해지 등을 방해하는 행위
가. 재화등의 구매, 회원가입, 계약체결 등의 절차보다 그 취소, 탈퇴, 해지 등의 절차를 복잡하게 설계하는 방법
나. 재화등의 구매, 회원가입, 계약체결 등의 방법과는 다른 방법으로만 그 취소, 탈퇴, 해지 등을 할 수 있도록 제한하는 방법
5. 소비자가 이미 선택ㆍ결정한 내용에 관하여 그 선택ㆍ결정을 변경할 것을 팝업창 등을 통하여 반복적으로 요구하는 방법으로 소비자의 자유로운 의사결정을 방해하는 행위. 다만, 그 선택ㆍ결정의 변경을 요구할 때 소비자가 대통령령으로 정하는 기간 이상 동안 그러한 요구를 받지 아니하도록 선택할 수 있게 한 경우는 제외한다.
② 공정거래위원회는 제1항에 해당하는 행위의 예방 및 소비자보호를 위하여 사업자의 자율적 준수를 유도하기 위한 지침을 관련 분야의 거래당사자, 기관 및 단체의 의견을 들어 정할 수 있다.","법령명: 전자상거래 등에서의 소비자보호에 관한 법률
조문: 제21조의2 (온라인 인터페이스 운영에 있어서 금지되는 행위)
내용: 제21조의2(온라인 인터페이스 운영에 있어서 금지되는 행위)
① 전자상거래를 하는 사업자 또는 통신판매업자는 온라인 인터페이스(웹사이트 또는 모바일 앱 등의 소프트웨어로서 소비자와 사업자 사이의 매개체를 말한다. 이하 같다)를 운영하는 경우 다음 각 호의 어느 하나에 해당하는 행위를 하여서는 아니 된다.
1. 사이버몰을 통하여 소비자에게 재화등의 가격을 알리는 표시ㆍ광고의 첫 화면에서 소비자가 그 재화등을 구매ㆍ이용하기 위하여 필수적으로 지급하여야 하는 총금액(재화등의 가격 외에 재화등의 제공을 위하여 필수적으로 수반되는 비용까지 포함한 것을 말한다. 이하 같다) 중 일부 금액만을 표시ㆍ광고하는 방법으로 소비자를 유인하거나 소비자와 거래하는 행위. 다만, 총금액을 표시ㆍ광고할 수 없는 정당한 사유가 있고 그 사유를 총리령으로 정하는 바에 따라 소비자에게 알린 경우는 제외한다.
2. 재화등의 구매ㆍ이용, 회원가입, 계약체결 등이 진행되는 중에 소비자에게 다른 재화등의 구매ㆍ이용, 회원가입, 계약체결 등에 관한 청약의사가 있는지 여부를 묻는 선택항목을 제공하는 경우 소비자가 직접 청약의사 여부를 선택하기 전에 미리 청약의사가 있다는 표시를 하여 선택항목을 제공하는 방법으로 소비자의 다른 재화등의 거래에 관한 청약을 유인하는 행위
3. 소비자에게 재화등의 구매ㆍ이용, 회원가입, 계약체결 또는 구매취소, 회원탈퇴, 계약해지(이하 ""구매등""이라 한다)에 관한 선택항목을 제시하는 경우 그 선택항목들 사이에 크기ㆍ모양ㆍ색깔 등 시각적으로 현저한 차이를 두어 표시하는 행위로서 다음 각 목의 어느 하나에 해당하는 경우
가. 소비자가 특정 항목만을 선택할 수 있는 것처럼 잘못 알게 할 우려가 있는 행위
나. 소비자가 구매등을 하기 위한 조건으로서 특정 항목을 반드시 선택하여야만 하는 것으로 잘못 알게 할 우려가 있는 행위
4. 정당한 사유 없이 다음 각 목의 어느 하나에 해당하는 방법으로 소비자의 구매취소, 회원탈퇴, 계약해지 등을 방해하는 행위
가. 재화등의 구매, 회원가입, 계약체결 등의 절차보다 그 취소, 탈퇴, 해지 등의 절차를 복잡하게 설계하는 방법
나. 재화등의 구매, 회원가입, 계약체결 등의 방법과는 다른 방법으로만 그 취소, 탈퇴, 해지 등을 할 수 있도록 제한하는 방법
5. 소비자가 이미 선택ㆍ결정한 내용에 관하여 그 선택ㆍ결정을 변경할 것을 팝업창 등을 통하여 반복적으로 요구하는 방법으로 소비자의 자유로운 의사결정을 방해하는 행위. 다만, 그 선택ㆍ결정의 변경을 요구할 때 소비자가 대통령령으로 정하는 기간 이상 동안 그러한 요구를 받지 아니하도록 선택할 수 있게 한 경우는 제외한다.
② 공정거래위원회는 제1항에 해당하는 행위의 예방 및 소비자보호를 위하여 사업자의 자율적 준수를 유도하기 위한 지침을 관련 분야의 거래당사자, 기관 및 단체의 의견을 들어 정할 수 있다.",https://www.law.go.kr/법령/전자상거래 등에서의 소비자보호에 관한 법률
009318,전자상거래 등에서의 소비자보호에 관한 법률,법률,공정거래위원회,20260721,20260120,21,3,온라인 인터페이스 관련 자율규약,제21조의3(온라인 인터페이스 관련 자율규약) 사업자 및 사업자단체는 제21조의2제1항 각 호를 위반하는 행위를 예방하기 위하여 자율적으로 규약을 정할 수 있다.,,제21조의3(온라인 인터페이스 관련 자율규약) 사업자 및 사업자단체는 제21조의2제1항 각 호를 위반하는 행위를 예방하기 위하여 자율적으로 규약을 정할 수 있다.,"법령명: 전자상거래 등에서의 소비자보호에 관한 법률
조문: 제21조의3 (온라인 인터페이스 관련 자율규약)
내용: 제21조의3(온라인 인터페이스 관련 자율규약) 사업자 및 사업자단체는 제21조의2제1항 각 호를 위반하는 행위를 예방하기 위하여 자율적으로 규약을 정할 수 있다.",https://www.law.go.kr/법령/전자상거래 등에서의 소비자보호에 관한 법률
009318,전자상거래 등에서의 소비자보호에 관한 법률,법률,공정거래위원회,20260721,20260120,21,4,정보의 투명성 확보 조치,제21조의4(정보의 투명성 확보 조치),"① 전자상거래를 하는 사업자 또는 통신판매업자는 사이버몰 등을 통하여 거래되는 재화등에 대한 소비자의 사용후기를 게시하는 경우 게시기간, 등급평가 및 삭제 기준, 삭제 시 이의제기 절차 등 사용후기의 수집 및 처리에 관한 정보를 공개하여야 한다.
② 제1항에 따라 공개되는 사용후기의 수집 및 처리에 관한 정보의 구체적인 내용과 범위, 공개 방법 및 절차 등에 필요한 사항은 대통령령으로 정한다.","제21조의4(정보의 투명성 확보 조치)
① 전자상거래를 하는 사업자 또는 통신판매업자는 사이버몰 등을 통하여 거래되는 재화등에 대한 소비자의 사용후기를 게시하는 경우 게시기간, 등급평가 및 삭제 기준, 삭제 시 이의제기 절차 등 사용후기의 수집 및 처리에 관한 정보를 공개하여야 한다.
② 제1항에 따라 공개되는 사용후기의 수집 및 처리에 관한 정보의 구체적인 내용과 범위, 공개 방법 및 절차 등에 필요한 사항은 대통령령으로 정한다.","법령명: 전자상거래 등에서의 소비자보호에 관한 법률
조문: 제21조의4 (정보의 투명성 확보 조치)
내용: 제21조의4(정보의 투명성 확보 조치)
① 전자상거래를 하는 사업자 또는 통신판매업자는 사이버몰 등을 통하여 거래되는 재화등에 대한 소비자의 사용후기를 게시하는 경우 게시기간, 등급평가 및 삭제 기준, 삭제 시 이의제기 절차 등 사용후기의 수집 및 처리에 관한 정보를 공개하여야 한다.
② 제1항에 따라 공개되는 사용후기의 수집 및 처리에 관한 정보의 구체적인 내용과 범위, 공개 방법 및 절차 등에 필요한 사항은 대통령령으로 정한다.",https://www.law.go.kr/법령/전자상거래 등에서의 소비자보호에 관한 법률
009318,전자상거래 등에서의 소비자보호에 관한 법률,법률,공정거래위원회,20260721,20260120,22,,휴업기간 등에서의 청약철회등의 업무처리 등,제22조(휴업기간 등에서의 청약철회등의 업무처리 등),"① 통신판매업자는 휴업기간이나 영업정지기간에도 제17조제1항 및 제3항에 따른 청약철회등의 업무와 제18조제1항부터 제5항까지의 규정에 따른 청약철회등에 따른 대금 환급과 관련된 업무를 계속하여야 한다.
② 통신판매업자가 폐업신고를 하지 아니한 상태에서 파산선고를 받는 등 실질적으로 영업을 할 수 없는 것으로 판단되는 경우에는 제12조제1항에 따른 신고를 받은 공정거래위원회 또는 특별자치시장ㆍ특별자치도지사ㆍ시장ㆍ군수ㆍ구청장은 직권으로 신고사항을 말소할 수 있다. <개정 2016.3.29>","제22조(휴업기간 등에서의 청약철회등의 업무처리 등)
① 통신판매업자는 휴업기간이나 영업정지기간에도 제17조제1항 및 제3항에 따른 청약철회등의 업무와 제18조제1항부터 제5항까지의 규정에 따른 청약철회등에 따른 대금 환급과 관련된 업무를 계속하여야 한다.
② 통신판매업자가 폐업신고를 하지 아니한 상태에서 파산선고를 받는 등 실질적으로 영업을 할 수 없는 것으로 판단되는 경우에는 제12조제1항에 따른 신고를 받은 공정거래위원회 또는 특별자치시장ㆍ특별자치도지사ㆍ시장ㆍ군수ㆍ구청장은 직권으로 신고사항을 말소할 수 있다. <개정 2016.3.29>","법령명: 전자상거래 등에서의 소비자보호에 관한 법률
조문: 제22조 (휴업기간 등에서의 청약철회등의 업무처리 등)
내용: 제22조(휴업기간 등에서의 청약철회등의 업무처리 등)
① 통신판매업자는 휴업기간이나 영업정지기간에도 제17조제1항 및 제3항에 따른 청약철회등의 업무와 제18조제1항부터 제5항까지의 규정에 따른 청약철회등에 따른 대금 환급과 관련된 업무를 계속하여야 한다.
② 통신판매업자가 폐업신고를 하지 아니한 상태에서 파산선고를 받는 등 실질적으로 영업을 할 수 없는 것으로 판단되는 경우에는 제12조제1항에 따른 신고를 받은 공정거래위원회 또는 특별자치시장ㆍ특별자치도지사ㆍ시장ㆍ군수ㆍ구청장은 직권으로 신고사항을 말소할 수 있다. <개정 2016.3.29>",https://www.law.go.kr/법령/전자상거래 등에서의 소비자보호에 관한 법률
009318,전자상거래 등에서의 소비자보호에 관한 법률,법률,공정거래위원회,20260721,20260120,23,,전자상거래 등에서의 소비자보호지침의 제정 등,제23조(전자상거래 등에서의 소비자보호지침의 제정 등),"① 공정거래위원회는 전자상거래 또는 통신판매에서의 건전한 거래질서의 확립 및 소비자보호를 위하여 사업자의 자율적 준수를 유도하기 위한 지침(이하 ""소비자보호지침""이라 한다)을 관련 분야의 거래당사자, 기관 및 단체의 의견을 들어 정할 수 있다.
② 사업자는 그가 사용하는 약관이 소비자보호지침의 내용보다 소비자에게 불리한 경우에는 소비자보호지침과 다르게 정한 약관의 내용을 소비자가 알기 쉽게 표시하거나 고지하여야 한다.","제23조(전자상거래 등에서의 소비자보호지침의 제정 등)
① 공정거래위원회는 전자상거래 또는 통신판매에서의 건전한 거래질서의 확립 및 소비자보호를 위하여 사업자의 자율적 준수를 유도하기 위한 지침(이하 ""소비자보호지침""이라 한다)을 관련 분야의 거래당사자, 기관 및 단체의 의견을 들어 정할 수 있다.
② 사업자는 그가 사용하는 약관이 소비자보호지침의 내용보다 소비자에게 불리한 경우에는 소비자보호지침과 다르게 정한 약관의 내용을 소비자가 알기 쉽게 표시하거나 고지하여야 한다.","법령명: 전자상거래 등에서의 소비자보호에 관한 법률
조문: 제23조 (전자상거래 등에서의 소비자보호지침의 제정 등)
내용: 제23조(전자상거래 등에서의 소비자보호지침의 제정 등)
① 공정거래위원회는 전자상거래 또는 통신판매에서의 건전한 거래질서의 확립 및 소비자보호를 위하여 사업자의 자율적 준수를 유도하기 위한 지침(이하 ""소비자보호지침""이라 한다)을 관련 분야의 거래당사자, 기관 및 단체의 의견을 들어 정할 수 있다.
② 사업자는 그가 사용하는 약관이 소비자보호지침의 내용보다 소비자에게 불리한 경우에는 소비자보호지침과 다르게 정한 약관의 내용을 소비자가 알기 쉽게 표시하거나 고지하여야 한다.",https://www.law.go.kr/법령/전자상거래 등에서의 소비자보호에 관한 법률
009318,전자상거래 등에서의 소비자보호에 관한 법률,법률,공정거래위원회,20260721,20260120,24,,소비자피해보상보험계약등,제24조(소비자피해보상보험계약등),"① 공정거래위원회는 전자상거래 또는 통신판매에서 소비자를 보호하기 위하여 관련 사업자에게 다음 각 호의 어느 하나에 해당하는 계약(이하 ""소비자피해보상보험계약등""이라 한다)을 체결하도록 권장할 수 있다. 다만, 제8조제4항에 따른 결제수단의 발행자는 소비자피해보상보험계약등을 체결하여야 한다.
1. 「보험업법」에 따른 보험계약
2. 소비자피해보상금의 지급을 확보하기 위한 「금융위원회의 설치 등에 관한 법률」 제38조에 따른 기관과의 채무지급보증계약
3. 제10항에 따라 설립된 공제조합과의 공제계약
② 통신판매업자는 제1항에도 불구하고 선지급식 통신판매를 할 때 소비자가 제13조제2항제10호에 따른 결제대금예치의 이용 또는 통신판매업자의 소비자피해보상보험계약등의 체결을 선택한 경우에는 소비자가 결제대금예치를 이용하도록 하거나 소비자피해보상보험계약등을 체결하여야 한다.
③ 제2항은 소비자가 다음 각 호의 어느 하나에 해당하는 거래를 하는 경우에는 적용하지 아니한다.
1. 삭제<2013.5.28>
2. 「여신전문금융업법」 제2조제3호에 따른 신용카드로 재화등의 대금을 지급하는 거래. 이 경우 소비자가 재화등을 배송받지 못한 때에는 「여신전문금융업법」 제2조제2호의2에 따른 신용카드업자는 구매대금 결제 취소 등 소비자피해의 예방 및 회복을 위하여 협력하여야 한다.
3. 정보통신망으로 전송되거나 제13조제2항제10호에 따른 제3자가 배송을 확인할 수 없는 재화등을 구매하는 거래
4. 일정기간에 걸쳐 분할되어 공급되는 재화등을 구매하는 거래
5. 다른 법률에 따라 소비자의 구매안전이 충분히 갖추어진 경우 또는 제1호부터 제4호까지의 규정과 유사한 사유로 결제대금예치 또는 소비자피해보상보험계약등의 체결이 필요하지 아니하거나 곤란하다고 공정거래위원회가 정하여 고시하는 거래
④ 제2항에 따른 결제대금예치의 이용 또는 소비자피해보상보험계약등의 체결에 필요한 사항은 대통령령으로 정한다.
⑤ 소비자피해보상보험계약등은 이 법 위반행위로 인한 소비자피해를 보상하거나 제8조제4항에 따른 결제수단 발행자의 신뢰성을 확보하기에 적절한 수준이어야 하며, 그 구체적인 기준은 대통령령으로 정한다.
⑥ 소비자피해보상보험계약등에 따라 소비자피해보상금을 지급할 의무가 있는 자는 그 지급 사유가 발생하면 지체 없이 소비자피해보상금을 지급하여야 하고, 이를 지연한 경우에는 지연배상금을 지급하여야 한다.
⑦ 소비자피해보상보험계약등을 체결하려는 사업자는 소비자피해보상보험계약등을 체결하기 위하여 매출액 등의 자료를 제출할 때 거짓 자료를 제출하여서는 아니 된다.
⑧ 소비자피해보상보험계약등을 체결한 사업자는 그 사실을 나타내는 표지를 사용할 수 있으나, 소비자피해보상보험계약등을 체결하지 아니한 사업자는 그 표지를 사용하거나 이와 유사한 표지를 제작 또는 사용하여서는 아니 된다.
⑨ 제2항에 따른 결제대금예치의 이용에 관하여는 제8항을 준용한다.
⑩ 전자상거래를 하는 사업자 또는 통신판매업자는 제1항에 따른 소비자보호를 위하여 공제조합을 설립할 수 있다. 이 경우 공제조합의 설립 및 운영에 관하여는 「방문판매 등에 관한 법률」 제38조를 준용하되, 같은 조 제1항 중 ""제5조제1항에 따라 신고하거나 제13조제1항 또는 제29조제3항에 따라 등록한 사업자""는 ""전자상거래를 하는 사업자 또는 통신판매업자""로, ""제37조제1항제3호""는 ""「전자상거래 등에서의 소비자보호에 관한 법률」 제24조제1항제3호""로 보고, 같은 조 제9항 및 제10항 중 ""이 법""은 각각 ""「전자상거래 등에서의 소비자보호에 관한 법률」""로 본다.","제24조(소비자피해보상보험계약등)
① 공정거래위원회는 전자상거래 또는 통신판매에서 소비자를 보호하기 위하여 관련 사업자에게 다음 각 호의 어느 하나에 해당하는 계약(이하 ""소비자피해보상보험계약등""이라 한다)을 체결하도록 권장할 수 있다. 다만, 제8조제4항에 따른 결제수단의 발행자는 소비자피해보상보험계약등을 체결하여야 한다.
1. 「보험업법」에 따른 보험계약
2. 소비자피해보상금의 지급을 확보하기 위한 「금융위원회의 설치 등에 관한 법률」 제38조에 따른 기관과의 채무지급보증계약
3. 제10항에 따라 설립된 공제조합과의 공제계약
② 통신판매업자는 제1항에도 불구하고 선지급식 통신판매를 할 때 소비자가 제13조제2항제10호에 따른 결제대금예치의 이용 또는 통신판매업자의 소비자피해보상보험계약등의 체결을 선택한 경우에는 소비자가 결제대금예치를 이용하도록 하거나 소비자피해보상보험계약등을 체결하여야 한다.
③ 제2항은 소비자가 다음 각 호의 어느 하나에 해당하는 거래를 하는 경우에는 적용하지 아니한다.
1. 삭제<2013.5.28>
2. 「여신전문금융업법」 제2조제3호에 따른 신용카드로 재화등의 대금을 지급하는 거래. 이 경우 소비자가 재화등을 배송받지 못한 때에는 「여신전문금융업법」 제2조제2호의2에 따른 신용카드업자는 구매대금 결제 취소 등 소비자피해의 예방 및 회복을 위하여 협력하여야 한다.
3. 정보통신망으로 전송되거나 제13조제2항제10호에 따른 제3자가 배송을 확인할 수 없는 재화등을 구매하는 거래
4. 일정기간에 걸쳐 분할되어 공급되는 재화등을 구매하는 거래
5. 다른 법률에 따라 소비자의 구매안전이 충분히 갖추어진 경우 또는 제1호부터 제4호까지의 규정과 유사한 사유로 결제대금예치 또는 소비자피해보상보험계약등의 체결이 필요하지 아니하거나 곤란하다고 공정거래위원회가 정하여 고시하는 거래
④ 제2항에 따른 결제대금예치의 이용 또는 소비자피해보상보험계약등의 체결에 필요한 사항은 대통령령으로 정한다.
⑤ 소비자피해보상보험계약등은 이 법 위반행위로 인한 소비자피해를 보상하거나 제8조제4항에 따른 결제수단 발행자의 신뢰성을 확보하기에 적절한 수준이어야 하며, 그 구체적인 기준은 대통령령으로 정한다.
⑥ 소비자피해보상보험계약등에 따라 소비자피해보상금을 지급할 의무가 있는 자는 그 지급 사유가 발생하면 지체 없이 소비자피해보상금을 지급하여야 하고, 이를 지연한 경우에는 지연배상금을 지급하여야 한다.
⑦ 소비자피해보상보험계약등을 체결하려는 사업자는 소비자피해보상보험계약등을 체결하기 위하여 매출액 등의 자료를 제출할 때 거짓 자료를 제출하여서는 아니 된다.
⑧ 소비자피해보상보험계약등을 체결한 사업자는 그 사실을 나타내는 표지를 사용할 수 있으나, 소비자피해보상보험계약등을 체결하지 아니한 사업자는 그 표지를 사용하거나 이와 유사한 표지를 제작 또는 사용하여서는 아니 된다.
⑨ 제2항에 따른 결제대금예치의 이용에 관하여는 제8항을 준용한다.
⑩ 전자상거래를 하는 사업자 또는 통신판매업자는 제1항에 따른 소비자보호를 위하여 공제조합을 설립할 수 있다. 이 경우 공제조합의 설립 및 운영에 관하여는 「방문판매 등에 관한 법률」 제38조를 준용하되, 같은 조 제1항 중 ""제5조제1항에 따라 신고하거나 제13조제1항 또는 제29조제3항에 따라 등록한 사업자""는 ""전자상거래를 하는 사업자 또는 통신판매업자""로, ""제37조제1항제3호""는 ""「전자상거래 등에서의 소비자보호에 관한 법률」 제24조제1항제3호""로 보고, 같은 조 제9항 및 제10항 중 ""이 법""은 각각 ""「전자상거래 등에서의 소비자보호에 관한 법률」""로 본다.","법령명: 전자상거래 등에서의 소비자보호에 관한 법률
조문: 제24조 (소비자피해보상보험계약등)
내용: 제24조(소비자피해보상보험계약등)
① 공정거래위원회는 전자상거래 또는 통신판매에서 소비자를 보호하기 위하여 관련 사업자에게 다음 각 호의 어느 하나에 해당하는 계약(이하 ""소비자피해보상보험계약등""이라 한다)을 체결하도록 권장할 수 있다. 다만, 제8조제4항에 따른 결제수단의 발행자는 소비자피해보상보험계약등을 체결하여야 한다.
1. 「보험업법」에 따른 보험계약
2. 소비자피해보상금의 지급을 확보하기 위한 「금융위원회의 설치 등에 관한 법률」 제38조에 따른 기관과의 채무지급보증계약
3. 제10항에 따라 설립된 공제조합과의 공제계약
② 통신판매업자는 제1항에도 불구하고 선지급식 통신판매를 할 때 소비자가 제13조제2항제10호에 따른 결제대금예치의 이용 또는 통신판매업자의 소비자피해보상보험계약등의 체결을 선택한 경우에는 소비자가 결제대금예치를 이용하도록 하거나 소비자피해보상보험계약등을 체결하여야 한다.
③ 제2항은 소비자가 다음 각 호의 어느 하나에 해당하는 거래를 하는 경우에는 적용하지 아니한다.
1. 삭제<2013.5.28>
2. 「여신전문금융업법」 제2조제3호에 따른 신용카드로 재화등의 대금을 지급하는 거래. 이 경우 소비자가 재화등을 배송받지 못한 때에는 「여신전문금융업법」 제2조제2호의2에 따른 신용카드업자는 구매대금 결제 취소 등 소비자피해의 예방 및 회복을 위하여 협력하여야 한다.
3. 정보통신망으로 전송되거나 제13조제2항제10호에 따른 제3자가 배송을 확인할 수 없는 재화등을 구매하는 거래
4. 일정기간에 걸쳐 분할되어 공급되는 재화등을 구매하는 거래
5. 다른 법률에 따라 소비자의 구매안전이 충분히 갖추어진 경우 또는 제1호부터 제4호까지의 규정과 유사한 사유로 결제대금예치 또는 소비자피해보상보험계약등의 체결이 필요하지 아니하거나 곤란하다고 공정거래위원회가 정하여 고시하는 거래
④ 제2항에 따른 결제대금예치의 이용 또는 소비자피해보상보험계약등의 체결에 필요한 사항은 대통령령으로 정한다.
⑤ 소비자피해보상보험계약등은 이 법 위반행위로 인한 소비자피해를 보상하거나 제8조제4항에 따른 결제수단 발행자의 신뢰성을 확보하기에 적절한 수준이어야 하며, 그 구체적인 기준은 대통령령으로 정한다.
⑥ 소비자피해보상보험계약등에 따라 소비자피해보상금을 지급할 의무가 있는 자는 그 지급 사유가 발생하면 지체 없이 소비자피해보상금을 지급하여야 하고, 이를 지연한 경우에는 지연배상금을 지급하여야 한다.
⑦ 소비자피해보상보험계약등을 체결하려는 사업자는 소비자피해보상보험계약등을 체결하기 위하여 매출액 등의 자료를 제출할 때 거짓 자료를 제출하여서는 아니 된다.
⑧ 소비자피해보상보험계약등을 체결한 사업자는 그 사실을 나타내는 표지를 사용할 수 있으나, 소비자피해보상보험계약등을 체결하지 아니한 사업자는 그 표지를 사용하거나 이와 유사한 표지를 제작 또는 사용하여서는 아니 된다.
⑨ 제2항에 따른 결제대금예치의 이용에 관하여는 제8항을 준용한다.
⑩ 전자상거래를 하는 사업자 또는 통신판매업자는 제1항에 따른 소비자보호를 위하여 공제조합을 설립할 수 있다. 이 경우 공제조합의 설립 및 운영에 관하여는 「방문판매 등에 관한 법률」 제38조를 준용하되, 같은 조 제1항 중 ""제5조제1항에 따라 신고하거나 제13조제1항 또는 제29조제3항에 따라 등록한 사업자""는 ""전자상거래를 하는 사업자 또는 통신판매업자""로, ""제37조제1항제3호""는 ""「전자상거래 등에서의 소비자보호에 관한 법률」 제24조제1항제3호""로 보고, 같은 조 제9항 및 제10항 중 ""이 법""은 각각 ""「전자상거래 등에서의 소비자보호에 관한 법률」""로 본다.",https://www.law.go.kr/법령/전자상거래 등에서의 소비자보호에 관한 법률
009318,전자상거래 등에서의 소비자보호에 관한 법률,법률,공정거래위원회,20260721,20260120,24,2,구매권유광고 시 준수사항 등,제24조의2(구매권유광고 시 준수사항 등),"① 전자상거래를 하는 사업자 또는 통신판매업자가 전화, 팩스, 컴퓨터통신 또는 전자우편 등을 이용하여 재화를 구매하거나 용역을 제공받도록 권유하는 행위(이하 ""구매권유광고""라 한다)를 할 때에는 이 법과 「정보통신망 이용촉진 및 정보보호 등에 관한 법률」 등 관계 법률의 규정을 준수하여야 한다.
② 공정거래위원회는 제1항을 위반하여 구매권유광고를 한 전자상거래를 하는 사업자 또는 통신판매업자에 대한 시정조치를 하기 위하여 방송미디어통신위원회 등 관련 기관에 위반자의 신원정보를 요청할 수 있다. 이 경우 신원정보의 요청은 공정거래위원회가 위반자의 신원정보를 확보하기 곤란한 경우로 한정하며, 방송미디어통신위원회 등 관련 기관은 「정보통신망 이용촉진 및 정보보호 등에 관한 법률」 제64조의2제1항에도 불구하고 공정거래위원회에 위반자의 신원정보를 제공할 수 있다. <개정 2025.10.1>","제24조의2(구매권유광고 시 준수사항 등)
① 전자상거래를 하는 사업자 또는 통신판매업자가 전화, 팩스, 컴퓨터통신 또는 전자우편 등을 이용하여 재화를 구매하거나 용역을 제공받도록 권유하는 행위(이하 ""구매권유광고""라 한다)를 할 때에는 이 법과 「정보통신망 이용촉진 및 정보보호 등에 관한 법률」 등 관계 법률의 규정을 준수하여야 한다.
② 공정거래위원회는 제1항을 위반하여 구매권유광고를 한 전자상거래를 하는 사업자 또는 통신판매업자에 대한 시정조치를 하기 위하여 방송미디어통신위원회 등 관련 기관에 위반자의 신원정보를 요청할 수 있다. 이 경우 신원정보의 요청은 공정거래위원회가 위반자의 신원정보를 확보하기 곤란한 경우로 한정하며, 방송미디어통신위원회 등 관련 기관은 「정보통신망 이용촉진 및 정보보호 등에 관한 법률」 제64조의2제1항에도 불구하고 공정거래위원회에 위반자의 신원정보를 제공할 수 있다. <개정 2025.10.1>","법령명: 전자상거래 등에서의 소비자보호에 관한 법률
조문: 제24조의2 (구매권유광고 시 준수사항 등)
내용: 제24조의2(구매권유광고 시 준수사항 등)
① 전자상거래를 하는 사업자 또는 통신판매업자가 전화, 팩스, 컴퓨터통신 또는 전자우편 등을 이용하여 재화를 구매하거나 용역을 제공받도록 권유하는 행위(이하 ""구매권유광고""라 한다)를 할 때에는 이 법과 「정보통신망 이용촉진 및 정보보호 등에 관한 법률」 등 관계 법률의 규정을 준수하여야 한다.
② 공정거래위원회는 제1항을 위반하여 구매권유광고를 한 전자상거래를 하는 사업자 또는 통신판매업자에 대한 시정조치를 하기 위하여 방송미디어통신위원회 등 관련 기관에 위반자의 신원정보를 요청할 수 있다. 이 경우 신원정보의 요청은 공정거래위원회가 위반자의 신원정보를 확보하기 곤란한 경우로 한정하며, 방송미디어통신위원회 등 관련 기관은 「정보통신망 이용촉진 및 정보보호 등에 관한 법률」 제64조의2제1항에도 불구하고 공정거래위원회에 위반자의 신원정보를 제공할 수 있다. <개정 2025.10.1>",https://www.law.go.kr/법령/전자상거래 등에서의 소비자보호에 관한 법률
009318,전자상거래 등에서의 소비자보호에 관한 법률,법률,공정거래위원회,20260721,20260120,25,,전자상거래소비자단체 등의 지원,제25조(전자상거래소비자단체 등의 지원) 공정거래위원회는 전자상거래 및 통신판매에서 공정거래질서를 확립하고 소비자의 권익을 보호하기 위한 사업을 시행하는 기관 또는 단체에 예산의 범위에서 필요한 지원 등을 할 수 있다.,,제25조(전자상거래소비자단체 등의 지원) 공정거래위원회는 전자상거래 및 통신판매에서 공정거래질서를 확립하고 소비자의 권익을 보호하기 위한 사업을 시행하는 기관 또는 단체에 예산의 범위에서 필요한 지원 등을 할 수 있다.,"법령명: 전자상거래 등에서의 소비자보호에 관한 법률
조문: 제25조 (전자상거래소비자단체 등의 지원)
내용: 제25조(전자상거래소비자단체 등의 지원) 공정거래위원회는 전자상거래 및 통신판매에서 공정거래질서를 확립하고 소비자의 권익을 보호하기 위한 사업을 시행하는 기관 또는 단체에 예산의 범위에서 필요한 지원 등을 할 수 있다.",https://www.law.go.kr/법령/전자상거래 등에서의 소비자보호에 관한 법률
009318,전자상거래 등에서의 소비자보호에 관한 법률,법률,공정거래위원회,20260721,20260120,26,,위반행위의 조사 등,제26조(위반행위의 조사 등),"① 공정거래위원회, 시ㆍ도지사 또는 시장ㆍ군수ㆍ구청장은 이 법을 위반한 사실이 있다고 인정할 때에는 직권으로 필요한 조사를 할 수 있다.
② 시ㆍ도지사 또는 시장ㆍ군수ㆍ구청장이 제1항에 따른 조사를 하려면 미리 시ㆍ도지사는 공정거래위원회에, 시장ㆍ군수ㆍ구청장은 공정거래위원회 및 시ㆍ도지사에게 통보하여야 하며, 공정거래위원회는 조사 등이 중복될 우려가 있는 경우에는 시ㆍ도지사 또는 시장ㆍ군수ㆍ구청장에게 조사의 중지를 요청할 수 있다. 이 경우 중지 요청을 받은 시ㆍ도지사 또는 시장ㆍ군수ㆍ구청장은 상당한 이유가 없으면 그 조사를 중지하여야 한다.
③ 공정거래위원회, 시ㆍ도지사 또는 시장ㆍ군수ㆍ구청장은 제1항 또는 제2항에 따라 조사를 한 경우에는 그 결과(조사 결과 시정조치명령 등의 처분을 하려는 경우에는 그 처분의 내용을 포함한다)를 해당 사건의 당사자에게 서면으로 알려야 한다.
④ 누구든지 이 법의 규정에 위반되는 사실이 있다고 인정할 때에는 그 사실을 공정거래위원회, 시ㆍ도지사 또는 시장ㆍ군수ㆍ구청장에게 신고할 수 있다.
⑤ 공정거래위원회는 이 법을 위반하는 행위가 끝난 날부터 5년이 지난 경우에는 그 위반행위에 대하여 제32조에 따른 시정조치를 명하지 아니하거나 제34조에 따른 과징금을 부과하지 아니한다. 다만, 다음 각 호의 어느 하나에 해당하는 경우에는 그러하지 아니하다. <개정 2018.6.12>
1. 제33조제1항에 따른 소비자피해 분쟁조정기구의 권고안이나 조정안을 당사자가 수락하고도 이를 이행하지 아니하는 경우
2. 법원의 판결에 따라 시정조치 또는 과징금 부과처분이 취소된 경우로서 그 판결이유에 따라 새로운 처분을 하는 경우
⑥ 공정거래위원회는 제1항의 조사를 위하여 「소비자기본법」 제33조에 따른 한국소비자원과 합동으로 조사반을 구성할 수 있다. 이 경우 조사반의 구성과 조사에 관한 구체적인 방법과 절차, 그 밖에 필요한 사항은 대통령령으로 정한다.
⑦ 공정거래위원회는 제6항의 조사활동에 참여하는 한국소비자원의 임직원에게 예산의 범위에서 수당이나 여비를 지급할 수 있다.","제26조(위반행위의 조사 등)
① 공정거래위원회, 시ㆍ도지사 또는 시장ㆍ군수ㆍ구청장은 이 법을 위반한 사실이 있다고 인정할 때에는 직권으로 필요한 조사를 할 수 있다.
② 시ㆍ도지사 또는 시장ㆍ군수ㆍ구청장이 제1항에 따른 조사를 하려면 미리 시ㆍ도지사는 공정거래위원회에, 시장ㆍ군수ㆍ구청장은 공정거래위원회 및 시ㆍ도지사에게 통보하여야 하며, 공정거래위원회는 조사 등이 중복될 우려가 있는 경우에는 시ㆍ도지사 또는 시장ㆍ군수ㆍ구청장에게 조사의 중지를 요청할 수 있다. 이 경우 중지 요청을 받은 시ㆍ도지사 또는 시장ㆍ군수ㆍ구청장은 상당한 이유가 없으면 그 조사를 중지하여야 한다.
③ 공정거래위원회, 시ㆍ도지사 또는 시장ㆍ군수ㆍ구청장은 제1항 또는 제2항에 따라 조사를 한 경우에는 그 결과(조사 결과 시정조치명령 등의 처분을 하려는 경우에는 그 처분의 내용을 포함한다)를 해당 사건의 당사자에게 서면으로 알려야 한다.
④ 누구든지 이 법의 규정에 위반되는 사실이 있다고 인정할 때에는 그 사실을 공정거래위원회, 시ㆍ도지사 또는 시장ㆍ군수ㆍ구청장에게 신고할 수 있다.
⑤ 공정거래위원회는 이 법을 위반하는 행위가 끝난 날부터 5년이 지난 경우에는 그 위반행위에 대하여 제32조에 따른 시정조치를 명하지 아니하거나 제34조에 따른 과징금을 부과하지 아니한다. 다만, 다음 각 호의 어느 하나에 해당하는 경우에는 그러하지 아니하다. <개정 2018.6.12>
1. 제33조제1항에 따른 소비자피해 분쟁조정기구의 권고안이나 조정안을 당사자가 수락하고도 이를 이행하지 아니하는 경우
2. 법원의 판결에 따라 시정조치 또는 과징금 부과처분이 취소된 경우로서 그 판결이유에 따라 새로운 처분을 하는 경우
⑥ 공정거래위원회는 제1항의 조사를 위하여 「소비자기본법」 제33조에 따른 한국소비자원과 합동으로 조사반을 구성할 수 있다. 이 경우 조사반의 구성과 조사에 관한 구체적인 방법과 절차, 그 밖에 필요한 사항은 대통령령으로 정한다.
⑦ 공정거래위원회는 제6항의 조사활동에 참여하는 한국소비자원의 임직원에게 예산의 범위에서 수당이나 여비를 지급할 수 있다.","법령명: 전자상거래 등에서의 소비자보호에 관한 법률
조문: 제26조 (위반행위의 조사 등)
내용: 제26조(위반행위의 조사 등)
① 공정거래위원회, 시ㆍ도지사 또는 시장ㆍ군수ㆍ구청장은 이 법을 위반한 사실이 있다고 인정할 때에는 직권으로 필요한 조사를 할 수 있다.
② 시ㆍ도지사 또는 시장ㆍ군수ㆍ구청장이 제1항에 따른 조사를 하려면 미리 시ㆍ도지사는 공정거래위원회에, 시장ㆍ군수ㆍ구청장은 공정거래위원회 및 시ㆍ도지사에게 통보하여야 하며, 공정거래위원회는 조사 등이 중복될 우려가 있는 경우에는 시ㆍ도지사 또는 시장ㆍ군수ㆍ구청장에게 조사의 중지를 요청할 수 있다. 이 경우 중지 요청을 받은 시ㆍ도지사 또는 시장ㆍ군수ㆍ구청장은 상당한 이유가 없으면 그 조사를 중지하여야 한다.
③ 공정거래위원회, 시ㆍ도지사 또는 시장ㆍ군수ㆍ구청장은 제1항 또는 제2항에 따라 조사를 한 경우에는 그 결과(조사 결과 시정조치명령 등의 처분을 하려는 경우에는 그 처분의 내용을 포함한다)를 해당 사건의 당사자에게 서면으로 알려야 한다.
④ 누구든지 이 법의 규정에 위반되는 사실이 있다고 인정할 때에는 그 사실을 공정거래위원회, 시ㆍ도지사 또는 시장ㆍ군수ㆍ구청장에게 신고할 수 있다.
⑤ 공정거래위원회는 이 법을 위반하는 행위가 끝난 날부터 5년이 지난 경우에는 그 위반행위에 대하여 제32조에 따른 시정조치를 명하지 아니하거나 제34조에 따른 과징금을 부과하지 아니한다. 다만, 다음 각 호의 어느 하나에 해당하는 경우에는 그러하지 아니하다. <개정 2018.6.12>
1. 제33조제1항에 따른 소비자피해 분쟁조정기구의 권고안이나 조정안을 당사자가 수락하고도 이를 이행하지 아니하는 경우
2. 법원의 판결에 따라 시정조치 또는 과징금 부과처분이 취소된 경우로서 그 판결이유에 따라 새로운 처분을 하는 경우
⑥ 공정거래위원회는 제1항의 조사를 위하여 「소비자기본법」 제33조에 따른 한국소비자원과 합동으로 조사반을 구성할 수 있다. 이 경우 조사반의 구성과 조사에 관한 구체적인 방법과 절차, 그 밖에 필요한 사항은 대통령령으로 정한다.
⑦ 공정거래위원회는 제6항의 조사활동에 참여하는 한국소비자원의 임직원에게 예산의 범위에서 수당이나 여비를 지급할 수 있다.",https://www.law.go.kr/법령/전자상거래 등에서의 소비자보호에 관한 법률
009318,전자상거래 등에서의 소비자보호에 관한 법률,법률,공정거래위원회,20260721,20260120,27,,공개정보 검색 등,제27조(공개정보 검색 등),"① 공정거래위원회, 시ㆍ도지사 또는 시장ㆍ군수ㆍ구청장은 전자상거래 및 통신판매의 공정거래질서를 확립하고 소비자피해를 예방하기 위하여 필요하면 전자적인 방법 등을 이용하여 사업자나 전자상거래 또는 통신판매에서의 소비자보호 관련 법인ㆍ단체가 정보통신망에 공개한 공개정보를 검색할 수 있다. <개정 2023.3.21>
② 사업자 또는 관련 법인ㆍ단체는 제1항에 따른 공정거래위원회, 시ㆍ도지사 또는 시장ㆍ군수ㆍ구청장의 정보검색을 정당한 사유 없이 거부하거나 방해하여서는 아니 된다. <개정 2023.3.21>
③ 공정거래위원회, 시ㆍ도지사 또는 시장ㆍ군수ㆍ구청장은 소비자피해에 관한 정보를 효율적으로 수집하고 이용하기 위하여 필요하면 대통령령으로 정하는 바에 따라 전자상거래나 통신판매에서의 소비자보호 관련 업무를 수행하는 기관(「공공기관의 운영에 관한 법률」 제4조에 따른 공공기관으로 한정한다. 이하 이 조에서 같다)이나 법인ㆍ단체에 관련 자료를 제출하거나 공유하도록 요구할 수 있다. <개정 2023.3.21>
④ 제3항에 따라 공정거래위원회, 시ㆍ도지사 또는 시장ㆍ군수ㆍ구청장으로부터 자료 요구를 받은 기관이나 법인ㆍ단체는 정당한 사유가 없으면 자료 제출이나 자료 공유를 거부하여서는 아니 된다. <개정 2023.3.21>","제27조(공개정보 검색 등)
① 공정거래위원회, 시ㆍ도지사 또는 시장ㆍ군수ㆍ구청장은 전자상거래 및 통신판매의 공정거래질서를 확립하고 소비자피해를 예방하기 위하여 필요하면 전자적인 방법 등을 이용하여 사업자나 전자상거래 또는 통신판매에서의 소비자보호 관련 법인ㆍ단체가 정보통신망에 공개한 공개정보를 검색할 수 있다. <개정 2023.3.21>
② 사업자 또는 관련 법인ㆍ단체는 제1항에 따른 공정거래위원회, 시ㆍ도지사 또는 시장ㆍ군수ㆍ구청장의 정보검색을 정당한 사유 없이 거부하거나 방해하여서는 아니 된다. <개정 2023.3.21>
③ 공정거래위원회, 시ㆍ도지사 또는 시장ㆍ군수ㆍ구청장은 소비자피해에 관한 정보를 효율적으로 수집하고 이용하기 위하여 필요하면 대통령령으로 정하는 바에 따라 전자상거래나 통신판매에서의 소비자보호 관련 업무를 수행하는 기관(「공공기관의 운영에 관한 법률」 제4조에 따른 공공기관으로 한정한다. 이하 이 조에서 같다)이나 법인ㆍ단체에 관련 자료를 제출하거나 공유하도록 요구할 수 있다. <개정 2023.3.21>
④ 제3항에 따라 공정거래위원회, 시ㆍ도지사 또는 시장ㆍ군수ㆍ구청장으로부터 자료 요구를 받은 기관이나 법인ㆍ단체는 정당한 사유가 없으면 자료 제출이나 자료 공유를 거부하여서는 아니 된다. <개정 2023.3.21>","법령명: 전자상거래 등에서의 소비자보호에 관한 법률
조문: 제27조 (공개정보 검색 등)
내용: 제27조(공개정보 검색 등)
① 공정거래위원회, 시ㆍ도지사 또는 시장ㆍ군수ㆍ구청장은 전자상거래 및 통신판매의 공정거래질서를 확립하고 소비자피해를 예방하기 위하여 필요하면 전자적인 방법 등을 이용하여 사업자나 전자상거래 또는 통신판매에서의 소비자보호 관련 법인ㆍ단체가 정보통신망에 공개한 공개정보를 검색할 수 있다. <개정 2023.3.21>
② 사업자 또는 관련 법인ㆍ단체는 제1항에 따른 공정거래위원회, 시ㆍ도지사 또는 시장ㆍ군수ㆍ구청장의 정보검색을 정당한 사유 없이 거부하거나 방해하여서는 아니 된다. <개정 2023.3.21>
③ 공정거래위원회, 시ㆍ도지사 또는 시장ㆍ군수ㆍ구청장은 소비자피해에 관한 정보를 효율적으로 수집하고 이용하기 위하여 필요하면 대통령령으로 정하는 바에 따라 전자상거래나 통신판매에서의 소비자보호 관련 업무를 수행하는 기관(「공공기관의 운영에 관한 법률」 제4조에 따른 공공기관으로 한정한다. 이하 이 조에서 같다)이나 법인ㆍ단체에 관련 자료를 제출하거나 공유하도록 요구할 수 있다. <개정 2023.3.21>
④ 제3항에 따라 공정거래위원회, 시ㆍ도지사 또는 시장ㆍ군수ㆍ구청장으로부터 자료 요구를 받은 기관이나 법인ㆍ단체는 정당한 사유가 없으면 자료 제출이나 자료 공유를 거부하여서는 아니 된다. <개정 2023.3.21>",https://www.law.go.kr/법령/전자상거래 등에서의 소비자보호에 관한 법률
009318,전자상거래 등에서의 소비자보호에 관한 법률,법률,공정거래위원회,20260721,20260120,28,,위법행위 등에 대한 정보공개,제28조(위법행위 등에 대한 정보공개) 공정거래위원회는 전자상거래 및 통신판매의 공정거래질서를 확립하고 소비자피해를 예방하기 위하여 제27조제1항에 따라 검색된 정보 중 사업자가 이 법을 위반한 행위나 그 밖에 소비자피해의 예방을 위하여 필요한 관련 정보를 대통령령으로 정하는 바에 따라 공개할 수 있다.,,제28조(위법행위 등에 대한 정보공개) 공정거래위원회는 전자상거래 및 통신판매의 공정거래질서를 확립하고 소비자피해를 예방하기 위하여 제27조제1항에 따라 검색된 정보 중 사업자가 이 법을 위반한 행위나 그 밖에 소비자피해의 예방을 위하여 필요한 관련 정보를 대통령령으로 정하는 바에 따라 공개할 수 있다.,"법령명: 전자상거래 등에서의 소비자보호에 관한 법률
조문: 제28조 (위법행위 등에 대한 정보공개)
내용: 제28조(위법행위 등에 대한 정보공개) 공정거래위원회는 전자상거래 및 통신판매의 공정거래질서를 확립하고 소비자피해를 예방하기 위하여 제27조제1항에 따라 검색된 정보 중 사업자가 이 법을 위반한 행위나 그 밖에 소비자피해의 예방을 위하여 필요한 관련 정보를 대통령령으로 정하는 바에 따라 공개할 수 있다.",https://www.law.go.kr/법령/전자상거래 등에서의 소비자보호에 관한 법률
009318,전자상거래 등에서의 소비자보호에 관한 법률,법률,공정거래위원회,20260721,20260120,29,,평가ㆍ인증 사업의 공정화,제29조(평가ㆍ인증 사업의 공정화),"① 전자상거래 및 통신판매의 공정화와 소비자보호를 위하여 관련 사업자의 평가ㆍ인증 등의 업무를 수행하는 자(이하 ""평가ㆍ인증 사업자""라 한다)는 그 명칭에 관계없이 대통령령으로 정하는 바에 따라 그 평가ㆍ인증에 관한 기준, 방법 등을 공시하고, 그에 따라 공정하게 평가ㆍ인증하여야 한다.
② 제1항에 따른 평가ㆍ인증의 기준 및 방법은 사업자가 거래의 공정화와 소비자보호를 위하여 한 노력과 그 성과에 관한 정보를 전달하는 데에 적절한 것이어야 한다.
③ 공정거래위원회는 평가ㆍ인증 사업자에게 운용 상황 등에 관한 자료를 제출하게 할 수 있다.","제29조(평가ㆍ인증 사업의 공정화)
① 전자상거래 및 통신판매의 공정화와 소비자보호를 위하여 관련 사업자의 평가ㆍ인증 등의 업무를 수행하는 자(이하 ""평가ㆍ인증 사업자""라 한다)는 그 명칭에 관계없이 대통령령으로 정하는 바에 따라 그 평가ㆍ인증에 관한 기준, 방법 등을 공시하고, 그에 따라 공정하게 평가ㆍ인증하여야 한다.
② 제1항에 따른 평가ㆍ인증의 기준 및 방법은 사업자가 거래의 공정화와 소비자보호를 위하여 한 노력과 그 성과에 관한 정보를 전달하는 데에 적절한 것이어야 한다.
③ 공정거래위원회는 평가ㆍ인증 사업자에게 운용 상황 등에 관한 자료를 제출하게 할 수 있다.","법령명: 전자상거래 등에서의 소비자보호에 관한 법률
조문: 제29조 (평가ㆍ인증 사업의 공정화)
내용: 제29조(평가ㆍ인증 사업의 공정화)
① 전자상거래 및 통신판매의 공정화와 소비자보호를 위하여 관련 사업자의 평가ㆍ인증 등의 업무를 수행하는 자(이하 ""평가ㆍ인증 사업자""라 한다)는 그 명칭에 관계없이 대통령령으로 정하는 바에 따라 그 평가ㆍ인증에 관한 기준, 방법 등을 공시하고, 그에 따라 공정하게 평가ㆍ인증하여야 한다.
② 제1항에 따른 평가ㆍ인증의 기준 및 방법은 사업자가 거래의 공정화와 소비자보호를 위하여 한 노력과 그 성과에 관한 정보를 전달하는 데에 적절한 것이어야 한다.
③ 공정거래위원회는 평가ㆍ인증 사업자에게 운용 상황 등에 관한 자료를 제출하게 할 수 있다.",https://www.law.go.kr/법령/전자상거래 등에서의 소비자보호에 관한 법률
009318,전자상거래 등에서의 소비자보호에 관한 법률,법률,공정거래위원회,20260721,20260120,30,,보고 및 감독,제30조(보고 및 감독),"① 제31조에 따라 시정권고를 하는 경우에는 시ㆍ도지사는 공정거래위원회에, 시장ㆍ군수ㆍ구청장은 공정거래위원회 및 시ㆍ도지사에게 대통령령으로 정하는 바에 따라 그 결과를 보고하여야 한다.
② 공정거래위원회는 이 법을 효율적으로 시행하기 위하여 필요하다고 인정할 때에는 그 소관 사항에 관하여 시ㆍ도지사 또는 시장ㆍ군수ㆍ구청장에게 조사ㆍ확인 또는 자료 제출을 요구하거나 그 밖에 시정에 필요한 조치를 할 것을 요구할 수 있다. 이 경우 해당 시ㆍ도지사 또는 시장ㆍ군수ㆍ구청장은 특별한 사유가 없으면 그 요구에 따라야 한다.","제30조(보고 및 감독)
① 제31조에 따라 시정권고를 하는 경우에는 시ㆍ도지사는 공정거래위원회에, 시장ㆍ군수ㆍ구청장은 공정거래위원회 및 시ㆍ도지사에게 대통령령으로 정하는 바에 따라 그 결과를 보고하여야 한다.
② 공정거래위원회는 이 법을 효율적으로 시행하기 위하여 필요하다고 인정할 때에는 그 소관 사항에 관하여 시ㆍ도지사 또는 시장ㆍ군수ㆍ구청장에게 조사ㆍ확인 또는 자료 제출을 요구하거나 그 밖에 시정에 필요한 조치를 할 것을 요구할 수 있다. 이 경우 해당 시ㆍ도지사 또는 시장ㆍ군수ㆍ구청장은 특별한 사유가 없으면 그 요구에 따라야 한다.","법령명: 전자상거래 등에서의 소비자보호에 관한 법률
조문: 제30조 (보고 및 감독)
내용: 제30조(보고 및 감독)
① 제31조에 따라 시정권고를 하는 경우에는 시ㆍ도지사는 공정거래위원회에, 시장ㆍ군수ㆍ구청장은 공정거래위원회 및 시ㆍ도지사에게 대통령령으로 정하는 바에 따라 그 결과를 보고하여야 한다.
② 공정거래위원회는 이 법을 효율적으로 시행하기 위하여 필요하다고 인정할 때에는 그 소관 사항에 관하여 시ㆍ도지사 또는 시장ㆍ군수ㆍ구청장에게 조사ㆍ확인 또는 자료 제출을 요구하거나 그 밖에 시정에 필요한 조치를 할 것을 요구할 수 있다. 이 경우 해당 시ㆍ도지사 또는 시장ㆍ군수ㆍ구청장은 특별한 사유가 없으면 그 요구에 따라야 한다.",https://www.law.go.kr/법령/전자상거래 등에서의 소비자보호에 관한 법률
009318,전자상거래 등에서의 소비자보호에 관한 법률,법률,공정거래위원회,20260721,20260120,31,,위반행위의 시정권고,제31조(위반행위의 시정권고),"① 공정거래위원회, 시ㆍ도지사 또는 시장ㆍ군수ㆍ구청장은 사업자가 이 법을 위반하는 행위를 하거나 이 법에 따른 의무를 이행하지 아니한 경우에는 제32조의 시정조치를 명하기 전에 그 사업자가 그 위반행위를 중지하거나 이 법에 규정된 의무 또는 제32조에 따른 시정을 위하여 필요한 조치를 이행하도록 시정방안을 정하여 해당 사업자에게 이에 따를 것을 권고할 수 있다. 이 경우 그 사업자가 권고를 수락하면 제3항에 따라 시정조치를 명한 것으로 본다는 뜻을 함께 알려야 한다.
② 제1항에 따라 시정권고를 받은 사업자는 그 통지를 받은 날부터 10일 이내에 그 권고의 수락 여부를 그 권고를 한 행정청에 알려야 한다.
③ 제1항에 따라 시정권고를 받은 자가 그 권고를 수락하면 제32조에 따른 시정조치를 명한 것으로 본다.","제31조(위반행위의 시정권고)
① 공정거래위원회, 시ㆍ도지사 또는 시장ㆍ군수ㆍ구청장은 사업자가 이 법을 위반하는 행위를 하거나 이 법에 따른 의무를 이행하지 아니한 경우에는 제32조의 시정조치를 명하기 전에 그 사업자가 그 위반행위를 중지하거나 이 법에 규정된 의무 또는 제32조에 따른 시정을 위하여 필요한 조치를 이행하도록 시정방안을 정하여 해당 사업자에게 이에 따를 것을 권고할 수 있다. 이 경우 그 사업자가 권고를 수락하면 제3항에 따라 시정조치를 명한 것으로 본다는 뜻을 함께 알려야 한다.
② 제1항에 따라 시정권고를 받은 사업자는 그 통지를 받은 날부터 10일 이내에 그 권고의 수락 여부를 그 권고를 한 행정청에 알려야 한다.
③ 제1항에 따라 시정권고를 받은 자가 그 권고를 수락하면 제32조에 따른 시정조치를 명한 것으로 본다.","법령명: 전자상거래 등에서의 소비자보호에 관한 법률
조문: 제31조 (위반행위의 시정권고)
내용: 제31조(위반행위의 시정권고)
① 공정거래위원회, 시ㆍ도지사 또는 시장ㆍ군수ㆍ구청장은 사업자가 이 법을 위반하는 행위를 하거나 이 법에 따른 의무를 이행하지 아니한 경우에는 제32조의 시정조치를 명하기 전에 그 사업자가 그 위반행위를 중지하거나 이 법에 규정된 의무 또는 제32조에 따른 시정을 위하여 필요한 조치를 이행하도록 시정방안을 정하여 해당 사업자에게 이에 따를 것을 권고할 수 있다. 이 경우 그 사업자가 권고를 수락하면 제3항에 따라 시정조치를 명한 것으로 본다는 뜻을 함께 알려야 한다.
② 제1항에 따라 시정권고를 받은 사업자는 그 통지를 받은 날부터 10일 이내에 그 권고의 수락 여부를 그 권고를 한 행정청에 알려야 한다.
③ 제1항에 따라 시정권고를 받은 자가 그 권고를 수락하면 제32조에 따른 시정조치를 명한 것으로 본다.",https://www.law.go.kr/법령/전자상거래 등에서의 소비자보호에 관한 법률
009318,전자상거래 등에서의 소비자보호에 관한 법률,법률,공정거래위원회,20260721,20260120,32,,시정조치 등,제32조(시정조치 등),"① 공정거래위원회는 사업자가 다음 각 호의 어느 하나에 해당하는 행위를 하거나 이 법에 따른 의무를 이행하지 아니하는 경우에는 해당 사업자에게 그 시정조치를 명할 수 있다. <개정 2016.3.29, 2024.2.13, 2026.1.20>
1. 제5조제2항부터 제5항까지, 제6조제1항, 제7조, 제8조, 제9조, 제9조의2, 제10조, 제11조, 제12조제1항부터 제3항까지, 제13조제1항부터 제3항까지 및 제5항ㆍ제6항, 제14조, 제15조, 제18조, 제19조제1항, 제20조, 제20조의2, 제20조의3, 제20조의4, 제20조의5제1항부터 제3항까지 및 제5항, 제21조의4제1항, 제22조제1항, 제23조제2항, 제24조제1항ㆍ제2항 및 제5항부터 제9항까지, 제27조제2항, 제29조제1항 및 제2항, 제32조의4제2항을 위반하는 행위
2. 제21조제1항 각 호의 금지행위 중 어느 하나에 해당하는 행위
3. 제21조의2제1항 각 호의 금지행위 중 어느 하나에 해당하는 행위
② 제1항에 따른 시정조치는 다음 각 호의 어느 하나에 해당하는 조치를 말한다.
1. 해당 위반행위의 중지
2. 이 법에 규정된 의무의 이행
3. 시정조치를 받은 사실의 공표
4. 소비자피해 예방 및 구제에 필요한 조치
5. 그 밖에 위반행위의 시정을 위하여 필요한 조치
③ 제2항제3호에 따른 시정조치를 받은 사실의 공표에 필요한 사항과 같은 항 제4호에 따른 소비자피해 예방 및 구제에 필요한 조치의 구체적인 내용은 대통령령으로 정한다.
④ 공정거래위원회는 다음 각 호의 어느 하나에 해당하는 경우에는 대통령령으로 정하는 바에 따라 1년 이내의 기간을 정하여 그 영업의 전부 또는 일부의 정지를 명할 수 있다. <개정 2016.3.29, 2018.6.12>
1. 제1항에 따른 시정조치명령에도 불구하고 위반행위가 대통령령으로 정하는 기준 이상으로 반복되는 경우
2. 시정조치명령에 따른 이행을 하지 아니한 경우
3. 시정조치만으로는 소비자피해의 방지가 어렵거나 소비자에 대한 피해보상이 불가능하다고 판단되는 경우","제32조(시정조치 등)
① 공정거래위원회는 사업자가 다음 각 호의 어느 하나에 해당하는 행위를 하거나 이 법에 따른 의무를 이행하지 아니하는 경우에는 해당 사업자에게 그 시정조치를 명할 수 있다. <개정 2016.3.29, 2024.2.13, 2026.1.20>
1. 제5조제2항부터 제5항까지, 제6조제1항, 제7조, 제8조, 제9조, 제9조의2, 제10조, 제11조, 제12조제1항부터 제3항까지, 제13조제1항부터 제3항까지 및 제5항ㆍ제6항, 제14조, 제15조, 제18조, 제19조제1항, 제20조, 제20조의2, 제20조의3, 제20조의4, 제20조의5제1항부터 제3항까지 및 제5항, 제21조의4제1항, 제22조제1항, 제23조제2항, 제24조제1항ㆍ제2항 및 제5항부터 제9항까지, 제27조제2항, 제29조제1항 및 제2항, 제32조의4제2항을 위반하는 행위
2. 제21조제1항 각 호의 금지행위 중 어느 하나에 해당하는 행위
3. 제21조의2제1항 각 호의 금지행위 중 어느 하나에 해당하는 행위
② 제1항에 따른 시정조치는 다음 각 호의 어느 하나에 해당하는 조치를 말한다.
1. 해당 위반행위의 중지
2. 이 법에 규정된 의무의 이행
3. 시정조치를 받은 사실의 공표
4. 소비자피해 예방 및 구제에 필요한 조치
5. 그 밖에 위반행위의 시정을 위하여 필요한 조치
③ 제2항제3호에 따른 시정조치를 받은 사실의 공표에 필요한 사항과 같은 항 제4호에 따른 소비자피해 예방 및 구제에 필요한 조치의 구체적인 내용은 대통령령으로 정한다.
④ 공정거래위원회는 다음 각 호의 어느 하나에 해당하는 경우에는 대통령령으로 정하는 바에 따라 1년 이내의 기간을 정하여 그 영업의 전부 또는 일부의 정지를 명할 수 있다. <개정 2016.3.29, 2018.6.12>
1. 제1항에 따른 시정조치명령에도 불구하고 위반행위가 대통령령으로 정하는 기준 이상으로 반복되는 경우
2. 시정조치명령에 따른 이행을 하지 아니한 경우
3. 시정조치만으로는 소비자피해의 방지가 어렵거나 소비자에 대한 피해보상이 불가능하다고 판단되는 경우","법령명: 전자상거래 등에서의 소비자보호에 관한 법률
조문: 제32조 (시정조치 등)
내용: 제32조(시정조치 등)
① 공정거래위원회는 사업자가 다음 각 호의 어느 하나에 해당하는 행위를 하거나 이 법에 따른 의무를 이행하지 아니하는 경우에는 해당 사업자에게 그 시정조치를 명할 수 있다. <개정 2016.3.29, 2024.2.13, 2026.1.20>
1. 제5조제2항부터 제5항까지, 제6조제1항, 제7조, 제8조, 제9조, 제9조의2, 제10조, 제11조, 제12조제1항부터 제3항까지, 제13조제1항부터 제3항까지 및 제5항ㆍ제6항, 제14조, 제15조, 제18조, 제19조제1항, 제20조, 제20조의2, 제20조의3, 제20조의4, 제20조의5제1항부터 제3항까지 및 제5항, 제21조의4제1항, 제22조제1항, 제23조제2항, 제24조제1항ㆍ제2항 및 제5항부터 제9항까지, 제27조제2항, 제29조제1항 및 제2항, 제32조의4제2항을 위반하는 행위
2. 제21조제1항 각 호의 금지행위 중 어느 하나에 해당하는 행위
3. 제21조의2제1항 각 호의 금지행위 중 어느 하나에 해당하는 행위
② 제1항에 따른 시정조치는 다음 각 호의 어느 하나에 해당하는 조치를 말한다.
1. 해당 위반행위의 중지
2. 이 법에 규정된 의무의 이행
3. 시정조치를 받은 사실의 공표
4. 소비자피해 예방 및 구제에 필요한 조치
5. 그 밖에 위반행위의 시정을 위하여 필요한 조치
③ 제2항제3호에 따른 시정조치를 받은 사실의 공표에 필요한 사항과 같은 항 제4호에 따른 소비자피해 예방 및 구제에 필요한 조치의 구체적인 내용은 대통령령으로 정한다.
④ 공정거래위원회는 다음 각 호의 어느 하나에 해당하는 경우에는 대통령령으로 정하는 바에 따라 1년 이내의 기간을 정하여 그 영업의 전부 또는 일부의 정지를 명할 수 있다. <개정 2016.3.29, 2018.6.12>
1. 제1항에 따른 시정조치명령에도 불구하고 위반행위가 대통령령으로 정하는 기준 이상으로 반복되는 경우
2. 시정조치명령에 따른 이행을 하지 아니한 경우
3. 시정조치만으로는 소비자피해의 방지가 어렵거나 소비자에 대한 피해보상이 불가능하다고 판단되는 경우",https://www.law.go.kr/법령/전자상거래 등에서의 소비자보호에 관한 법률
009318,전자상거래 등에서의 소비자보호에 관한 법률,법률,공정거래위원회,20260721,20260120,32,2,동의의결,제32조의2(동의의결),"① 공정거래위원회의 조사나 심의를 받고 있는 사업자(이하 이 조에서 ""신청인""이라 한다)는 해당 조사나 심의의 대상이 되는 행위(이하 이 조에서 ""해당 행위""라 한다)로 인한 소비자 권익 침해 상태의 자발적 해소 등 거래질서의 개선, 소비자 피해 구제 등을 위하여 제3항에 따른 동의의결을 하여 줄 것을 공정거래위원회에 신청할 수 있다. 다만, 동의의결이 있기 전 신청인이 신청을 취소하는 경우 공정거래위원회는 동의의결을 하지 아니하고 이 법에 따른 심의 절차를 진행하여야 한다.
② 신청인이 제1항에 따른 신청을 하는 경우 다음 각 호의 사항을 기재한 서면으로 하여야 한다.
1. 해당 행위를 특정할 수 있는 사실관계
2. 해당 행위의 중지, 소비자 권익 침해 상태의 해소 등 거래질서의 적극적 개선을 위하여 필요한 시정방안
3. 소비자 또는 다른 사업자의 피해를 구제하거나 예방하기 위하여 필요한 시정방안
③ 공정거래위원회는 해당 행위의 사실관계에 대한 조사를 마친 후 제2항제2호 및 제3호에 따른 시정방안(이하 이 조에서 ""시정방안""이라 한다)이 다음 각 호의 요건을 모두 충족한다고 판단되는 경우에는 해당 행위 관련 심의 절차를 중단하고 시정방안과 같은 취지의 의결(이하 이 조 및 제32조의3에서 ""동의의결""이라 한다)을 할 수 있다. 이 경우 신청인과 협의를 거쳐 시정방안을 수정할 수 있다.
1. 해당 행위가 이 법을 위반한 것으로 판단될 경우에 예상되는 시정조치, 그 밖의 제재와 균형을 이룰 것
2. 공정하고 자유로운 거래질서를 회복시키거나 소비자 또는 다른 사업자를 보호하기에 적절하다고 인정될 것
④ 공정거래위원회의 동의의결은 해당 행위가 이 법에 위반된다고 인정한 것을 의미하지 아니하며, 누구든지 신청인이 동의의결을 받은 사실을 들어 해당 행위가 이 법에 위반된다고 주장할 수 없다.
⑤ 동의의결의 절차 및 취소에 관하여는 「독점규제 및 공정거래에 관한 법률」 제90조 및 제91조를 준용한다. 이 경우 같은 법 제90조제2항제3호 중 ""제89조제3항""은 ""이 법 제32조의2제3항""으로, 같은 법 제90조제3항 단서 중 ""제124조부터 제127조까지의 규정""은 ""이 법 제40조, 제42조 및 제43조""로, 같은 법 제90조제10항 각 호 외의 부분 본문 중 ""제80조제4항 및 제5항""은 ""이 법 제26조제5항""으로, ""제89조제1항""은 ""이 법 제32조의2제1항""으로, 같은 법 제91조제2항 전단 중 ""제89조제1항""은 ""이 법 제32조의2제1항""으로, 같은 법 제91조제2항 후단 중 ""제89조부터 제92조까지의 규정""은 ""이 법 제32조의2 및 제32조의3""으로, 같은 법 제91조제3항 중 ""제89조제3항""은 ""이 법 제32조의2제3항""으로 본다.","제32조의2(동의의결)
① 공정거래위원회의 조사나 심의를 받고 있는 사업자(이하 이 조에서 ""신청인""이라 한다)는 해당 조사나 심의의 대상이 되는 행위(이하 이 조에서 ""해당 행위""라 한다)로 인한 소비자 권익 침해 상태의 자발적 해소 등 거래질서의 개선, 소비자 피해 구제 등을 위하여 제3항에 따른 동의의결을 하여 줄 것을 공정거래위원회에 신청할 수 있다. 다만, 동의의결이 있기 전 신청인이 신청을 취소하는 경우 공정거래위원회는 동의의결을 하지 아니하고 이 법에 따른 심의 절차를 진행하여야 한다.
② 신청인이 제1항에 따른 신청을 하는 경우 다음 각 호의 사항을 기재한 서면으로 하여야 한다.
1. 해당 행위를 특정할 수 있는 사실관계
2. 해당 행위의 중지, 소비자 권익 침해 상태의 해소 등 거래질서의 적극적 개선을 위하여 필요한 시정방안
3. 소비자 또는 다른 사업자의 피해를 구제하거나 예방하기 위하여 필요한 시정방안
③ 공정거래위원회는 해당 행위의 사실관계에 대한 조사를 마친 후 제2항제2호 및 제3호에 따른 시정방안(이하 이 조에서 ""시정방안""이라 한다)이 다음 각 호의 요건을 모두 충족한다고 판단되는 경우에는 해당 행위 관련 심의 절차를 중단하고 시정방안과 같은 취지의 의결(이하 이 조 및 제32조의3에서 ""동의의결""이라 한다)을 할 수 있다. 이 경우 신청인과 협의를 거쳐 시정방안을 수정할 수 있다.
1. 해당 행위가 이 법을 위반한 것으로 판단될 경우에 예상되는 시정조치, 그 밖의 제재와 균형을 이룰 것
2. 공정하고 자유로운 거래질서를 회복시키거나 소비자 또는 다른 사업자를 보호하기에 적절하다고 인정될 것
④ 공정거래위원회의 동의의결은 해당 행위가 이 법에 위반된다고 인정한 것을 의미하지 아니하며, 누구든지 신청인이 동의의결을 받은 사실을 들어 해당 행위가 이 법에 위반된다고 주장할 수 없다.
⑤ 동의의결의 절차 및 취소에 관하여는 「독점규제 및 공정거래에 관한 법률」 제90조 및 제91조를 준용한다. 이 경우 같은 법 제90조제2항제3호 중 ""제89조제3항""은 ""이 법 제32조의2제3항""으로, 같은 법 제90조제3항 단서 중 ""제124조부터 제127조까지의 규정""은 ""이 법 제40조, 제42조 및 제43조""로, 같은 법 제90조제10항 각 호 외의 부분 본문 중 ""제80조제4항 및 제5항""은 ""이 법 제26조제5항""으로, ""제89조제1항""은 ""이 법 제32조의2제1항""으로, 같은 법 제91조제2항 전단 중 ""제89조제1항""은 ""이 법 제32조의2제1항""으로, 같은 법 제91조제2항 후단 중 ""제89조부터 제92조까지의 규정""은 ""이 법 제32조의2 및 제32조의3""으로, 같은 법 제91조제3항 중 ""제89조제3항""은 ""이 법 제32조의2제3항""으로 본다.","법령명: 전자상거래 등에서의 소비자보호에 관한 법률
조문: 제32조의2 (동의의결)
내용: 제32조의2(동의의결)
① 공정거래위원회의 조사나 심의를 받고 있는 사업자(이하 이 조에서 ""신청인""이라 한다)는 해당 조사나 심의의 대상이 되는 행위(이하 이 조에서 ""해당 행위""라 한다)로 인한 소비자 권익 침해 상태의 자발적 해소 등 거래질서의 개선, 소비자 피해 구제 등을 위하여 제3항에 따른 동의의결을 하여 줄 것을 공정거래위원회에 신청할 수 있다. 다만, 동의의결이 있기 전 신청인이 신청을 취소하는 경우 공정거래위원회는 동의의결을 하지 아니하고 이 법에 따른 심의 절차를 진행하여야 한다.
② 신청인이 제1항에 따른 신청을 하는 경우 다음 각 호의 사항을 기재한 서면으로 하여야 한다.
1. 해당 행위를 특정할 수 있는 사실관계
2. 해당 행위의 중지, 소비자 권익 침해 상태의 해소 등 거래질서의 적극적 개선을 위하여 필요한 시정방안
3. 소비자 또는 다른 사업자의 피해를 구제하거나 예방하기 위하여 필요한 시정방안
③ 공정거래위원회는 해당 행위의 사실관계에 대한 조사를 마친 후 제2항제2호 및 제3호에 따른 시정방안(이하 이 조에서 ""시정방안""이라 한다)이 다음 각 호의 요건을 모두 충족한다고 판단되는 경우에는 해당 행위 관련 심의 절차를 중단하고 시정방안과 같은 취지의 의결(이하 이 조 및 제32조의3에서 ""동의의결""이라 한다)을 할 수 있다. 이 경우 신청인과 협의를 거쳐 시정방안을 수정할 수 있다.
1. 해당 행위가 이 법을 위반한 것으로 판단될 경우에 예상되는 시정조치, 그 밖의 제재와 균형을 이룰 것
2. 공정하고 자유로운 거래질서를 회복시키거나 소비자 또는 다른 사업자를 보호하기에 적절하다고 인정될 것
④ 공정거래위원회의 동의의결은 해당 행위가 이 법에 위반된다고 인정한 것을 의미하지 아니하며, 누구든지 신청인이 동의의결을 받은 사실을 들어 해당 행위가 이 법에 위반된다고 주장할 수 없다.
⑤ 동의의결의 절차 및 취소에 관하여는 「독점규제 및 공정거래에 관한 법률」 제90조 및 제91조를 준용한다. 이 경우 같은 법 제90조제2항제3호 중 ""제89조제3항""은 ""이 법 제32조의2제3항""으로, 같은 법 제90조제3항 단서 중 ""제124조부터 제127조까지의 규정""은 ""이 법 제40조, 제42조 및 제43조""로, 같은 법 제90조제10항 각 호 외의 부분 본문 중 ""제80조제4항 및 제5항""은 ""이 법 제26조제5항""으로, ""제89조제1항""은 ""이 법 제32조의2제1항""으로, 같은 법 제91조제2항 전단 중 ""제89조제1항""은 ""이 법 제32조의2제1항""으로, 같은 법 제91조제2항 후단 중 ""제89조부터 제92조까지의 규정""은 ""이 법 제32조의2 및 제32조의3""으로, 같은 법 제91조제3항 중 ""제89조제3항""은 ""이 법 제32조의2제3항""으로 본다.",https://www.law.go.kr/법령/전자상거래 등에서의 소비자보호에 관한 법률
009318,전자상거래 등에서의 소비자보호에 관한 법률,법률,공정거래위원회,20260721,20260120,32,3,이행강제금,제32조의3(이행강제금),"① 공정거래위원회는 정당한 이유 없이 동의의결 시 정한 이행기한까지 동의의결을 이행하지 아니한 자에게 동의의결이 이행되거나 취소되기 전까지 이행기한이 지난 날부터 1일당 200만원 이하의 이행강제금을 부과할 수 있다.
② 이행강제금의 부과ㆍ납부ㆍ징수 및 환급 등에 관하여는 「독점규제 및 공정거래에 관한 법률」 제16조제2항부터 제4항까지를 준용한다.","제32조의3(이행강제금)
① 공정거래위원회는 정당한 이유 없이 동의의결 시 정한 이행기한까지 동의의결을 이행하지 아니한 자에게 동의의결이 이행되거나 취소되기 전까지 이행기한이 지난 날부터 1일당 200만원 이하의 이행강제금을 부과할 수 있다.
② 이행강제금의 부과ㆍ납부ㆍ징수 및 환급 등에 관하여는 「독점규제 및 공정거래에 관한 법률」 제16조제2항부터 제4항까지를 준용한다.","법령명: 전자상거래 등에서의 소비자보호에 관한 법률
조문: 제32조의3 (이행강제금)
내용: 제32조의3(이행강제금)
① 공정거래위원회는 정당한 이유 없이 동의의결 시 정한 이행기한까지 동의의결을 이행하지 아니한 자에게 동의의결이 이행되거나 취소되기 전까지 이행기한이 지난 날부터 1일당 200만원 이하의 이행강제금을 부과할 수 있다.
② 이행강제금의 부과ㆍ납부ㆍ징수 및 환급 등에 관하여는 「독점규제 및 공정거래에 관한 법률」 제16조제2항부터 제4항까지를 준용한다.",https://www.law.go.kr/법령/전자상거래 등에서의 소비자보호에 관한 법률
009318,전자상거래 등에서의 소비자보호에 관한 법률,법률,공정거래위원회,20260721,20260120,32,4,임시중지명령,제32조의4(임시중지명령),"① 공정거래위원회는 전자상거래를 하는 사업자 또는 통신판매업자의 행위가 다음 각 호에 모두 해당하는 경우에는 전자상거래를 하는 사업자 또는 통신판매업자에 대하여 해당 행위의 중지, 전자상거래 또는 통신판매의 전부 또는 일부의 일시 중지(이하 ""임시중지""라 한다)를 대통령령으로 정하는 바에 따라 명할 수 있다. <개정 2026.1.20>
1. 제21조제1항제1호에 해당하는 행위임이 명백하다고 판단되는 경우
2. 해당 행위로 인하여 다수의 소비자에게 회복하기 어려운 손해가 확산될 우려가 있어 이를 예방할 긴급한 필요성이 인정되는 경우
② 공정거래위원회는 임시중지를 위하여 필요한 경우 호스팅서비스를 제공하는 자, 통신판매중개자, 전자게시판서비스 제공자 등에게 해당 역무제공의 중단 등 대통령령으로 정하는 조치를 취할 것을 요청할 수 있으며, 그 요청을 받은 사업자는 정당한 사유가 없으면 이에 따라야 한다. <개정 2026.1.20>
③ 「소비자기본법」 제29조에 따라 등록한 소비자단체나 그 밖에 대통령령으로 정하는 기관ㆍ단체는 전자상거래를 하는 사업자 또는 통신판매업자의 행위가 제1항 각 호에 모두 해당한다고 인정될 때에는 서면(전자문서를 포함한다)으로 공정거래위원회에 임시중지를 명하도록 요청할 수 있다. <개정 2026.1.20>
④ 제1항에 따른 명령에 불복하는 자는 그 명령을 받은 날부터 7일 이내에 공정거래위원회에 이의를 제기할 수 있다.
⑤ 공정거래위원회는 제1항에 따른 명령을 받은 자가 제4항에 따라 이의를 제기하였을 때에는 지체 없이 서울고등법원에 그 사실을 통보하여야 하며, 통보를 받은 서울고등법원은 「비송사건절차법」에 따라 재판을 한다.
⑥ 제5항에 따른 재판을 할 때에는 「비송사건절차법」 제15조를 적용하지 아니한다.","제32조의4(임시중지명령)
① 공정거래위원회는 전자상거래를 하는 사업자 또는 통신판매업자의 행위가 다음 각 호에 모두 해당하는 경우에는 전자상거래를 하는 사업자 또는 통신판매업자에 대하여 해당 행위의 중지, 전자상거래 또는 통신판매의 전부 또는 일부의 일시 중지(이하 ""임시중지""라 한다)를 대통령령으로 정하는 바에 따라 명할 수 있다. <개정 2026.1.20>
1. 제21조제1항제1호에 해당하는 행위임이 명백하다고 판단되는 경우
2. 해당 행위로 인하여 다수의 소비자에게 회복하기 어려운 손해가 확산될 우려가 있어 이를 예방할 긴급한 필요성이 인정되는 경우
② 공정거래위원회는 임시중지를 위하여 필요한 경우 호스팅서비스를 제공하는 자, 통신판매중개자, 전자게시판서비스 제공자 등에게 해당 역무제공의 중단 등 대통령령으로 정하는 조치를 취할 것을 요청할 수 있으며, 그 요청을 받은 사업자는 정당한 사유가 없으면 이에 따라야 한다. <개정 2026.1.20>
③ 「소비자기본법」 제29조에 따라 등록한 소비자단체나 그 밖에 대통령령으로 정하는 기관ㆍ단체는 전자상거래를 하는 사업자 또는 통신판매업자의 행위가 제1항 각 호에 모두 해당한다고 인정될 때에는 서면(전자문서를 포함한다)으로 공정거래위원회에 임시중지를 명하도록 요청할 수 있다. <개정 2026.1.20>
④ 제1항에 따른 명령에 불복하는 자는 그 명령을 받은 날부터 7일 이내에 공정거래위원회에 이의를 제기할 수 있다.
⑤ 공정거래위원회는 제1항에 따른 명령을 받은 자가 제4항에 따라 이의를 제기하였을 때에는 지체 없이 서울고등법원에 그 사실을 통보하여야 하며, 통보를 받은 서울고등법원은 「비송사건절차법」에 따라 재판을 한다.
⑥ 제5항에 따른 재판을 할 때에는 「비송사건절차법」 제15조를 적용하지 아니한다.","법령명: 전자상거래 등에서의 소비자보호에 관한 법률
조문: 제32조의4 (임시중지명령)
내용: 제32조의4(임시중지명령)
① 공정거래위원회는 전자상거래를 하는 사업자 또는 통신판매업자의 행위가 다음 각 호에 모두 해당하는 경우에는 전자상거래를 하는 사업자 또는 통신판매업자에 대하여 해당 행위의 중지, 전자상거래 또는 통신판매의 전부 또는 일부의 일시 중지(이하 ""임시중지""라 한다)를 대통령령으로 정하는 바에 따라 명할 수 있다. <개정 2026.1.20>
1. 제21조제1항제1호에 해당하는 행위임이 명백하다고 판단되는 경우
2. 해당 행위로 인하여 다수의 소비자에게 회복하기 어려운 손해가 확산될 우려가 있어 이를 예방할 긴급한 필요성이 인정되는 경우
② 공정거래위원회는 임시중지를 위하여 필요한 경우 호스팅서비스를 제공하는 자, 통신판매중개자, 전자게시판서비스 제공자 등에게 해당 역무제공의 중단 등 대통령령으로 정하는 조치를 취할 것을 요청할 수 있으며, 그 요청을 받은 사업자는 정당한 사유가 없으면 이에 따라야 한다. <개정 2026.1.20>
③ 「소비자기본법」 제29조에 따라 등록한 소비자단체나 그 밖에 대통령령으로 정하는 기관ㆍ단체는 전자상거래를 하는 사업자 또는 통신판매업자의 행위가 제1항 각 호에 모두 해당한다고 인정될 때에는 서면(전자문서를 포함한다)으로 공정거래위원회에 임시중지를 명하도록 요청할 수 있다. <개정 2026.1.20>
④ 제1항에 따른 명령에 불복하는 자는 그 명령을 받은 날부터 7일 이내에 공정거래위원회에 이의를 제기할 수 있다.
⑤ 공정거래위원회는 제1항에 따른 명령을 받은 자가 제4항에 따라 이의를 제기하였을 때에는 지체 없이 서울고등법원에 그 사실을 통보하여야 하며, 통보를 받은 서울고등법원은 「비송사건절차법」에 따라 재판을 한다.
⑥ 제5항에 따른 재판을 할 때에는 「비송사건절차법」 제15조를 적용하지 아니한다.",https://www.law.go.kr/법령/전자상거래 등에서의 소비자보호에 관한 법률
009318,전자상거래 등에서의 소비자보호에 관한 법률,법률,공정거래위원회,20260721,20260120,33,,소비자피해 분쟁조정의 요청,제33조(소비자피해 분쟁조정의 요청),"① 공정거래위원회, 시ㆍ도지사 또는 시장ㆍ군수ㆍ구청장은 전자상거래 또는 통신판매에서의 이 법 위반행위와 관련하여 소비자의 피해구제신청이 있는 경우에는 제31조에 따른 시정권고 또는 제32조에 따른 시정조치 등을 하기 전에 전자상거래 또는 통신판매에서의 소비자보호 관련 업무를 수행하는 기관이나 단체 등 대통령령으로 정하는 소비자피해 분쟁조정기구(이하 ""소비자피해 분쟁조정기구""라 한다)에 조정을 의뢰할 수 있다.
② 공정거래위원회, 시ㆍ도지사 또는 시장ㆍ군수ㆍ구청장은 소비자피해 분쟁조정기구의 권고안 또는 조정안을 당사자가 수락하고 이행한 경우에는 제32조에 따른 시정조치를 하지 아니한다는 뜻을 당사자에게 알려야 한다.
③ 소비자피해 분쟁조정기구의 권고안 또는 조정안을 당사자가 수락하고 이행한 경우에는 대통령령으로 정하는 바에 따라 제32조에 따른 시정조치를 하지 아니한다.
④ 공정거래위원회는 제1항에 따라 분쟁조정을 의뢰하는 경우에는 예산의 범위에서 그 분쟁조정에 필요한 예산을 지원할 수 있다.
⑤ 소비자피해 분쟁조정기구는 분쟁의 조정이 이루어진 경우에는 그 결과를, 조정이 이루어지지 아니한 경우에는 그 경위를 지체 없이 조정을 의뢰한 공정거래위원회, 시ㆍ도지사 또는 시장ㆍ군수ㆍ구청장에게 보고하여야 한다.","제33조(소비자피해 분쟁조정의 요청)
① 공정거래위원회, 시ㆍ도지사 또는 시장ㆍ군수ㆍ구청장은 전자상거래 또는 통신판매에서의 이 법 위반행위와 관련하여 소비자의 피해구제신청이 있는 경우에는 제31조에 따른 시정권고 또는 제32조에 따른 시정조치 등을 하기 전에 전자상거래 또는 통신판매에서의 소비자보호 관련 업무를 수행하는 기관이나 단체 등 대통령령으로 정하는 소비자피해 분쟁조정기구(이하 ""소비자피해 분쟁조정기구""라 한다)에 조정을 의뢰할 수 있다.
② 공정거래위원회, 시ㆍ도지사 또는 시장ㆍ군수ㆍ구청장은 소비자피해 분쟁조정기구의 권고안 또는 조정안을 당사자가 수락하고 이행한 경우에는 제32조에 따른 시정조치를 하지 아니한다는 뜻을 당사자에게 알려야 한다.
③ 소비자피해 분쟁조정기구의 권고안 또는 조정안을 당사자가 수락하고 이행한 경우에는 대통령령으로 정하는 바에 따라 제32조에 따른 시정조치를 하지 아니한다.
④ 공정거래위원회는 제1항에 따라 분쟁조정을 의뢰하는 경우에는 예산의 범위에서 그 분쟁조정에 필요한 예산을 지원할 수 있다.
⑤ 소비자피해 분쟁조정기구는 분쟁의 조정이 이루어진 경우에는 그 결과를, 조정이 이루어지지 아니한 경우에는 그 경위를 지체 없이 조정을 의뢰한 공정거래위원회, 시ㆍ도지사 또는 시장ㆍ군수ㆍ구청장에게 보고하여야 한다.","법령명: 전자상거래 등에서의 소비자보호에 관한 법률
조문: 제33조 (소비자피해 분쟁조정의 요청)
내용: 제33조(소비자피해 분쟁조정의 요청)
① 공정거래위원회, 시ㆍ도지사 또는 시장ㆍ군수ㆍ구청장은 전자상거래 또는 통신판매에서의 이 법 위반행위와 관련하여 소비자의 피해구제신청이 있는 경우에는 제31조에 따른 시정권고 또는 제32조에 따른 시정조치 등을 하기 전에 전자상거래 또는 통신판매에서의 소비자보호 관련 업무를 수행하는 기관이나 단체 등 대통령령으로 정하는 소비자피해 분쟁조정기구(이하 ""소비자피해 분쟁조정기구""라 한다)에 조정을 의뢰할 수 있다.
② 공정거래위원회, 시ㆍ도지사 또는 시장ㆍ군수ㆍ구청장은 소비자피해 분쟁조정기구의 권고안 또는 조정안을 당사자가 수락하고 이행한 경우에는 제32조에 따른 시정조치를 하지 아니한다는 뜻을 당사자에게 알려야 한다.
③ 소비자피해 분쟁조정기구의 권고안 또는 조정안을 당사자가 수락하고 이행한 경우에는 대통령령으로 정하는 바에 따라 제32조에 따른 시정조치를 하지 아니한다.
④ 공정거래위원회는 제1항에 따라 분쟁조정을 의뢰하는 경우에는 예산의 범위에서 그 분쟁조정에 필요한 예산을 지원할 수 있다.
⑤ 소비자피해 분쟁조정기구는 분쟁의 조정이 이루어진 경우에는 그 결과를, 조정이 이루어지지 아니한 경우에는 그 경위를 지체 없이 조정을 의뢰한 공정거래위원회, 시ㆍ도지사 또는 시장ㆍ군수ㆍ구청장에게 보고하여야 한다.",https://www.law.go.kr/법령/전자상거래 등에서의 소비자보호에 관한 법률
009318,전자상거래 등에서의 소비자보호에 관한 법률,법률,공정거래위원회,20260721,20260120,34,,과징금,제34조(과징금),"① 공정거래위원회는 제32조제4항에 따른 영업정지가 소비자 등에게 심한 불편을 줄 우려가 있다고 인정하는 경우에는 그 영업의 전부 또는 일부의 정지를 갈음하여 해당 사업자에게 대통령령으로 정하는 위반행위 관련 매출액을 초과하지 아니하는 범위에서 과징금을 부과할 수 있다. 이 경우 관련 매출액이 없거나 그 매출액을 산정할 수 없는 경우 등에는 5천만원을 초과하지 아니하는 범위에서 과징금을 부과할 수 있다.
② 공정거래위원회는 제1항에 따라 그 영업의 전부 또는 일부의 정지를 갈음하여 과징금을 부과할 수 있는 판단 기준을 정하여 고시할 수 있다.
③ 공정거래위원회는 제1항에 따른 과징금을 부과할 때 다음 각 호의 사항을 고려하여야 한다.
1. 위반행위로 인한 소비자피해의 정도
2. 소비자피해에 대한 사업자의 보상노력 정도
3. 위반행위로 취득한 이익의 규모
4. 위반행위의 내용ㆍ기간 및 횟수 등
④ 공정거래위원회는 이 법을 위반한 사업자인 회사가 합병한 경우에는 그 회사가 한 위반행위를 합병 후 존속하거나 합병으로 설립된 회사가 한 행위로 보아 과징금을 부과ㆍ징수할 수 있다.
⑤ 삭제 <2018.6.12>","제34조(과징금)
① 공정거래위원회는 제32조제4항에 따른 영업정지가 소비자 등에게 심한 불편을 줄 우려가 있다고 인정하는 경우에는 그 영업의 전부 또는 일부의 정지를 갈음하여 해당 사업자에게 대통령령으로 정하는 위반행위 관련 매출액을 초과하지 아니하는 범위에서 과징금을 부과할 수 있다. 이 경우 관련 매출액이 없거나 그 매출액을 산정할 수 없는 경우 등에는 5천만원을 초과하지 아니하는 범위에서 과징금을 부과할 수 있다.
② 공정거래위원회는 제1항에 따라 그 영업의 전부 또는 일부의 정지를 갈음하여 과징금을 부과할 수 있는 판단 기준을 정하여 고시할 수 있다.
③ 공정거래위원회는 제1항에 따른 과징금을 부과할 때 다음 각 호의 사항을 고려하여야 한다.
1. 위반행위로 인한 소비자피해의 정도
2. 소비자피해에 대한 사업자의 보상노력 정도
3. 위반행위로 취득한 이익의 규모
4. 위반행위의 내용ㆍ기간 및 횟수 등
④ 공정거래위원회는 이 법을 위반한 사업자인 회사가 합병한 경우에는 그 회사가 한 위반행위를 합병 후 존속하거나 합병으로 설립된 회사가 한 행위로 보아 과징금을 부과ㆍ징수할 수 있다.
⑤ 삭제 <2018.6.12>","법령명: 전자상거래 등에서의 소비자보호에 관한 법률
조문: 제34조 (과징금)
내용: 제34조(과징금)
① 공정거래위원회는 제32조제4항에 따른 영업정지가 소비자 등에게 심한 불편을 줄 우려가 있다고 인정하는 경우에는 그 영업의 전부 또는 일부의 정지를 갈음하여 해당 사업자에게 대통령령으로 정하는 위반행위 관련 매출액을 초과하지 아니하는 범위에서 과징금을 부과할 수 있다. 이 경우 관련 매출액이 없거나 그 매출액을 산정할 수 없는 경우 등에는 5천만원을 초과하지 아니하는 범위에서 과징금을 부과할 수 있다.
② 공정거래위원회는 제1항에 따라 그 영업의 전부 또는 일부의 정지를 갈음하여 과징금을 부과할 수 있는 판단 기준을 정하여 고시할 수 있다.
③ 공정거래위원회는 제1항에 따른 과징금을 부과할 때 다음 각 호의 사항을 고려하여야 한다.
1. 위반행위로 인한 소비자피해의 정도
2. 소비자피해에 대한 사업자의 보상노력 정도
3. 위반행위로 취득한 이익의 규모
4. 위반행위의 내용ㆍ기간 및 횟수 등
④ 공정거래위원회는 이 법을 위반한 사업자인 회사가 합병한 경우에는 그 회사가 한 위반행위를 합병 후 존속하거나 합병으로 설립된 회사가 한 행위로 보아 과징금을 부과ㆍ징수할 수 있다.
⑤ 삭제 <2018.6.12>",https://www.law.go.kr/법령/전자상거래 등에서의 소비자보호에 관한 법률
009318,전자상거래 등에서의 소비자보호에 관한 법률,법률,공정거래위원회,20260721,20260120,35,,소비자에게 불리한 계약의 금지,제35조(소비자에게 불리한 계약의 금지) 제17조부터 제19조까지의 규정을 위반한 약정으로서 소비자에게 불리한 것은 효력이 없다.,,제35조(소비자에게 불리한 계약의 금지) 제17조부터 제19조까지의 규정을 위반한 약정으로서 소비자에게 불리한 것은 효력이 없다.,"법령명: 전자상거래 등에서의 소비자보호에 관한 법률
조문: 제35조 (소비자에게 불리한 계약의 금지)
내용: 제35조(소비자에게 불리한 계약의 금지) 제17조부터 제19조까지의 규정을 위반한 약정으로서 소비자에게 불리한 것은 효력이 없다.",https://www.law.go.kr/법령/전자상거래 등에서의 소비자보호에 관한 법률
009318,전자상거래 등에서의 소비자보호에 관한 법률,법률,공정거래위원회,20260721,20260120,36,,전속관할,"제36조(전속관할) 통신판매업자와의 거래에 관련된 소(訴)는 소 제기 당시 소비자의 주소를 관할하는 지방법원의 전속관할로 하고, 주소가 없는 경우에는 거소(居所)를 관할하는 지방법원의 전속관할로 한다. 다만, 소 제기 당시 소비자의 주소 또는 거소가 분명하지 아니한 경우에는 그러하지 아니하다.",,"제36조(전속관할) 통신판매업자와의 거래에 관련된 소(訴)는 소 제기 당시 소비자의 주소를 관할하는 지방법원의 전속관할로 하고, 주소가 없는 경우에는 거소(居所)를 관할하는 지방법원의 전속관할로 한다. 다만, 소 제기 당시 소비자의 주소 또는 거소가 분명하지 아니한 경우에는 그러하지 아니하다.","법령명: 전자상거래 등에서의 소비자보호에 관한 법률
조문: 제36조 (전속관할)
내용: 제36조(전속관할) 통신판매업자와의 거래에 관련된 소(訴)는 소 제기 당시 소비자의 주소를 관할하는 지방법원의 전속관할로 하고, 주소가 없는 경우에는 거소(居所)를 관할하는 지방법원의 전속관할로 한다. 다만, 소 제기 당시 소비자의 주소 또는 거소가 분명하지 아니한 경우에는 그러하지 아니하다.",https://www.law.go.kr/법령/전자상거래 등에서의 소비자보호에 관한 법률
009318,전자상거래 등에서의 소비자보호에 관한 법률,법률,공정거래위원회,20260721,20260120,37,,사업자단체의 등록,제37조(사업자단체의 등록),"① 전자상거래와 통신판매업의 건전한 발전과 소비자에 대한 신뢰도의 제고, 그 밖에 공동 이익의 증진을 위하여 설립된 사업자단체는 대통령령으로 정하는 바에 따라 공정거래위원회에 등록할 수 있다.
② 제1항에 따른 등록의 요건ㆍ방법 및 절차 등에 관하여 필요한 사항은 대통령령으로 정한다.","제37조(사업자단체의 등록)
① 전자상거래와 통신판매업의 건전한 발전과 소비자에 대한 신뢰도의 제고, 그 밖에 공동 이익의 증진을 위하여 설립된 사업자단체는 대통령령으로 정하는 바에 따라 공정거래위원회에 등록할 수 있다.
② 제1항에 따른 등록의 요건ㆍ방법 및 절차 등에 관하여 필요한 사항은 대통령령으로 정한다.","법령명: 전자상거래 등에서의 소비자보호에 관한 법률
조문: 제37조 (사업자단체의 등록)
내용: 제37조(사업자단체의 등록)
① 전자상거래와 통신판매업의 건전한 발전과 소비자에 대한 신뢰도의 제고, 그 밖에 공동 이익의 증진을 위하여 설립된 사업자단체는 대통령령으로 정하는 바에 따라 공정거래위원회에 등록할 수 있다.
② 제1항에 따른 등록의 요건ㆍ방법 및 절차 등에 관하여 필요한 사항은 대통령령으로 정한다.",https://www.law.go.kr/법령/전자상거래 등에서의 소비자보호에 관한 법률
009318,전자상거래 등에서의 소비자보호에 관한 법률,법률,공정거래위원회,20260721,20260120,38,,권한의 위임ㆍ위탁,제38조(권한의 위임ㆍ위탁),"① 이 법에 따른 공정거래위원회의 권한은 대통령령으로 정하는 바에 따라 그 일부를 소속 기관의 장 또는 시ㆍ도지사에게 위임하거나 다른 행정기관의 장에게 위탁할 수 있다.
② 이 법에 따른 시ㆍ도지사의 권한은 대통령령으로 정하는 바에 따라 그 일부를 시장ㆍ군수ㆍ구청장에게 위임할 수 있다.
③ 공정거래위원회는 이 법을 효율적으로 집행하기 위하여 필요한 경우에는 사무의 일부를 제37조제1항에 따라 등록된 사업자단체에 위탁할 수 있다.
④ 공정거래위원회는 제3항에 따라 사무의 일부를 사업자단체에 위탁하는 경우에는 예산의 범위에서 그 위탁사무의 수행에 필요한 비용의 전부 또는 일부를 지원할 수 있다.
⑤ 제26조제6항 및 이 조 제3항에 따라 사무를 위탁받아 해당 업무를 수행하거나 수행하였던 자에 대하여는 「형법」 제127조, 제129조부터 제132조까지의 규정에 따른 벌칙을 적용할 때에는 공무원으로 본다.","제38조(권한의 위임ㆍ위탁)
① 이 법에 따른 공정거래위원회의 권한은 대통령령으로 정하는 바에 따라 그 일부를 소속 기관의 장 또는 시ㆍ도지사에게 위임하거나 다른 행정기관의 장에게 위탁할 수 있다.
② 이 법에 따른 시ㆍ도지사의 권한은 대통령령으로 정하는 바에 따라 그 일부를 시장ㆍ군수ㆍ구청장에게 위임할 수 있다.
③ 공정거래위원회는 이 법을 효율적으로 집행하기 위하여 필요한 경우에는 사무의 일부를 제37조제1항에 따라 등록된 사업자단체에 위탁할 수 있다.
④ 공정거래위원회는 제3항에 따라 사무의 일부를 사업자단체에 위탁하는 경우에는 예산의 범위에서 그 위탁사무의 수행에 필요한 비용의 전부 또는 일부를 지원할 수 있다.
⑤ 제26조제6항 및 이 조 제3항에 따라 사무를 위탁받아 해당 업무를 수행하거나 수행하였던 자에 대하여는 「형법」 제127조, 제129조부터 제132조까지의 규정에 따른 벌칙을 적용할 때에는 공무원으로 본다.","법령명: 전자상거래 등에서의 소비자보호에 관한 법률
조문: 제38조 (권한의 위임ㆍ위탁)
내용: 제38조(권한의 위임ㆍ위탁)
① 이 법에 따른 공정거래위원회의 권한은 대통령령으로 정하는 바에 따라 그 일부를 소속 기관의 장 또는 시ㆍ도지사에게 위임하거나 다른 행정기관의 장에게 위탁할 수 있다.
② 이 법에 따른 시ㆍ도지사의 권한은 대통령령으로 정하는 바에 따라 그 일부를 시장ㆍ군수ㆍ구청장에게 위임할 수 있다.
③ 공정거래위원회는 이 법을 효율적으로 집행하기 위하여 필요한 경우에는 사무의 일부를 제37조제1항에 따라 등록된 사업자단체에 위탁할 수 있다.
④ 공정거래위원회는 제3항에 따라 사무의 일부를 사업자단체에 위탁하는 경우에는 예산의 범위에서 그 위탁사무의 수행에 필요한 비용의 전부 또는 일부를 지원할 수 있다.
⑤ 제26조제6항 및 이 조 제3항에 따라 사무를 위탁받아 해당 업무를 수행하거나 수행하였던 자에 대하여는 「형법」 제127조, 제129조부터 제132조까지의 규정에 따른 벌칙을 적용할 때에는 공무원으로 본다.",https://www.law.go.kr/법령/전자상거래 등에서의 소비자보호에 관한 법률
009318,전자상거래 등에서의 소비자보호에 관한 법률,법률,공정거래위원회,20260721,20260120,39,,「독점규제 및 공정거래에 관한 법률」의 준용,제39조(「독점규제 및 공정거래에 관한 법률」의 준용),"① 이 법에 따른 공정거래위원회의 심의ㆍ의결에 관하여는 「독점규제 및 공정거래에 관한 법률」 제64조부터 제68조까지 및 제93조를 준용한다. <개정 2020.12.29>
② 이 법 위반행위에 대한 공정거래위원회, 시ㆍ도지사 또는 시장ㆍ군수ㆍ구청장의 조사 등에 관하여는 「독점규제 및 공정거래에 관한 법률」 제81조제1항ㆍ제2항ㆍ제3항ㆍ제6항 및 제9항을 준용한다. <개정 2020.12.29>
③ 이 법에 따른 공정거래위원회의 처분 및 제38조에 따라 위임된 시ㆍ도지사의 처분에 대한 이의신청, 시정조치명령의 집행정지, 문서의 송달, 소의 제기 및 불복의 소의 전속관할에 관하여는 「독점규제 및 공정거래에 관한 법률」 제96조, 제97조, 제98조, 제98조의2, 제98조의3 및 제99조부터 제101조까지를 준용한다. <개정 2020.12.29, 2024.2.6, 2026.1.20>
④ 이 법에 따른 과징금의 부과ㆍ징수에 관하여는 「독점규제 및 공정거래에 관한 법률」 제103조부터 제107조까지의 규정을 준용한다. <신설 2018.6.12, 2020.12.29>
⑤ 이 법에 따른 직무에 종사하거나 종사하였던 공정거래위원회의 위원, 공무원 및 제32조의2에 따른 동의의결의 이행관리 업무를 담당하거나 담당하였던 사람에 대하여는 「독점규제 및 공정거래에 관한 법률」 제119조를 준용한다. <개정 2018.6.12, 2020.12.29, 2026.1.20>
⑥ 제32조의2에 따른 동의의결의 이행관리 업무를 담당하거나 담당하였던 사람에 대하여는 「독점규제 및 공정거래에 관한 법률」 제123조제2항을 준용한다. <신설 2026.1.20>","제39조(「독점규제 및 공정거래에 관한 법률」의 준용)
① 이 법에 따른 공정거래위원회의 심의ㆍ의결에 관하여는 「독점규제 및 공정거래에 관한 법률」 제64조부터 제68조까지 및 제93조를 준용한다. <개정 2020.12.29>
② 이 법 위반행위에 대한 공정거래위원회, 시ㆍ도지사 또는 시장ㆍ군수ㆍ구청장의 조사 등에 관하여는 「독점규제 및 공정거래에 관한 법률」 제81조제1항ㆍ제2항ㆍ제3항ㆍ제6항 및 제9항을 준용한다. <개정 2020.12.29>
③ 이 법에 따른 공정거래위원회의 처분 및 제38조에 따라 위임된 시ㆍ도지사의 처분에 대한 이의신청, 시정조치명령의 집행정지, 문서의 송달, 소의 제기 및 불복의 소의 전속관할에 관하여는 「독점규제 및 공정거래에 관한 법률」 제96조, 제97조, 제98조, 제98조의2, 제98조의3 및 제99조부터 제101조까지를 준용한다. <개정 2020.12.29, 2024.2.6, 2026.1.20>
④ 이 법에 따른 과징금의 부과ㆍ징수에 관하여는 「독점규제 및 공정거래에 관한 법률」 제103조부터 제107조까지의 규정을 준용한다. <신설 2018.6.12, 2020.12.29>
⑤ 이 법에 따른 직무에 종사하거나 종사하였던 공정거래위원회의 위원, 공무원 및 제32조의2에 따른 동의의결의 이행관리 업무를 담당하거나 담당하였던 사람에 대하여는 「독점규제 및 공정거래에 관한 법률」 제119조를 준용한다. <개정 2018.6.12, 2020.12.29, 2026.1.20>
⑥ 제32조의2에 따른 동의의결의 이행관리 업무를 담당하거나 담당하였던 사람에 대하여는 「독점규제 및 공정거래에 관한 법률」 제123조제2항을 준용한다. <신설 2026.1.20>","법령명: 전자상거래 등에서의 소비자보호에 관한 법률
조문: 제39조 (「독점규제 및 공정거래에 관한 법률」의 준용)
내용: 제39조(「독점규제 및 공정거래에 관한 법률」의 준용)
① 이 법에 따른 공정거래위원회의 심의ㆍ의결에 관하여는 「독점규제 및 공정거래에 관한 법률」 제64조부터 제68조까지 및 제93조를 준용한다. <개정 2020.12.29>
② 이 법 위반행위에 대한 공정거래위원회, 시ㆍ도지사 또는 시장ㆍ군수ㆍ구청장의 조사 등에 관하여는 「독점규제 및 공정거래에 관한 법률」 제81조제1항ㆍ제2항ㆍ제3항ㆍ제6항 및 제9항을 준용한다. <개정 2020.12.29>
③ 이 법에 따른 공정거래위원회의 처분 및 제38조에 따라 위임된 시ㆍ도지사의 처분에 대한 이의신청, 시정조치명령의 집행정지, 문서의 송달, 소의 제기 및 불복의 소의 전속관할에 관하여는 「독점규제 및 공정거래에 관한 법률」 제96조, 제97조, 제98조, 제98조의2, 제98조의3 및 제99조부터 제101조까지를 준용한다. <개정 2020.12.29, 2024.2.6, 2026.1.20>
④ 이 법에 따른 과징금의 부과ㆍ징수에 관하여는 「독점규제 및 공정거래에 관한 법률」 제103조부터 제107조까지의 규정을 준용한다. <신설 2018.6.12, 2020.12.29>
⑤ 이 법에 따른 직무에 종사하거나 종사하였던 공정거래위원회의 위원, 공무원 및 제32조의2에 따른 동의의결의 이행관리 업무를 담당하거나 담당하였던 사람에 대하여는 「독점규제 및 공정거래에 관한 법률」 제119조를 준용한다. <개정 2018.6.12, 2020.12.29, 2026.1.20>
⑥ 제32조의2에 따른 동의의결의 이행관리 업무를 담당하거나 담당하였던 사람에 대하여는 「독점규제 및 공정거래에 관한 법률」 제123조제2항을 준용한다. <신설 2026.1.20>",https://www.law.go.kr/법령/전자상거래 등에서의 소비자보호에 관한 법률
009318,전자상거래 등에서의 소비자보호에 관한 법률,법률,공정거래위원회,20260721,20260120,40,,벌칙,제40조(벌칙) 다음 각 호의 어느 하나에 해당하는 자는 3년 이하의 징역 또는 1억원 이하의 벌금에 처한다. <개정 2016.3.29>,"1. 제26조제1항에 따른 조사 시 폭언ㆍ폭행, 고의적인 현장진입 저지ㆍ지연 등을 통하여 조사를 거부ㆍ방해 또는 기피한 자
2. 제32조제1항에 따른 시정조치명령에 따르지 아니한 자
3. 제32조제4항에 따른 영업의 정지 명령을 위반하여 영업을 계속한 자","제40조(벌칙) 다음 각 호의 어느 하나에 해당하는 자는 3년 이하의 징역 또는 1억원 이하의 벌금에 처한다. <개정 2016.3.29>
1. 제26조제1항에 따른 조사 시 폭언ㆍ폭행, 고의적인 현장진입 저지ㆍ지연 등을 통하여 조사를 거부ㆍ방해 또는 기피한 자
2. 제32조제1항에 따른 시정조치명령에 따르지 아니한 자
3. 제32조제4항에 따른 영업의 정지 명령을 위반하여 영업을 계속한 자","법령명: 전자상거래 등에서의 소비자보호에 관한 법률
조문: 제40조 (벌칙)
내용: 제40조(벌칙) 다음 각 호의 어느 하나에 해당하는 자는 3년 이하의 징역 또는 1억원 이하의 벌금에 처한다. <개정 2016.3.29>
1. 제26조제1항에 따른 조사 시 폭언ㆍ폭행, 고의적인 현장진입 저지ㆍ지연 등을 통하여 조사를 거부ㆍ방해 또는 기피한 자
2. 제32조제1항에 따른 시정조치명령에 따르지 아니한 자
3. 제32조제4항에 따른 영업의 정지 명령을 위반하여 영업을 계속한 자",https://www.law.go.kr/법령/전자상거래 등에서의 소비자보호에 관한 법률
009318,전자상거래 등에서의 소비자보호에 관한 법률,법률,공정거래위원회,20260721,20260120,41,,,제41조 삭제 <2016.3.29>,,제41조 삭제 <2016.3.29>,"법령명: 전자상거래 등에서의 소비자보호에 관한 법률
조문: 제41조
내용: 제41조 삭제 <2016.3.29>",https://www.law.go.kr/법령/전자상거래 등에서의 소비자보호에 관한 법률
009318,전자상거래 등에서의 소비자보호에 관한 법률,법률,공정거래위원회,20260721,20260120,42,,벌칙,제42조(벌칙) 다음 각 호의 어느 하나에 해당하는 자는 3천만원 이하의 벌금에 처한다.,"1. 제12조제1항에 따른 신고를 하지 아니하거나 거짓으로 신고한 자
2. 제24조제8항 및 제9항을 위반하여 소비자피해보상보험계약등을 체결하는 사실 또는 결제대금예치를 이용하도록 하는 사실을 나타내는 표지를 사용하거나 이와 유사한 표지를 제작하거나 사용한 자","제42조(벌칙) 다음 각 호의 어느 하나에 해당하는 자는 3천만원 이하의 벌금에 처한다.
1. 제12조제1항에 따른 신고를 하지 아니하거나 거짓으로 신고한 자
2. 제24조제8항 및 제9항을 위반하여 소비자피해보상보험계약등을 체결하는 사실 또는 결제대금예치를 이용하도록 하는 사실을 나타내는 표지를 사용하거나 이와 유사한 표지를 제작하거나 사용한 자","법령명: 전자상거래 등에서의 소비자보호에 관한 법률
조문: 제42조 (벌칙)
내용: 제42조(벌칙) 다음 각 호의 어느 하나에 해당하는 자는 3천만원 이하의 벌금에 처한다.
1. 제12조제1항에 따른 신고를 하지 아니하거나 거짓으로 신고한 자
2. 제24조제8항 및 제9항을 위반하여 소비자피해보상보험계약등을 체결하는 사실 또는 결제대금예치를 이용하도록 하는 사실을 나타내는 표지를 사용하거나 이와 유사한 표지를 제작하거나 사용한 자",https://www.law.go.kr/법령/전자상거래 등에서의 소비자보호에 관한 법률
009318,전자상거래 등에서의 소비자보호에 관한 법률,법률,공정거래위원회,20260721,20260120,43,,벌칙,제43조(벌칙) 다음 각 호의 어느 하나에 해당하는 자는 1천만원 이하의 벌금에 처한다.,"1. 제13조제1항에 따른 사업자의 신원정보에 관하여 거짓 정보를 제공한 자
2. 제13조제2항에 따른 거래조건에 관하여 거짓 정보를 제공한 자","제43조(벌칙) 다음 각 호의 어느 하나에 해당하는 자는 1천만원 이하의 벌금에 처한다.
1. 제13조제1항에 따른 사업자의 신원정보에 관하여 거짓 정보를 제공한 자
2. 제13조제2항에 따른 거래조건에 관하여 거짓 정보를 제공한 자","법령명: 전자상거래 등에서의 소비자보호에 관한 법률
조문: 제43조 (벌칙)
내용: 제43조(벌칙) 다음 각 호의 어느 하나에 해당하는 자는 1천만원 이하의 벌금에 처한다.
1. 제13조제1항에 따른 사업자의 신원정보에 관하여 거짓 정보를 제공한 자
2. 제13조제2항에 따른 거래조건에 관하여 거짓 정보를 제공한 자",https://www.law.go.kr/법령/전자상거래 등에서의 소비자보호에 관한 법률
009318,전자상거래 등에서의 소비자보호에 관한 법률,법률,공정거래위원회,20260721,20260120,44,,양벌규정,"제44조(양벌규정) 법인의 대표자나 법인 또는 개인의 대리인, 사용인, 그 밖의 종업원이 그 법인 또는 개인의 업무에 관하여 제40조부터 제43조까지의 어느 하나에 해당하는 위반행위를 하면 그 행위자를 벌하는 외에 그 법인 또는 개인에게도 해당 조문의 벌금형을 과(科)한다. 다만, 법인 또는 개인이 그 위반행위를 방지하기 위하여 해당 업무에 관하여 상당한 주의와 감독을 게을리하지 아니한 경우에는 그러하지 아니하다.",,"제44조(양벌규정) 법인의 대표자나 법인 또는 개인의 대리인, 사용인, 그 밖의 종업원이 그 법인 또는 개인의 업무에 관하여 제40조부터 제43조까지의 어느 하나에 해당하는 위반행위를 하면 그 행위자를 벌하는 외에 그 법인 또는 개인에게도 해당 조문의 벌금형을 과(科)한다. 다만, 법인 또는 개인이 그 위반행위를 방지하기 위하여 해당 업무에 관하여 상당한 주의와 감독을 게을리하지 아니한 경우에는 그러하지 아니하다.","법령명: 전자상거래 등에서의 소비자보호에 관한 법률
조문: 제44조 (양벌규정)
내용: 제44조(양벌규정) 법인의 대표자나 법인 또는 개인의 대리인, 사용인, 그 밖의 종업원이 그 법인 또는 개인의 업무에 관하여 제40조부터 제43조까지의 어느 하나에 해당하는 위반행위를 하면 그 행위자를 벌하는 외에 그 법인 또는 개인에게도 해당 조문의 벌금형을 과(科)한다. 다만, 법인 또는 개인이 그 위반행위를 방지하기 위하여 해당 업무에 관하여 상당한 주의와 감독을 게을리하지 아니한 경우에는 그러하지 아니하다.",https://www.law.go.kr/법령/전자상거래 등에서의 소비자보호에 관한 법률
009318,전자상거래 등에서의 소비자보호에 관한 법률,법률,공정거래위원회,20260721,20260120,45,,과태료,제45조(과태료),"① 제32조의4제1항에 따른 임시중지명령을 위반한 자에게는 1억원 이하의 과태료를 부과한다. <신설 2016.3.29, 2026.1.20>
② 사업자 또는 사업자단체가 제1호 또는 제2호의 어느 하나에 해당하는 경우에는 3천만원 이하, 제3호에 해당하는 경우에는 5천만원 이하의 과태료를 부과하고, 사업자 또는 사업자단체의 임원 또는 종업원, 그 밖의 이해관계인이 제1호 또는 제2호의 어느 하나에 해당하는 경우에는 500만원 이하, 제3호에 해당하는 경우에는 1천만원 이하의 과태료를 부과한다. <신설 2018.6.12, 2020.12.29>
1. 제39조제2항에 따라 준용되는 「독점규제 및 공정거래에 관한 법률」 제81조제1항제1호에 따른 출석처분을 받은 당사자 중 정당한 사유 없이 출석하지 아니한 자
2. 제39조제2항에 따라 준용되는 「독점규제 및 공정거래에 관한 법률」 제81조제1항제3호 또는 같은 조 제6항에 따른 보고를 하지 아니하거나 필요한 자료나 물건을 제출하지 아니하거나 거짓으로 보고하거나 거짓 자료나 물건을 제출한 자
3. 제39조제2항에 따라 준용되는 「독점규제 및 공정거래에 관한 법률」 제81조제2항 및 제3항에 따른 조사를 거부ㆍ방해 또는 기피한 자
③ 다음 각 호의 어느 하나에 해당하는 자에게는 2천만원 이하의 과태료를 부과한다. <개정 2016.3.29, 2018.6.12, 2026.1.20>
1. 제9조의2제1항을 위반하여 소비자피해방지를 위한 사항을 이행하지 아니한 자
1의2. 제18조제2항을 위반하여 재화등의 대금을 환급하지 아니한 자
1의3. 제20조의5제1항을 위반하여 국내대리인을 지정하지 아니한 자
1의4. 제20조의5제2항을 위반하여 국내대리인을 지정한 자
1의5. 제20조의5제3항을 위반하여 같은 항 각 호의 사항을 제출하지 아니하거나 공개하지 아니한 자
1의6. 제20조의5제6항을 위반하여 자료를 제출하지 아니하거나 거짓 자료를 제출한 자
2. 제21조제1항제1호부터 제5호까지의 금지행위 중 어느 하나에 해당하는 행위를 한 자
3. 제8조제4항에 따른 결제수단의 발행자로서 제24조제1항 각 호 외의 부분 단서를 위반하여 소비자피해보상보험계약등을 체결하지 아니한 자
4. 제15조제1항에 따른 선지급식 통신판매업자로서 제24조제2항을 위반한 자
5. 제8조제4항에 따른 결제수단의 발행자로서 제24조제7항을 위반하여 거짓 자료를 제출하고 소비자피해보상보험계약등을 체결한 자
6. 제15조제1항에 따른 선지급식 통신판매업자로서 제24조제7항을 위반하여 거짓 자료를 제출하고 소비자피해보상보험계약등을 체결한 자
7. 제32조의4제2항을 위반하여 공정거래위원회의 요청을 따르지 아니한 자
8. 삭제<2018.6.12>
9. 삭제<2018.6.12>
10. 삭제<2018.6.12>
④ 다음 각 호의 어느 하나에 해당하는 자에게는 1천만원 이하의 과태료를 부과한다. <개정 2016.3.29, 2018.6.12, 2024.2.13, 2026.1.20>
1. 제6조를 위반하여 거래기록을 보존하지 아니하거나 소비자에게 거래기록을 열람ㆍ보존할 수 있는 방법을 제공하지 아니한 자
2. 제10조제1항 또는 제13조제1항에 따른 사업자의 신원정보를 표시하지 아니한 자
3. 제12조제2항 및 제3항에 따른 신고를 하지 아니한 자
4. 제13조제2항을 위반하여 표시ㆍ광고하거나 고지를 하지 아니하거나 계약내용에 관한 서면을 계약자에게 교부하지 아니한 자
5. 제13조제3항을 위반하여 재화등의 거래에 관한 계약을 취소할 수 있다는 내용을 거래 상대방인 미성년자에게 고지하지 아니한 자
5의2. 제13조제6항을 위반하여 소비자의 동의를 받지 아니하거나 소비자에게 고지하지 아니한 자
5의3. 제20조제1항을 위반하여 통신판매의 당사자가 아니라는 사실을 소비자에게 미리 고지하지 아니한 자
5의4. 제20조제2항을 위반하여 통신판매중개의뢰자의 신원정보를 확인하지 아니하거나 소비자에게 제공하지 아니한 자
5의5. 제20조제3항을 위반하여 소비자 불만이나 분쟁의 해결을 위하여 필요한 조치를 취하지 아니한 자
6. 제20조의3제1호가목을 위반하여 제13조제2항제5호에 관한 정보의 제공을 하지 아니한 자
6의2. 제20조의4제1항을 위반하여 개인 간 거래에서 개인 판매자의 신원정보를 확인하지 아니한 자
6의3. 제20조의4제2항을 위반하여 개인 판매자의 신원정보와 거래내역을 제공하지 아니한 자
6의4. 제20조의4제3항을 위반하여 같은 항 각 호의 사항을 이행하지 아니한 자
7. 제21조의2제1항 각 호의 금지행위 중 어느 하나에 해당하는 행위를 한 자
8. 제21조의4제1항을 위반하여 사용후기의 수집 및 처리에 관한 정보를 공개하지 아니한 자
⑤ 제39조제1항에 따라 준용되는 「독점규제 및 공정거래에 관한 법률」 제66조를 위반하여 질서유지의 명령을 따르지 아니한 자에게는 100만원 이하의 과태료를 부과한다. <신설 2018.6.12, 2020.12.29>
⑥ 제1항부터 제4항까지에 따른 과태료는 공정거래위원회, 시ㆍ도지사 또는 시장ㆍ군수ㆍ구청장이 부과ㆍ징수한다. <개정 2016.3.29, 2018.6.12>
⑦ 제5항에 따른 과태료는 공정거래위원회가 부과ㆍ징수한다. <신설 2018.6.12>
⑧ 제1항부터 제5항까지에 따른 과태료의 부과기준은 대통령령으로 정한다. <신설 2018.6.12>","제45조(과태료)
① 제32조의4제1항에 따른 임시중지명령을 위반한 자에게는 1억원 이하의 과태료를 부과한다. <신설 2016.3.29, 2026.1.20>
② 사업자 또는 사업자단체가 제1호 또는 제2호의 어느 하나에 해당하는 경우에는 3천만원 이하, 제3호에 해당하는 경우에는 5천만원 이하의 과태료를 부과하고, 사업자 또는 사업자단체의 임원 또는 종업원, 그 밖의 이해관계인이 제1호 또는 제2호의 어느 하나에 해당하는 경우에는 500만원 이하, 제3호에 해당하는 경우에는 1천만원 이하의 과태료를 부과한다. <신설 2018.6.12, 2020.12.29>
1. 제39조제2항에 따라 준용되는 「독점규제 및 공정거래에 관한 법률」 제81조제1항제1호에 따른 출석처분을 받은 당사자 중 정당한 사유 없이 출석하지 아니한 자
2. 제39조제2항에 따라 준용되는 「독점규제 및 공정거래에 관한 법률」 제81조제1항제3호 또는 같은 조 제6항에 따른 보고를 하지 아니하거나 필요한 자료나 물건을 제출하지 아니하거나 거짓으로 보고하거나 거짓 자료나 물건을 제출한 자
3. 제39조제2항에 따라 준용되는 「독점규제 및 공정거래에 관한 법률」 제81조제2항 및 제3항에 따른 조사를 거부ㆍ방해 또는 기피한 자
③ 다음 각 호의 어느 하나에 해당하는 자에게는 2천만원 이하의 과태료를 부과한다. <개정 2016.3.29, 2018.6.12, 2026.1.20>
1. 제9조의2제1항을 위반하여 소비자피해방지를 위한 사항을 이행하지 아니한 자
1의2. 제18조제2항을 위반하여 재화등의 대금을 환급하지 아니한 자
1의3. 제20조의5제1항을 위반하여 국내대리인을 지정하지 아니한 자
1의4. 제20조의5제2항을 위반하여 국내대리인을 지정한 자
1의5. 제20조의5제3항을 위반하여 같은 항 각 호의 사항을 제출하지 아니하거나 공개하지 아니한 자
1의6. 제20조의5제6항을 위반하여 자료를 제출하지 아니하거나 거짓 자료를 제출한 자
2. 제21조제1항제1호부터 제5호까지의 금지행위 중 어느 하나에 해당하는 행위를 한 자
3. 제8조제4항에 따른 결제수단의 발행자로서 제24조제1항 각 호 외의 부분 단서를 위반하여 소비자피해보상보험계약등을 체결하지 아니한 자
4. 제15조제1항에 따른 선지급식 통신판매업자로서 제24조제2항을 위반한 자
5. 제8조제4항에 따른 결제수단의 발행자로서 제24조제7항을 위반하여 거짓 자료를 제출하고 소비자피해보상보험계약등을 체결한 자
6. 제15조제1항에 따른 선지급식 통신판매업자로서 제24조제7항을 위반하여 거짓 자료를 제출하고 소비자피해보상보험계약등을 체결한 자
7. 제32조의4제2항을 위반하여 공정거래위원회의 요청을 따르지 아니한 자
8. 삭제<2018.6.12>
9. 삭제<2018.6.12>
10. 삭제<2018.6.12>
④ 다음 각 호의 어느 하나에 해당하는 자에게는 1천만원 이하의 과태료를 부과한다. <개정 2016.3.29, 2018.6.12, 2024.2.13, 2026.1.20>
1. 제6조를 위반하여 거래기록을 보존하지 아니하거나 소비자에게 거래기록을 열람ㆍ보존할 수 있는 방법을 제공하지 아니한 자
2. 제10조제1항 또는 제13조제1항에 따른 사업자의 신원정보를 표시하지 아니한 자
3. 제12조제2항 및 제3항에 따른 신고를 하지 아니한 자
4. 제13조제2항을 위반하여 표시ㆍ광고하거나 고지를 하지 아니하거나 계약내용에 관한 서면을 계약자에게 교부하지 아니한 자
5. 제13조제3항을 위반하여 재화등의 거래에 관한 계약을 취소할 수 있다는 내용을 거래 상대방인 미성년자에게 고지하지 아니한 자
5의2. 제13조제6항을 위반하여 소비자의 동의를 받지 아니하거나 소비자에게 고지하지 아니한 자
5의3. 제20조제1항을 위반하여 통신판매의 당사자가 아니라는 사실을 소비자에게 미리 고지하지 아니한 자
5의4. 제20조제2항을 위반하여 통신판매중개의뢰자의 신원정보를 확인하지 아니하거나 소비자에게 제공하지 아니한 자
5의5. 제20조제3항을 위반하여 소비자 불만이나 분쟁의 해결을 위하여 필요한 조치를 취하지 아니한 자
6. 제20조의3제1호가목을 위반하여 제13조제2항제5호에 관한 정보의 제공을 하지 아니한 자
6의2. 제20조의4제1항을 위반하여 개인 간 거래에서 개인 판매자의 신원정보를 확인하지 아니한 자
6의3. 제20조의4제2항을 위반하여 개인 판매자의 신원정보와 거래내역을 제공하지 아니한 자
6의4. 제20조의4제3항을 위반하여 같은 항 각 호의 사항을 이행하지 아니한 자
7. 제21조의2제1항 각 호의 금지행위 중 어느 하나에 해당하는 행위를 한 자
8. 제21조의4제1항을 위반하여 사용후기의 수집 및 처리에 관한 정보를 공개하지 아니한 자
⑤ 제39조제1항에 따라 준용되는 「독점규제 및 공정거래에 관한 법률」 제66조를 위반하여 질서유지의 명령을 따르지 아니한 자에게는 100만원 이하의 과태료를 부과한다. <신설 2018.6.12, 2020.12.29>
⑥ 제1항부터 제4항까지에 따른 과태료는 공정거래위원회, 시ㆍ도지사 또는 시장ㆍ군수ㆍ구청장이 부과ㆍ징수한다. <개정 2016.3.29, 2018.6.12>
⑦ 제5항에 따른 과태료는 공정거래위원회가 부과ㆍ징수한다. <신설 2018.6.12>
⑧ 제1항부터 제5항까지에 따른 과태료의 부과기준은 대통령령으로 정한다. <신설 2018.6.12>","법령명: 전자상거래 등에서의 소비자보호에 관한 법률
조문: 제45조 (과태료)
내용: 제45조(과태료)
① 제32조의4제1항에 따른 임시중지명령을 위반한 자에게는 1억원 이하의 과태료를 부과한다. <신설 2016.3.29, 2026.1.20>
② 사업자 또는 사업자단체가 제1호 또는 제2호의 어느 하나에 해당하는 경우에는 3천만원 이하, 제3호에 해당하는 경우에는 5천만원 이하의 과태료를 부과하고, 사업자 또는 사업자단체의 임원 또는 종업원, 그 밖의 이해관계인이 제1호 또는 제2호의 어느 하나에 해당하는 경우에는 500만원 이하, 제3호에 해당하는 경우에는 1천만원 이하의 과태료를 부과한다. <신설 2018.6.12, 2020.12.29>
1. 제39조제2항에 따라 준용되는 「독점규제 및 공정거래에 관한 법률」 제81조제1항제1호에 따른 출석처분을 받은 당사자 중 정당한 사유 없이 출석하지 아니한 자
2. 제39조제2항에 따라 준용되는 「독점규제 및 공정거래에 관한 법률」 제81조제1항제3호 또는 같은 조 제6항에 따른 보고를 하지 아니하거나 필요한 자료나 물건을 제출하지 아니하거나 거짓으로 보고하거나 거짓 자료나 물건을 제출한 자
3. 제39조제2항에 따라 준용되는 「독점규제 및 공정거래에 관한 법률」 제81조제2항 및 제3항에 따른 조사를 거부ㆍ방해 또는 기피한 자
③ 다음 각 호의 어느 하나에 해당하는 자에게는 2천만원 이하의 과태료를 부과한다. <개정 2016.3.29, 2018.6.12, 2026.1.20>
1. 제9조의2제1항을 위반하여 소비자피해방지를 위한 사항을 이행하지 아니한 자
1의2. 제18조제2항을 위반하여 재화등의 대금을 환급하지 아니한 자
1의3. 제20조의5제1항을 위반하여 국내대리인을 지정하지 아니한 자
1의4. 제20조의5제2항을 위반하여 국내대리인을 지정한 자
1의5. 제20조의5제3항을 위반하여 같은 항 각 호의 사항을 제출하지 아니하거나 공개하지 아니한 자
1의6. 제20조의5제6항을 위반하여 자료를 제출하지 아니하거나 거짓 자료를 제출한 자
2. 제21조제1항제1호부터 제5호까지의 금지행위 중 어느 하나에 해당하는 행위를 한 자
3. 제8조제4항에 따른 결제수단의 발행자로서 제24조제1항 각 호 외의 부분 단서를 위반하여 소비자피해보상보험계약등을 체결하지 아니한 자
4. 제15조제1항에 따른 선지급식 통신판매업자로서 제24조제2항을 위반한 자
5. 제8조제4항에 따른 결제수단의 발행자로서 제24조제7항을 위반하여 거짓 자료를 제출하고 소비자피해보상보험계약등을 체결한 자
6. 제15조제1항에 따른 선지급식 통신판매업자로서 제24조제7항을 위반하여 거짓 자료를 제출하고 소비자피해보상보험계약등을 체결한 자
7. 제32조의4제2항을 위반하여 공정거래위원회의 요청을 따르지 아니한 자
8. 삭제<2018.6.12>
9. 삭제<2018.6.12>
10. 삭제<2018.6.12>
④ 다음 각 호의 어느 하나에 해당하는 자에게는 1천만원 이하의 과태료를 부과한다. <개정 2016.3.29, 2018.6.12, 2024.2.13, 2026.1.20>
1. 제6조를 위반하여 거래기록을 보존하지 아니하거나 소비자에게 거래기록을 열람ㆍ보존할 수 있는 방법을 제공하지 아니한 자
2. 제10조제1항 또는 제13조제1항에 따른 사업자의 신원정보를 표시하지 아니한 자
3. 제12조제2항 및 제3항에 따른 신고를 하지 아니한 자
4. 제13조제2항을 위반하여 표시ㆍ광고하거나 고지를 하지 아니하거나 계약내용에 관한 서면을 계약자에게 교부하지 아니한 자
5. 제13조제3항을 위반하여 재화등의 거래에 관한 계약을 취소할 수 있다는 내용을 거래 상대방인 미성년자에게 고지하지 아니한 자
5의2. 제13조제6항을 위반하여 소비자의 동의를 받지 아니하거나 소비자에게 고지하지 아니한 자
5의3. 제20조제1항을 위반하여 통신판매의 당사자가 아니라는 사실을 소비자에게 미리 고지하지 아니한 자
5의4. 제20조제2항을 위반하여 통신판매중개의뢰자의 신원정보를 확인하지 아니하거나 소비자에게 제공하지 아니한 자
5의5. 제20조제3항을 위반하여 소비자 불만이나 분쟁의 해결을 위하여 필요한 조치를 취하지 아니한 자
6. 제20조의3제1호가목을 위반하여 제13조제2항제5호에 관한 정보의 제공을 하지 아니한 자
6의2. 제20조의4제1항을 위반하여 개인 간 거래에서 개인 판매자의 신원정보를 확인하지 아니한 자
6의3. 제20조의4제2항을 위반하여 개인 판매자의 신원정보와 거래내역을 제공하지 아니한 자
6의4. 제20조의4제3항을 위반하여 같은 항 각 호의 사항을 이행하지 아니한 자
7. 제21조의2제1항 각 호의 금지행위 중 어느 하나에 해당하는 행위를 한 자
8. 제21조의4제1항을 위반하여 사용후기의 수집 및 처리에 관한 정보를 공개하지 아니한 자
⑤ 제39조제1항에 따라 준용되는 「독점규제 및 공정거래에 관한 법률」 제66조를 위반하여 질서유지의 명령을 따르지 아니한 자에게는 100만원 이하의 과태료를 부과한다. <신설 2018.6.12, 2020.12.29>
⑥ 제1항부터 제4항까지에 따른 과태료는 공정거래위원회, 시ㆍ도지사 또는 시장ㆍ군수ㆍ구청장이 부과ㆍ징수한다. <개정 2016.3.29, 2018.6.12>
⑦ 제5항에 따른 과태료는 공정거래위원회가 부과ㆍ징수한다. <신설 2018.6.12>
⑧ 제1항부터 제5항까지에 따른 과태료의 부과기준은 대통령령으로 정한다. <신설 2018.6.12>",https://www.law.go.kr/법령/전자상거래 등에서의 소비자보호에 관한 법률
009318,전자상거래 등에서의 소비자보호에 관한 법률,법률,공정거래위원회,20260721,20260120,46,,과태료에 관한 규정 적용의 특례,제46조(과태료에 관한 규정 적용의 특례) 제45조의 과태료에 관한 규정을 적용할 때 제34조에 따라 과징금을 부과한 행위에 대해서는 과태료를 부과할 수 없다.,,제46조(과태료에 관한 규정 적용의 특례) 제45조의 과태료에 관한 규정을 적용할 때 제34조에 따라 과징금을 부과한 행위에 대해서는 과태료를 부과할 수 없다.,"법령명: 전자상거래 등에서의 소비자보호에 관한 법률
조문: 제46조 (과태료에 관한 규정 적용의 특례)
내용: 제46조(과태료에 관한 규정 적용의 특례) 제45조의 과태료에 관한 규정을 적용할 때 제34조에 따라 과징금을 부과한 행위에 대해서는 과태료를 부과할 수 없다.",https://www.law.go.kr/법령/전자상거래 등에서의 소비자보호에 관한 법률
001589,소비자기본법,법률,공정거래위원회,20260911,20260310,1,,목적,"제1조(목적) 이 법은 소비자의 권익을 증진하기 위하여 소비자의 권리와 책무, 국가ㆍ지방자치단체 및 사업자의 책무, 소비자단체의 역할 및 자유시장경제에서 소비자와 사업자 사이의 관계를 규정함과 아울러 소비자정책의 종합적 추진을 위한 기본적인 사항을 규정함으로써 소비생활의 향상과 국민경제의 발전에 이바지함을 목적으로 한다.",,"제1조(목적) 이 법은 소비자의 권익을 증진하기 위하여 소비자의 권리와 책무, 국가ㆍ지방자치단체 및 사업자의 책무, 소비자단체의 역할 및 자유시장경제에서 소비자와 사업자 사이의 관계를 규정함과 아울러 소비자정책의 종합적 추진을 위한 기본적인 사항을 규정함으로써 소비생활의 향상과 국민경제의 발전에 이바지함을 목적으로 한다.","법령명: 소비자기본법
조문: 제1조 (목적)
내용: 제1조(목적) 이 법은 소비자의 권익을 증진하기 위하여 소비자의 권리와 책무, 국가ㆍ지방자치단체 및 사업자의 책무, 소비자단체의 역할 및 자유시장경제에서 소비자와 사업자 사이의 관계를 규정함과 아울러 소비자정책의 종합적 추진을 위한 기본적인 사항을 규정함으로써 소비생활의 향상과 국민경제의 발전에 이바지함을 목적으로 한다.",https://www.law.go.kr/법령/소비자기본법
001589,소비자기본법,법률,공정거래위원회,20260911,20260310,2,,정의,제2조(정의) 이 법에서 사용하는 용어의 정의는 다음과 같다.,"1. ""소비자""라 함은 사업자가 제공하는 물품 또는 용역(시설물을 포함한다. 이하 같다)을 소비생활을 위하여 사용(이용을 포함한다. 이하 같다)하는 자 또는 생산활동을 위하여 사용하는 자로서 대통령령이 정하는 자를 말한다.
2. ""사업자""라 함은 물품을 제조(가공 또는 포장을 포함한다. 이하 같다)ㆍ수입ㆍ판매하거나 용역을 제공하는 자를 말한다.
3. ""소비자단체""라 함은 소비자의 권익을 증진하기 위하여 소비자가 조직한 단체를 말한다.
4. ""사업자단체""라 함은 2 이상의 사업자가 공동의 이익을 증진할 목적으로 조직한 단체를 말한다.","제2조(정의) 이 법에서 사용하는 용어의 정의는 다음과 같다.
1. ""소비자""라 함은 사업자가 제공하는 물품 또는 용역(시설물을 포함한다. 이하 같다)을 소비생활을 위하여 사용(이용을 포함한다. 이하 같다)하는 자 또는 생산활동을 위하여 사용하는 자로서 대통령령이 정하는 자를 말한다.
2. ""사업자""라 함은 물품을 제조(가공 또는 포장을 포함한다. 이하 같다)ㆍ수입ㆍ판매하거나 용역을 제공하는 자를 말한다.
3. ""소비자단체""라 함은 소비자의 권익을 증진하기 위하여 소비자가 조직한 단체를 말한다.
4. ""사업자단체""라 함은 2 이상의 사업자가 공동의 이익을 증진할 목적으로 조직한 단체를 말한다.","법령명: 소비자기본법
조문: 제2조 (정의)
내용: 제2조(정의) 이 법에서 사용하는 용어의 정의는 다음과 같다.
1. ""소비자""라 함은 사업자가 제공하는 물품 또는 용역(시설물을 포함한다. 이하 같다)을 소비생활을 위하여 사용(이용을 포함한다. 이하 같다)하는 자 또는 생산활동을 위하여 사용하는 자로서 대통령령이 정하는 자를 말한다.
2. ""사업자""라 함은 물품을 제조(가공 또는 포장을 포함한다. 이하 같다)ㆍ수입ㆍ판매하거나 용역을 제공하는 자를 말한다.
3. ""소비자단체""라 함은 소비자의 권익을 증진하기 위하여 소비자가 조직한 단체를 말한다.
4. ""사업자단체""라 함은 2 이상의 사업자가 공동의 이익을 증진할 목적으로 조직한 단체를 말한다.",https://www.law.go.kr/법령/소비자기본법
001589,소비자기본법,법률,공정거래위원회,20260911,20260310,3,,다른 법률과의 관계,제3조(다른 법률과의 관계) 소비자의 권익에 관하여 다른 법률에서 특별한 규정을 두고 있는 경우를 제외하고는 이 법을 적용한다.,,제3조(다른 법률과의 관계) 소비자의 권익에 관하여 다른 법률에서 특별한 규정을 두고 있는 경우를 제외하고는 이 법을 적용한다.,"법령명: 소비자기본법
조문: 제3조 (다른 법률과의 관계)
내용: 제3조(다른 법률과의 관계) 소비자의 권익에 관하여 다른 법률에서 특별한 규정을 두고 있는 경우를 제외하고는 이 법을 적용한다.",https://www.law.go.kr/법령/소비자기본법
001589,소비자기본법,법률,공정거래위원회,20260911,20260310,4,,소비자의 기본적 권리,제4조(소비자의 기본적 권리) 소비자는 다음 각 호의 기본적 권리를 가진다.,"1. 물품 또는 용역(이하 ""물품등""이라 한다)으로 인한 생명ㆍ신체 또는 재산에 대한 위해로부터 보호받을 권리
2. 물품등을 선택함에 있어서 필요한 지식 및 정보를 제공받을 권리
3. 물품등을 사용함에 있어서 거래상대방ㆍ구입장소ㆍ가격 및 거래조건 등을 자유로이 선택할 권리
4. 소비생활에 영향을 주는 국가 및 지방자치단체의 정책과 사업자의 사업활동 등에 대하여 의견을 반영시킬 권리
5. 물품등의 사용으로 인하여 입은 피해에 대하여 신속ㆍ공정한 절차에 따라 적절한 보상을 받을 권리
6. 합리적인 소비생활을 위하여 필요한 교육을 받을 권리
7. 소비자 스스로의 권익을 증진하기 위하여 단체를 조직하고 이를 통하여 활동할 수 있는 권리
8. 안전하고 쾌적한 소비생활 환경에서 소비할 권리","제4조(소비자의 기본적 권리) 소비자는 다음 각 호의 기본적 권리를 가진다.
1. 물품 또는 용역(이하 ""물품등""이라 한다)으로 인한 생명ㆍ신체 또는 재산에 대한 위해로부터 보호받을 권리
2. 물품등을 선택함에 있어서 필요한 지식 및 정보를 제공받을 권리
3. 물품등을 사용함에 있어서 거래상대방ㆍ구입장소ㆍ가격 및 거래조건 등을 자유로이 선택할 권리
4. 소비생활에 영향을 주는 국가 및 지방자치단체의 정책과 사업자의 사업활동 등에 대하여 의견을 반영시킬 권리
5. 물품등의 사용으로 인하여 입은 피해에 대하여 신속ㆍ공정한 절차에 따라 적절한 보상을 받을 권리
6. 합리적인 소비생활을 위하여 필요한 교육을 받을 권리
7. 소비자 스스로의 권익을 증진하기 위하여 단체를 조직하고 이를 통하여 활동할 수 있는 권리
8. 안전하고 쾌적한 소비생활 환경에서 소비할 권리","법령명: 소비자기본법
조문: 제4조 (소비자의 기본적 권리)
내용: 제4조(소비자의 기본적 권리) 소비자는 다음 각 호의 기본적 권리를 가진다.
1. 물품 또는 용역(이하 ""물품등""이라 한다)으로 인한 생명ㆍ신체 또는 재산에 대한 위해로부터 보호받을 권리
2. 물품등을 선택함에 있어서 필요한 지식 및 정보를 제공받을 권리
3. 물품등을 사용함에 있어서 거래상대방ㆍ구입장소ㆍ가격 및 거래조건 등을 자유로이 선택할 권리
4. 소비생활에 영향을 주는 국가 및 지방자치단체의 정책과 사업자의 사업활동 등에 대하여 의견을 반영시킬 권리
5. 물품등의 사용으로 인하여 입은 피해에 대하여 신속ㆍ공정한 절차에 따라 적절한 보상을 받을 권리
6. 합리적인 소비생활을 위하여 필요한 교육을 받을 권리
7. 소비자 스스로의 권익을 증진하기 위하여 단체를 조직하고 이를 통하여 활동할 수 있는 권리
8. 안전하고 쾌적한 소비생활 환경에서 소비할 권리",https://www.law.go.kr/법령/소비자기본법
001589,소비자기본법,법률,공정거래위원회,20260911,20260310,5,,소비자의 책무,제5조(소비자의 책무),"①소비자는 사업자 등과 더불어 자유시장경제를 구성하는 주체임을 인식하여 물품등을 올바르게 선택하고, 제4조의 규정에 따른 소비자의 기본적 권리를 정당하게 행사하여야 한다.
②소비자는 스스로의 권익을 증진하기 위하여 필요한 지식과 정보를 습득하도록 노력하여야 한다.
③소비자는 자주적이고 합리적인 행동과 자원절약적이고 환경친화적인 소비생활을 함으로써 소비생활의 향상과 국민경제의 발전에 적극적인 역할을 다하여야 한다.","제5조(소비자의 책무)
①소비자는 사업자 등과 더불어 자유시장경제를 구성하는 주체임을 인식하여 물품등을 올바르게 선택하고, 제4조의 규정에 따른 소비자의 기본적 권리를 정당하게 행사하여야 한다.
②소비자는 스스로의 권익을 증진하기 위하여 필요한 지식과 정보를 습득하도록 노력하여야 한다.
③소비자는 자주적이고 합리적인 행동과 자원절약적이고 환경친화적인 소비생활을 함으로써 소비생활의 향상과 국민경제의 발전에 적극적인 역할을 다하여야 한다.","법령명: 소비자기본법
조문: 제5조 (소비자의 책무)
내용: 제5조(소비자의 책무)
①소비자는 사업자 등과 더불어 자유시장경제를 구성하는 주체임을 인식하여 물품등을 올바르게 선택하고, 제4조의 규정에 따른 소비자의 기본적 권리를 정당하게 행사하여야 한다.
②소비자는 스스로의 권익을 증진하기 위하여 필요한 지식과 정보를 습득하도록 노력하여야 한다.
③소비자는 자주적이고 합리적인 행동과 자원절약적이고 환경친화적인 소비생활을 함으로써 소비생활의 향상과 국민경제의 발전에 적극적인 역할을 다하여야 한다.",https://www.law.go.kr/법령/소비자기본법
001589,소비자기본법,법률,공정거래위원회,20260911,20260310,6,,국가 및 지방자치단체의 책무,제6조(국가 및 지방자치단체의 책무) 국가 및 지방자치단체는 제4조의 규정에 따른 소비자의 기본적 권리가 실현되도록 하기 위하여 다음 각 호의 책무를 진다.,"1. 관계 법령 및 조례의 제정 및 개정ㆍ폐지
2. 필요한 행정조직의 정비 및 운영 개선
3. 필요한 시책의 수립 및 실시
4. 소비자의 건전하고 자주적인 조직활동의 지원ㆍ육성","제6조(국가 및 지방자치단체의 책무) 국가 및 지방자치단체는 제4조의 규정에 따른 소비자의 기본적 권리가 실현되도록 하기 위하여 다음 각 호의 책무를 진다.
1. 관계 법령 및 조례의 제정 및 개정ㆍ폐지
2. 필요한 행정조직의 정비 및 운영 개선
3. 필요한 시책의 수립 및 실시
4. 소비자의 건전하고 자주적인 조직활동의 지원ㆍ육성","법령명: 소비자기본법
조문: 제6조 (국가 및 지방자치단체의 책무)
내용: 제6조(국가 및 지방자치단체의 책무) 국가 및 지방자치단체는 제4조의 규정에 따른 소비자의 기본적 권리가 실현되도록 하기 위하여 다음 각 호의 책무를 진다.
1. 관계 법령 및 조례의 제정 및 개정ㆍ폐지
2. 필요한 행정조직의 정비 및 운영 개선
3. 필요한 시책의 수립 및 실시
4. 소비자의 건전하고 자주적인 조직활동의 지원ㆍ육성",https://www.law.go.kr/법령/소비자기본법
001589,소비자기본법,법률,공정거래위원회,20260911,20260310,7,,지방행정조직에 대한 지원,제7조(지방행정조직에 대한 지원) 국가는 지방자치단체의 소비자권익과 관련된 행정조직의 설치ㆍ운영 등에 관하여 대통령령이 정하는 바에 따라 필요한 지원을 할 수 있다.,,제7조(지방행정조직에 대한 지원) 국가는 지방자치단체의 소비자권익과 관련된 행정조직의 설치ㆍ운영 등에 관하여 대통령령이 정하는 바에 따라 필요한 지원을 할 수 있다.,"법령명: 소비자기본법
조문: 제7조 (지방행정조직에 대한 지원)
내용: 제7조(지방행정조직에 대한 지원) 국가는 지방자치단체의 소비자권익과 관련된 행정조직의 설치ㆍ운영 등에 관하여 대통령령이 정하는 바에 따라 필요한 지원을 할 수 있다.",https://www.law.go.kr/법령/소비자기본법
001589,소비자기본법,법률,공정거래위원회,20260911,20260310,8,,위해의 방지,제8조(위해의 방지),"①국가는 사업자가 소비자에게 제공하는 물품등으로 인한 소비자의 생명ㆍ신체 또는 재산에 대한 위해를 방지하기 위하여 다음 각 호의 사항에 관하여 사업자가 지켜야 할 기준을 정하여야 한다.
1. 물품등의 성분ㆍ함량ㆍ구조 등 안전에 관한 중요한 사항
2. 물품등을 사용할 때의 지시사항이나 경고 등 표시할 내용과 방법
3. 그 밖에 위해방지를 위하여 필요하다고 인정되는 사항
②중앙행정기관의 장은 제1항의 규정에 따라 국가가 정한 기준을 사업자가 준수하는지 여부를 정기적으로 시험ㆍ검사 또는 조사하여야 한다.","제8조(위해의 방지)
①국가는 사업자가 소비자에게 제공하는 물품등으로 인한 소비자의 생명ㆍ신체 또는 재산에 대한 위해를 방지하기 위하여 다음 각 호의 사항에 관하여 사업자가 지켜야 할 기준을 정하여야 한다.
1. 물품등의 성분ㆍ함량ㆍ구조 등 안전에 관한 중요한 사항
2. 물품등을 사용할 때의 지시사항이나 경고 등 표시할 내용과 방법
3. 그 밖에 위해방지를 위하여 필요하다고 인정되는 사항
②중앙행정기관의 장은 제1항의 규정에 따라 국가가 정한 기준을 사업자가 준수하는지 여부를 정기적으로 시험ㆍ검사 또는 조사하여야 한다.","법령명: 소비자기본법
조문: 제8조 (위해의 방지)
내용: 제8조(위해의 방지)
①국가는 사업자가 소비자에게 제공하는 물품등으로 인한 소비자의 생명ㆍ신체 또는 재산에 대한 위해를 방지하기 위하여 다음 각 호의 사항에 관하여 사업자가 지켜야 할 기준을 정하여야 한다.
1. 물품등의 성분ㆍ함량ㆍ구조 등 안전에 관한 중요한 사항
2. 물품등을 사용할 때의 지시사항이나 경고 등 표시할 내용과 방법
3. 그 밖에 위해방지를 위하여 필요하다고 인정되는 사항
②중앙행정기관의 장은 제1항의 규정에 따라 국가가 정한 기준을 사업자가 준수하는지 여부를 정기적으로 시험ㆍ검사 또는 조사하여야 한다.",https://www.law.go.kr/법령/소비자기본법
001589,소비자기본법,법률,공정거래위원회,20260911,20260310,9,,계량 및 규격의 적정화,제9조(계량 및 규격의 적정화),"①국가 및 지방자치단체는 소비자가 사업자와의 거래에 있어서 계량으로 인하여 손해를 입지 아니하도록 물품등의 계량에 관하여 필요한 시책을 강구하여야 한다.
②국가 및 지방자치단체는 물품등의 품질개선 및 소비생활의 향상을 위하여 물품등의 규격을 정하고 이를 보급하기 위한 시책을 강구하여야 한다.","제9조(계량 및 규격의 적정화)
①국가 및 지방자치단체는 소비자가 사업자와의 거래에 있어서 계량으로 인하여 손해를 입지 아니하도록 물품등의 계량에 관하여 필요한 시책을 강구하여야 한다.
②국가 및 지방자치단체는 물품등의 품질개선 및 소비생활의 향상을 위하여 물품등의 규격을 정하고 이를 보급하기 위한 시책을 강구하여야 한다.","법령명: 소비자기본법
조문: 제9조 (계량 및 규격의 적정화)
내용: 제9조(계량 및 규격의 적정화)
①국가 및 지방자치단체는 소비자가 사업자와의 거래에 있어서 계량으로 인하여 손해를 입지 아니하도록 물품등의 계량에 관하여 필요한 시책을 강구하여야 한다.
②국가 및 지방자치단체는 물품등의 품질개선 및 소비생활의 향상을 위하여 물품등의 규격을 정하고 이를 보급하기 위한 시책을 강구하여야 한다.",https://www.law.go.kr/법령/소비자기본법
001589,소비자기본법,법률,공정거래위원회,20260911,20260310,10,,표시의 기준,제10조(표시의 기준),"①국가는 소비자가 사업자와의 거래에 있어서 표시나 포장 등으로 인하여 물품등을 잘못 선택하거나 사용하지 아니하도록 물품등에 대하여 다음 각 호의 사항에 관한 표시기준을 정하여야 한다. <개정 2011.5.19, 2023.6.20>
1. 상품명ㆍ용도ㆍ성분ㆍ재질ㆍ성능ㆍ규격ㆍ가격ㆍ용량ㆍ허가번호 및 용역의 내용
2. 물품등을 제조ㆍ수입 또는 판매하거나 제공한 사업자의 명칭(주소 및 전화번호를 포함한다) 및 물품의 원산지
3. 사용방법, 사용ㆍ보관할 때의 주의사항 및 경고사항
4. 제조연월일, 부품보유기간, 품질보증기간 또는 식품이나 의약품 등 유통과정에서 변질되기 쉬운 물품은 그 유효기간
5. 표시의 크기ㆍ위치 및 방법
6. 물품등에 따른 불만이나 소비자피해가 있는 경우의 처리기구(주소 및 전화번호를 포함한다) 및 처리방법
7. 「장애인차별금지 및 권리구제 등에 관한 법률」 제20조에 따른 시각장애인을 위한 표시방법
② 국가는 소비자가 사업자와의 거래에 있어서 표시나 포장 등으로 인하여 물품등을 잘못 선택하거나 사용하지 아니하도록 사업자가 제1항 각 호의 사항을 변경하는 경우 그 변경 전후 사항을 표시하도록 기준을 정할 수 있다. <신설 2011.5.19>","제10조(표시의 기준)
①국가는 소비자가 사업자와의 거래에 있어서 표시나 포장 등으로 인하여 물품등을 잘못 선택하거나 사용하지 아니하도록 물품등에 대하여 다음 각 호의 사항에 관한 표시기준을 정하여야 한다. <개정 2011.5.19, 2023.6.20>
1. 상품명ㆍ용도ㆍ성분ㆍ재질ㆍ성능ㆍ규격ㆍ가격ㆍ용량ㆍ허가번호 및 용역의 내용
2. 물품등을 제조ㆍ수입 또는 판매하거나 제공한 사업자의 명칭(주소 및 전화번호를 포함한다) 및 물품의 원산지
3. 사용방법, 사용ㆍ보관할 때의 주의사항 및 경고사항
4. 제조연월일, 부품보유기간, 품질보증기간 또는 식품이나 의약품 등 유통과정에서 변질되기 쉬운 물품은 그 유효기간
5. 표시의 크기ㆍ위치 및 방법
6. 물품등에 따른 불만이나 소비자피해가 있는 경우의 처리기구(주소 및 전화번호를 포함한다) 및 처리방법
7. 「장애인차별금지 및 권리구제 등에 관한 법률」 제20조에 따른 시각장애인을 위한 표시방법
② 국가는 소비자가 사업자와의 거래에 있어서 표시나 포장 등으로 인하여 물품등을 잘못 선택하거나 사용하지 아니하도록 사업자가 제1항 각 호의 사항을 변경하는 경우 그 변경 전후 사항을 표시하도록 기준을 정할 수 있다. <신설 2011.5.19>","법령명: 소비자기본법
조문: 제10조 (표시의 기준)
내용: 제10조(표시의 기준)
①국가는 소비자가 사업자와의 거래에 있어서 표시나 포장 등으로 인하여 물품등을 잘못 선택하거나 사용하지 아니하도록 물품등에 대하여 다음 각 호의 사항에 관한 표시기준을 정하여야 한다. <개정 2011.5.19, 2023.6.20>
1. 상품명ㆍ용도ㆍ성분ㆍ재질ㆍ성능ㆍ규격ㆍ가격ㆍ용량ㆍ허가번호 및 용역의 내용
2. 물품등을 제조ㆍ수입 또는 판매하거나 제공한 사업자의 명칭(주소 및 전화번호를 포함한다) 및 물품의 원산지
3. 사용방법, 사용ㆍ보관할 때의 주의사항 및 경고사항
4. 제조연월일, 부품보유기간, 품질보증기간 또는 식품이나 의약품 등 유통과정에서 변질되기 쉬운 물품은 그 유효기간
5. 표시의 크기ㆍ위치 및 방법
6. 물품등에 따른 불만이나 소비자피해가 있는 경우의 처리기구(주소 및 전화번호를 포함한다) 및 처리방법
7. 「장애인차별금지 및 권리구제 등에 관한 법률」 제20조에 따른 시각장애인을 위한 표시방법
② 국가는 소비자가 사업자와의 거래에 있어서 표시나 포장 등으로 인하여 물품등을 잘못 선택하거나 사용하지 아니하도록 사업자가 제1항 각 호의 사항을 변경하는 경우 그 변경 전후 사항을 표시하도록 기준을 정할 수 있다. <신설 2011.5.19>",https://www.law.go.kr/법령/소비자기본법
001589,소비자기본법,법률,공정거래위원회,20260911,20260310,11,,광고의 기준,제11조(광고의 기준) 국가는 물품등의 잘못된 소비 또는 과다한 소비로 인하여 발생할 수 있는 소비자의 생명ㆍ신체 또는 재산에 대한 위해를 방지하기 위하여 다음 각 호의 어느 하나에 해당하는 경우에는 광고의 내용 및 방법에 관한 기준을 정하여야 한다.,"1. 용도ㆍ성분ㆍ성능ㆍ규격 또는 원산지 등을 광고하는 때에 허가 또는 공인된 내용만으로 광고를 제한할 필요가 있거나 특정내용을 소비자에게 반드시 알릴 필요가 있는 경우
2. 소비자가 오해할 우려가 있는 특정용어 또는 특정표현의 사용을 제한할 필요가 있는 경우
3. 광고의 매체 또는 시간대에 대하여 제한이 필요한 경우","제11조(광고의 기준) 국가는 물품등의 잘못된 소비 또는 과다한 소비로 인하여 발생할 수 있는 소비자의 생명ㆍ신체 또는 재산에 대한 위해를 방지하기 위하여 다음 각 호의 어느 하나에 해당하는 경우에는 광고의 내용 및 방법에 관한 기준을 정하여야 한다.
1. 용도ㆍ성분ㆍ성능ㆍ규격 또는 원산지 등을 광고하는 때에 허가 또는 공인된 내용만으로 광고를 제한할 필요가 있거나 특정내용을 소비자에게 반드시 알릴 필요가 있는 경우
2. 소비자가 오해할 우려가 있는 특정용어 또는 특정표현의 사용을 제한할 필요가 있는 경우
3. 광고의 매체 또는 시간대에 대하여 제한이 필요한 경우","법령명: 소비자기본법
조문: 제11조 (광고의 기준)
내용: 제11조(광고의 기준) 국가는 물품등의 잘못된 소비 또는 과다한 소비로 인하여 발생할 수 있는 소비자의 생명ㆍ신체 또는 재산에 대한 위해를 방지하기 위하여 다음 각 호의 어느 하나에 해당하는 경우에는 광고의 내용 및 방법에 관한 기준을 정하여야 한다.
1. 용도ㆍ성분ㆍ성능ㆍ규격 또는 원산지 등을 광고하는 때에 허가 또는 공인된 내용만으로 광고를 제한할 필요가 있거나 특정내용을 소비자에게 반드시 알릴 필요가 있는 경우
2. 소비자가 오해할 우려가 있는 특정용어 또는 특정표현의 사용을 제한할 필요가 있는 경우
3. 광고의 매체 또는 시간대에 대하여 제한이 필요한 경우",https://www.law.go.kr/법령/소비자기본법
001589,소비자기본법,법률,공정거래위원회,20260911,20260310,12,,거래의 적정화,제12조(거래의 적정화),"①국가는 사업자의 불공정한 거래조건이나 거래방법으로 인하여 소비자가 부당한 피해를 입지 아니하도록 필요한 시책을 수립ㆍ실시하여야 한다.
②국가는 소비자의 합리적인 선택을 방해하고 소비자에게 손해를 끼칠 우려가 있다고 인정되는 사업자의 부당한 행위를 지정ㆍ고시할 수 있다.
③국가 및 지방자치단체는 약관에 따른 거래 및 방문판매ㆍ다단계판매ㆍ할부판매ㆍ통신판매ㆍ전자거래 등 특수한 형태의 거래에 대하여는 소비자의 권익을 위하여 필요한 시책을 강구하여야 한다.","제12조(거래의 적정화)
①국가는 사업자의 불공정한 거래조건이나 거래방법으로 인하여 소비자가 부당한 피해를 입지 아니하도록 필요한 시책을 수립ㆍ실시하여야 한다.
②국가는 소비자의 합리적인 선택을 방해하고 소비자에게 손해를 끼칠 우려가 있다고 인정되는 사업자의 부당한 행위를 지정ㆍ고시할 수 있다.
③국가 및 지방자치단체는 약관에 따른 거래 및 방문판매ㆍ다단계판매ㆍ할부판매ㆍ통신판매ㆍ전자거래 등 특수한 형태의 거래에 대하여는 소비자의 권익을 위하여 필요한 시책을 강구하여야 한다.","법령명: 소비자기본법
조문: 제12조 (거래의 적정화)
내용: 제12조(거래의 적정화)
①국가는 사업자의 불공정한 거래조건이나 거래방법으로 인하여 소비자가 부당한 피해를 입지 아니하도록 필요한 시책을 수립ㆍ실시하여야 한다.
②국가는 소비자의 합리적인 선택을 방해하고 소비자에게 손해를 끼칠 우려가 있다고 인정되는 사업자의 부당한 행위를 지정ㆍ고시할 수 있다.
③국가 및 지방자치단체는 약관에 따른 거래 및 방문판매ㆍ다단계판매ㆍ할부판매ㆍ통신판매ㆍ전자거래 등 특수한 형태의 거래에 대하여는 소비자의 권익을 위하여 필요한 시책을 강구하여야 한다.",https://www.law.go.kr/법령/소비자기본법
001589,소비자기본법,법률,공정거래위원회,20260911,20260310,13,,소비자에의 정보제공,제13조(소비자에의 정보제공),"①국가 및 지방자치단체는 소비자의 기본적인 권리가 실현될 수 있도록 소비자의 권익과 관련된 주요시책 및 주요결정사항을 소비자에게 알려야 한다.
②국가 및 지방자치단체는 소비자가 물품등을 합리적으로 선택할 수 있도록 하기 위하여 물품등의 거래조건ㆍ거래방법ㆍ품질ㆍ안전성 및 환경성 등에 관련되는 사업자의 정보가 소비자에게 제공될 수 있도록 필요한 시책을 강구하여야 한다.","제13조(소비자에의 정보제공)
①국가 및 지방자치단체는 소비자의 기본적인 권리가 실현될 수 있도록 소비자의 권익과 관련된 주요시책 및 주요결정사항을 소비자에게 알려야 한다.
②국가 및 지방자치단체는 소비자가 물품등을 합리적으로 선택할 수 있도록 하기 위하여 물품등의 거래조건ㆍ거래방법ㆍ품질ㆍ안전성 및 환경성 등에 관련되는 사업자의 정보가 소비자에게 제공될 수 있도록 필요한 시책을 강구하여야 한다.","법령명: 소비자기본법
조문: 제13조 (소비자에의 정보제공)
내용: 제13조(소비자에의 정보제공)
①국가 및 지방자치단체는 소비자의 기본적인 권리가 실현될 수 있도록 소비자의 권익과 관련된 주요시책 및 주요결정사항을 소비자에게 알려야 한다.
②국가 및 지방자치단체는 소비자가 물품등을 합리적으로 선택할 수 있도록 하기 위하여 물품등의 거래조건ㆍ거래방법ㆍ품질ㆍ안전성 및 환경성 등에 관련되는 사업자의 정보가 소비자에게 제공될 수 있도록 필요한 시책을 강구하여야 한다.",https://www.law.go.kr/법령/소비자기본법
001589,소비자기본법,법률,공정거래위원회,20260911,20260310,14,,소비자의 능력 향상,제14조(소비자의 능력 향상),"①국가 및 지방자치단체는 소비자의 올바른 권리행사를 이끌고, 물품등과 관련된 판단능력을 높이며, 소비자가 자신의 선택에 책임을 지는 소비생활을 할 수 있도록 필요한 교육을 하여야 한다.
②국가 및 지방자치단체는 경제 및 사회의 발전에 따라 소비자의 능력 향상을 위한 프로그램을 개발하여야 한다.
③국가 및 지방자치단체는 소비자교육과 학교교육ㆍ평생교육을 연계하여 교육적 효과를 높이기 위한 시책을 수립ㆍ시행하여야 한다.
④국가 및 지방자치단체는 소비자의 능력을 효과적으로 향상시키기 위한 방법으로 「방송법」에 따른 방송사업을 할 수 있다.
⑤제1항의 규정에 따른 소비자교육의 방법 등에 관하여 필요한 사항은 대통령령으로 정한다.","제14조(소비자의 능력 향상)
①국가 및 지방자치단체는 소비자의 올바른 권리행사를 이끌고, 물품등과 관련된 판단능력을 높이며, 소비자가 자신의 선택에 책임을 지는 소비생활을 할 수 있도록 필요한 교육을 하여야 한다.
②국가 및 지방자치단체는 경제 및 사회의 발전에 따라 소비자의 능력 향상을 위한 프로그램을 개발하여야 한다.
③국가 및 지방자치단체는 소비자교육과 학교교육ㆍ평생교육을 연계하여 교육적 효과를 높이기 위한 시책을 수립ㆍ시행하여야 한다.
④국가 및 지방자치단체는 소비자의 능력을 효과적으로 향상시키기 위한 방법으로 「방송법」에 따른 방송사업을 할 수 있다.
⑤제1항의 규정에 따른 소비자교육의 방법 등에 관하여 필요한 사항은 대통령령으로 정한다.","법령명: 소비자기본법
조문: 제14조 (소비자의 능력 향상)
내용: 제14조(소비자의 능력 향상)
①국가 및 지방자치단체는 소비자의 올바른 권리행사를 이끌고, 물품등과 관련된 판단능력을 높이며, 소비자가 자신의 선택에 책임을 지는 소비생활을 할 수 있도록 필요한 교육을 하여야 한다.
②국가 및 지방자치단체는 경제 및 사회의 발전에 따라 소비자의 능력 향상을 위한 프로그램을 개발하여야 한다.
③국가 및 지방자치단체는 소비자교육과 학교교육ㆍ평생교육을 연계하여 교육적 효과를 높이기 위한 시책을 수립ㆍ시행하여야 한다.
④국가 및 지방자치단체는 소비자의 능력을 효과적으로 향상시키기 위한 방법으로 「방송법」에 따른 방송사업을 할 수 있다.
⑤제1항의 규정에 따른 소비자교육의 방법 등에 관하여 필요한 사항은 대통령령으로 정한다.",https://www.law.go.kr/법령/소비자기본법
001589,소비자기본법,법률,공정거래위원회,20260911,20260310,15,,개인정보의 보호,제15조(개인정보의 보호),"①국가 및 지방자치단체는 소비자가 사업자와의 거래에서 개인정보의 분실ㆍ도난ㆍ누출ㆍ변조 또는 훼손으로 인하여 부당한 피해를 입지 아니하도록 필요한 시책을 강구하여야 한다.
②국가는 제1항의 규정에 따라 소비자의 개인정보를 보호하기 위한 기준을 정하여야 한다.","제15조(개인정보의 보호)
①국가 및 지방자치단체는 소비자가 사업자와의 거래에서 개인정보의 분실ㆍ도난ㆍ누출ㆍ변조 또는 훼손으로 인하여 부당한 피해를 입지 아니하도록 필요한 시책을 강구하여야 한다.
②국가는 제1항의 규정에 따라 소비자의 개인정보를 보호하기 위한 기준을 정하여야 한다.","법령명: 소비자기본법
조문: 제15조 (개인정보의 보호)
내용: 제15조(개인정보의 보호)
①국가 및 지방자치단체는 소비자가 사업자와의 거래에서 개인정보의 분실ㆍ도난ㆍ누출ㆍ변조 또는 훼손으로 인하여 부당한 피해를 입지 아니하도록 필요한 시책을 강구하여야 한다.
②국가는 제1항의 규정에 따라 소비자의 개인정보를 보호하기 위한 기준을 정하여야 한다.",https://www.law.go.kr/법령/소비자기본법
001589,소비자기본법,법률,공정거래위원회,20260911,20260310,16,,소비자분쟁의 해결,제16조(소비자분쟁의 해결),"①국가 및 지방자치단체는 소비자의 불만이나 피해가 신속ㆍ공정하게 처리될 수 있도록 관련기구의 설치 등 필요한 조치를 강구하여야 한다.
②국가는 소비자와 사업자 사이에 발생하는 분쟁을 원활하게 해결하기 위하여 대통령령이 정하는 바에 따라 소비자분쟁해결기준을 제정할 수 있다.
③제2항의 규정에 따른 소비자분쟁해결기준은 분쟁당사자 사이에 분쟁해결방법에 관한 별도의 의사표시가 없는 경우에 한하여 분쟁해결을 위한 합의 또는 권고의 기준이 된다.","제16조(소비자분쟁의 해결)
①국가 및 지방자치단체는 소비자의 불만이나 피해가 신속ㆍ공정하게 처리될 수 있도록 관련기구의 설치 등 필요한 조치를 강구하여야 한다.
②국가는 소비자와 사업자 사이에 발생하는 분쟁을 원활하게 해결하기 위하여 대통령령이 정하는 바에 따라 소비자분쟁해결기준을 제정할 수 있다.
③제2항의 규정에 따른 소비자분쟁해결기준은 분쟁당사자 사이에 분쟁해결방법에 관한 별도의 의사표시가 없는 경우에 한하여 분쟁해결을 위한 합의 또는 권고의 기준이 된다.","법령명: 소비자기본법
조문: 제16조 (소비자분쟁의 해결)
내용: 제16조(소비자분쟁의 해결)
①국가 및 지방자치단체는 소비자의 불만이나 피해가 신속ㆍ공정하게 처리될 수 있도록 관련기구의 설치 등 필요한 조치를 강구하여야 한다.
②국가는 소비자와 사업자 사이에 발생하는 분쟁을 원활하게 해결하기 위하여 대통령령이 정하는 바에 따라 소비자분쟁해결기준을 제정할 수 있다.
③제2항의 규정에 따른 소비자분쟁해결기준은 분쟁당사자 사이에 분쟁해결방법에 관한 별도의 의사표시가 없는 경우에 한하여 분쟁해결을 위한 합의 또는 권고의 기준이 된다.",https://www.law.go.kr/법령/소비자기본법
001589,소비자기본법,법률,공정거래위원회,20260911,20260310,16,2,소비자종합지원시스템의 구축ㆍ운영,제16조의2(소비자종합지원시스템의 구축ㆍ운영),"① 공정거래위원회는 소비자에게 물품등의 선택, 피해의 예방 또는 구제에 필요한 정보의 제공 및 이 법 또는 다른 법률에 따른 소비자 피해구제(분쟁조정을 포함한다. 이하 같다)를 신청하는 창구의 통합 제공 등을 위하여 소비자종합지원시스템(이하 ""종합지원시스템""이라 한다)을 구축ㆍ운영한다.
② 공정거래위원회는 종합지원시스템을 통하여 소비자에게 다음 각 호의 사항을 제공하여야 한다. 이 경우 공정거래위원회는 해당 사항을 관장하는 중앙행정기관의 장, 지방자치단체의 장 및 관련 기관ㆍ단체의 장(이하 이 조에서 ""중앙행정기관의 장등""이라 한다)과 협의하여야 한다.
1. 물품등의 유통이력, 결함, 피해사례, 품질인증 등 소비자의 선택, 피해의 예방 또는 구제와 관련된 정보 제공
2. 소비자 피해구제기관 및 절차 안내, 피해구제를 신청하는 창구의 통합 제공, 피해구제신청에 대한 처리결과 안내 등 소비자 피해구제 지원
3. 그 밖에 소비자의 물품등의 선택, 피해의 예방 또는 구제를 위하여 필요한 업무로서 대통령령으로 정하는 업무
③ 공정거래위원회는 종합지원시스템의 구축ㆍ운영을 위하여 필요한 경우 중앙행정기관의 장등에게 다음 각 호의 자료 또는 정보를 제공하여 줄 것을 요청하고 제공받은 목적의 범위에서 그 자료ㆍ정보를 보유ㆍ이용할 수 있다.
1. 「국세기본법」 제81조의13에 따른 과세정보로서 소비자 피해가 발생한 물품을 제조ㆍ수입ㆍ판매하거나 용역을 제공한 사업자의 개업일ㆍ휴업일 및 폐업일
2. 그 밖에 종합지원시스템의 구축ㆍ운영을 위하여 필요한 정보로서 대통령령으로 정하는 자료 또는 정보
④ 제3항에 따라 자료 또는 정보의 제공을 요청받은 중앙행정기관의 장등은 특별한 사유가 없으면 이에 협조하여야 한다.
⑤ 중앙행정기관의 장등은 공정거래위원회와 협의하여 종합지원시스템을 이용할 수 있다.
⑥ 공정거래위원회는 사업자 또는 사업자단체가 물품등에 관한 정보를 종합지원시스템에 등록한 경우 그 등록 사실을 나타내는 표지(이하 ""등록표지""라 한다)를 부여할 수 있다.
⑦ 공정거래위원회는 필요한 경우 종합지원시스템 운영의 전부 또는 일부를 대통령령으로 정하는 기준에 적합한 법인으로서 공정거래위원회가 지정하는 기관 또는 단체에 위탁할 수 있다.
⑧ 제1항부터 제7항까지에서 규정한 사항 외에 종합지원시스템의 구축ㆍ운영, 등록표지의 부여 등에 필요한 사항은 공정거래위원회가 정하여 고시한다.","제16조의2(소비자종합지원시스템의 구축ㆍ운영)
① 공정거래위원회는 소비자에게 물품등의 선택, 피해의 예방 또는 구제에 필요한 정보의 제공 및 이 법 또는 다른 법률에 따른 소비자 피해구제(분쟁조정을 포함한다. 이하 같다)를 신청하는 창구의 통합 제공 등을 위하여 소비자종합지원시스템(이하 ""종합지원시스템""이라 한다)을 구축ㆍ운영한다.
② 공정거래위원회는 종합지원시스템을 통하여 소비자에게 다음 각 호의 사항을 제공하여야 한다. 이 경우 공정거래위원회는 해당 사항을 관장하는 중앙행정기관의 장, 지방자치단체의 장 및 관련 기관ㆍ단체의 장(이하 이 조에서 ""중앙행정기관의 장등""이라 한다)과 협의하여야 한다.
1. 물품등의 유통이력, 결함, 피해사례, 품질인증 등 소비자의 선택, 피해의 예방 또는 구제와 관련된 정보 제공
2. 소비자 피해구제기관 및 절차 안내, 피해구제를 신청하는 창구의 통합 제공, 피해구제신청에 대한 처리결과 안내 등 소비자 피해구제 지원
3. 그 밖에 소비자의 물품등의 선택, 피해의 예방 또는 구제를 위하여 필요한 업무로서 대통령령으로 정하는 업무
③ 공정거래위원회는 종합지원시스템의 구축ㆍ운영을 위하여 필요한 경우 중앙행정기관의 장등에게 다음 각 호의 자료 또는 정보를 제공하여 줄 것을 요청하고 제공받은 목적의 범위에서 그 자료ㆍ정보를 보유ㆍ이용할 수 있다.
1. 「국세기본법」 제81조의13에 따른 과세정보로서 소비자 피해가 발생한 물품을 제조ㆍ수입ㆍ판매하거나 용역을 제공한 사업자의 개업일ㆍ휴업일 및 폐업일
2. 그 밖에 종합지원시스템의 구축ㆍ운영을 위하여 필요한 정보로서 대통령령으로 정하는 자료 또는 정보
④ 제3항에 따라 자료 또는 정보의 제공을 요청받은 중앙행정기관의 장등은 특별한 사유가 없으면 이에 협조하여야 한다.
⑤ 중앙행정기관의 장등은 공정거래위원회와 협의하여 종합지원시스템을 이용할 수 있다.
⑥ 공정거래위원회는 사업자 또는 사업자단체가 물품등에 관한 정보를 종합지원시스템에 등록한 경우 그 등록 사실을 나타내는 표지(이하 ""등록표지""라 한다)를 부여할 수 있다.
⑦ 공정거래위원회는 필요한 경우 종합지원시스템 운영의 전부 또는 일부를 대통령령으로 정하는 기준에 적합한 법인으로서 공정거래위원회가 지정하는 기관 또는 단체에 위탁할 수 있다.
⑧ 제1항부터 제7항까지에서 규정한 사항 외에 종합지원시스템의 구축ㆍ운영, 등록표지의 부여 등에 필요한 사항은 공정거래위원회가 정하여 고시한다.","법령명: 소비자기본법
조문: 제16조의2 (소비자종합지원시스템의 구축ㆍ운영)
내용: 제16조의2(소비자종합지원시스템의 구축ㆍ운영)
① 공정거래위원회는 소비자에게 물품등의 선택, 피해의 예방 또는 구제에 필요한 정보의 제공 및 이 법 또는 다른 법률에 따른 소비자 피해구제(분쟁조정을 포함한다. 이하 같다)를 신청하는 창구의 통합 제공 등을 위하여 소비자종합지원시스템(이하 ""종합지원시스템""이라 한다)을 구축ㆍ운영한다.
② 공정거래위원회는 종합지원시스템을 통하여 소비자에게 다음 각 호의 사항을 제공하여야 한다. 이 경우 공정거래위원회는 해당 사항을 관장하는 중앙행정기관의 장, 지방자치단체의 장 및 관련 기관ㆍ단체의 장(이하 이 조에서 ""중앙행정기관의 장등""이라 한다)과 협의하여야 한다.
1. 물품등의 유통이력, 결함, 피해사례, 품질인증 등 소비자의 선택, 피해의 예방 또는 구제와 관련된 정보 제공
2. 소비자 피해구제기관 및 절차 안내, 피해구제를 신청하는 창구의 통합 제공, 피해구제신청에 대한 처리결과 안내 등 소비자 피해구제 지원
3. 그 밖에 소비자의 물품등의 선택, 피해의 예방 또는 구제를 위하여 필요한 업무로서 대통령령으로 정하는 업무
③ 공정거래위원회는 종합지원시스템의 구축ㆍ운영을 위하여 필요한 경우 중앙행정기관의 장등에게 다음 각 호의 자료 또는 정보를 제공하여 줄 것을 요청하고 제공받은 목적의 범위에서 그 자료ㆍ정보를 보유ㆍ이용할 수 있다.
1. 「국세기본법」 제81조의13에 따른 과세정보로서 소비자 피해가 발생한 물품을 제조ㆍ수입ㆍ판매하거나 용역을 제공한 사업자의 개업일ㆍ휴업일 및 폐업일
2. 그 밖에 종합지원시스템의 구축ㆍ운영을 위하여 필요한 정보로서 대통령령으로 정하는 자료 또는 정보
④ 제3항에 따라 자료 또는 정보의 제공을 요청받은 중앙행정기관의 장등은 특별한 사유가 없으면 이에 협조하여야 한다.
⑤ 중앙행정기관의 장등은 공정거래위원회와 협의하여 종합지원시스템을 이용할 수 있다.
⑥ 공정거래위원회는 사업자 또는 사업자단체가 물품등에 관한 정보를 종합지원시스템에 등록한 경우 그 등록 사실을 나타내는 표지(이하 ""등록표지""라 한다)를 부여할 수 있다.
⑦ 공정거래위원회는 필요한 경우 종합지원시스템 운영의 전부 또는 일부를 대통령령으로 정하는 기준에 적합한 법인으로서 공정거래위원회가 지정하는 기관 또는 단체에 위탁할 수 있다.
⑧ 제1항부터 제7항까지에서 규정한 사항 외에 종합지원시스템의 구축ㆍ운영, 등록표지의 부여 등에 필요한 사항은 공정거래위원회가 정하여 고시한다.",https://www.law.go.kr/법령/소비자기본법
001589,소비자기본법,법률,공정거래위원회,20260911,20260310,17,,시험ㆍ검사시설의 설치 등,제17조(시험ㆍ검사시설의 설치 등),"①국가 및 지방자치단체는 물품등의 규격ㆍ품질 및 안전성 등에 관하여 시험ㆍ검사 또는 조사를 실시할 수 있는 기구와 시설을 갖추어야 한다.
②국가ㆍ지방자치단체 또는 소비자나 소비자단체는 필요하다고 인정되는 때 또는 소비자의 요청이 있는 때에는 제1항의 규정에 따라 설치된 시험ㆍ검사기관이나 제33조의 규정에 따른 한국소비자원(이하 ""한국소비자원""이라 한다)에 시험ㆍ검사 또는 조사를 의뢰하여 시험 등을 실시할 수 있다.
③국가 및 지방자치단체는 제2항의 규정에 따라 시험 등을 실시한 경우에는 그 결과를 공표하고 소비자의 권익을 위하여 필요한 조치를 취하여야 한다.
④국가 및 지방자치단체는 소비자단체가 물품등의 규격ㆍ품질 또는 안전성 등에 관하여 시험ㆍ검사를 실시할 수 있는 시설을 갖출 수 있도록 지원할 수 있다.
⑤국가 및 지방자치단체는 제8조ㆍ제10조 내지 제13조 또는 제15조의 규정에 따라 기준을 정하거나 소비자의 권익과 관련된 시책을 수립하기 위하여 필요한 경우에는 한국소비자원, 국립 또는 공립의 시험ㆍ검사기관 등 대통령령이 정하는 기관에 조사ㆍ연구를 의뢰할 수 있다.","제17조(시험ㆍ검사시설의 설치 등)
①국가 및 지방자치단체는 물품등의 규격ㆍ품질 및 안전성 등에 관하여 시험ㆍ검사 또는 조사를 실시할 수 있는 기구와 시설을 갖추어야 한다.
②국가ㆍ지방자치단체 또는 소비자나 소비자단체는 필요하다고 인정되는 때 또는 소비자의 요청이 있는 때에는 제1항의 규정에 따라 설치된 시험ㆍ검사기관이나 제33조의 규정에 따른 한국소비자원(이하 ""한국소비자원""이라 한다)에 시험ㆍ검사 또는 조사를 의뢰하여 시험 등을 실시할 수 있다.
③국가 및 지방자치단체는 제2항의 규정에 따라 시험 등을 실시한 경우에는 그 결과를 공표하고 소비자의 권익을 위하여 필요한 조치를 취하여야 한다.
④국가 및 지방자치단체는 소비자단체가 물품등의 규격ㆍ품질 또는 안전성 등에 관하여 시험ㆍ검사를 실시할 수 있는 시설을 갖출 수 있도록 지원할 수 있다.
⑤국가 및 지방자치단체는 제8조ㆍ제10조 내지 제13조 또는 제15조의 규정에 따라 기준을 정하거나 소비자의 권익과 관련된 시책을 수립하기 위하여 필요한 경우에는 한국소비자원, 국립 또는 공립의 시험ㆍ검사기관 등 대통령령이 정하는 기관에 조사ㆍ연구를 의뢰할 수 있다.","법령명: 소비자기본법
조문: 제17조 (시험ㆍ검사시설의 설치 등)
내용: 제17조(시험ㆍ검사시설의 설치 등)
①국가 및 지방자치단체는 물품등의 규격ㆍ품질 및 안전성 등에 관하여 시험ㆍ검사 또는 조사를 실시할 수 있는 기구와 시설을 갖추어야 한다.
②국가ㆍ지방자치단체 또는 소비자나 소비자단체는 필요하다고 인정되는 때 또는 소비자의 요청이 있는 때에는 제1항의 규정에 따라 설치된 시험ㆍ검사기관이나 제33조의 규정에 따른 한국소비자원(이하 ""한국소비자원""이라 한다)에 시험ㆍ검사 또는 조사를 의뢰하여 시험 등을 실시할 수 있다.
③국가 및 지방자치단체는 제2항의 규정에 따라 시험 등을 실시한 경우에는 그 결과를 공표하고 소비자의 권익을 위하여 필요한 조치를 취하여야 한다.
④국가 및 지방자치단체는 소비자단체가 물품등의 규격ㆍ품질 또는 안전성 등에 관하여 시험ㆍ검사를 실시할 수 있는 시설을 갖출 수 있도록 지원할 수 있다.
⑤국가 및 지방자치단체는 제8조ㆍ제10조 내지 제13조 또는 제15조의 규정에 따라 기준을 정하거나 소비자의 권익과 관련된 시책을 수립하기 위하여 필요한 경우에는 한국소비자원, 국립 또는 공립의 시험ㆍ검사기관 등 대통령령이 정하는 기관에 조사ㆍ연구를 의뢰할 수 있다.",https://www.law.go.kr/법령/소비자기본법
001589,소비자기본법,법률,공정거래위원회,20260911,20260310,18,,소비자권익 증진시책에 대한 협력 등,제18조(소비자권익 증진시책에 대한 협력 등),"①사업자는 국가 및 지방자치단체의 소비자권익 증진시책에 적극 협력하여야 한다.
②사업자는 소비자단체 및 한국소비자원의 소비자 권익증진과 관련된 업무의 추진에 필요한 자료 및 정보제공 요청에 적극 협력하여야 한다.
③사업자는 안전하고 쾌적한 소비생활 환경을 조성하기 위하여 물품등을 제공함에 있어서 환경친화적인 기술의 개발과 자원의 재활용을 위하여 노력하여야 한다.
④ 사업자는 소비자의 생명ㆍ신체 또는 재산 보호를 위한 국가ㆍ지방자치단체 및 한국소비자원의 조사 및 위해방지 조치에 적극 협력하여야 한다. <신설 2018.12.31>","제18조(소비자권익 증진시책에 대한 협력 등)
①사업자는 국가 및 지방자치단체의 소비자권익 증진시책에 적극 협력하여야 한다.
②사업자는 소비자단체 및 한국소비자원의 소비자 권익증진과 관련된 업무의 추진에 필요한 자료 및 정보제공 요청에 적극 협력하여야 한다.
③사업자는 안전하고 쾌적한 소비생활 환경을 조성하기 위하여 물품등을 제공함에 있어서 환경친화적인 기술의 개발과 자원의 재활용을 위하여 노력하여야 한다.
④ 사업자는 소비자의 생명ㆍ신체 또는 재산 보호를 위한 국가ㆍ지방자치단체 및 한국소비자원의 조사 및 위해방지 조치에 적극 협력하여야 한다. <신설 2018.12.31>","법령명: 소비자기본법
조문: 제18조 (소비자권익 증진시책에 대한 협력 등)
내용: 제18조(소비자권익 증진시책에 대한 협력 등)
①사업자는 국가 및 지방자치단체의 소비자권익 증진시책에 적극 협력하여야 한다.
②사업자는 소비자단체 및 한국소비자원의 소비자 권익증진과 관련된 업무의 추진에 필요한 자료 및 정보제공 요청에 적극 협력하여야 한다.
③사업자는 안전하고 쾌적한 소비생활 환경을 조성하기 위하여 물품등을 제공함에 있어서 환경친화적인 기술의 개발과 자원의 재활용을 위하여 노력하여야 한다.
④ 사업자는 소비자의 생명ㆍ신체 또는 재산 보호를 위한 국가ㆍ지방자치단체 및 한국소비자원의 조사 및 위해방지 조치에 적극 협력하여야 한다. <신설 2018.12.31>",https://www.law.go.kr/법령/소비자기본법
001589,소비자기본법,법률,공정거래위원회,20260911,20260310,19,,사업자의 책무,제19조(사업자의 책무),"①사업자는 물품등으로 인하여 소비자에게 생명ㆍ신체 또는 재산에 대한 위해가 발생하지 아니하도록 필요한 조치를 강구하여야 한다.
②사업자는 물품등을 공급함에 있어서 소비자의 합리적인 선택이나 이익을 침해할 우려가 있는 거래조건이나 거래방법을 사용하여서는 아니 된다.
③사업자는 소비자에게 물품등에 대한 정보를 성실하고 정확하게 제공하여야 한다.
④사업자는 소비자의 개인정보가 분실ㆍ도난ㆍ누출ㆍ변조 또는 훼손되지 아니하도록 그 개인정보를 성실하게 취급하여야 한다.
⑤사업자는 물품등의 하자로 인한 소비자의 불만이나 피해를 해결하거나 보상하여야 하며, 채무불이행 등으로 인한 소비자의 손해를 배상하여야 한다.","제19조(사업자의 책무)
①사업자는 물품등으로 인하여 소비자에게 생명ㆍ신체 또는 재산에 대한 위해가 발생하지 아니하도록 필요한 조치를 강구하여야 한다.
②사업자는 물품등을 공급함에 있어서 소비자의 합리적인 선택이나 이익을 침해할 우려가 있는 거래조건이나 거래방법을 사용하여서는 아니 된다.
③사업자는 소비자에게 물품등에 대한 정보를 성실하고 정확하게 제공하여야 한다.
④사업자는 소비자의 개인정보가 분실ㆍ도난ㆍ누출ㆍ변조 또는 훼손되지 아니하도록 그 개인정보를 성실하게 취급하여야 한다.
⑤사업자는 물품등의 하자로 인한 소비자의 불만이나 피해를 해결하거나 보상하여야 하며, 채무불이행 등으로 인한 소비자의 손해를 배상하여야 한다.","법령명: 소비자기본법
조문: 제19조 (사업자의 책무)
내용: 제19조(사업자의 책무)
①사업자는 물품등으로 인하여 소비자에게 생명ㆍ신체 또는 재산에 대한 위해가 발생하지 아니하도록 필요한 조치를 강구하여야 한다.
②사업자는 물품등을 공급함에 있어서 소비자의 합리적인 선택이나 이익을 침해할 우려가 있는 거래조건이나 거래방법을 사용하여서는 아니 된다.
③사업자는 소비자에게 물품등에 대한 정보를 성실하고 정확하게 제공하여야 한다.
④사업자는 소비자의 개인정보가 분실ㆍ도난ㆍ누출ㆍ변조 또는 훼손되지 아니하도록 그 개인정보를 성실하게 취급하여야 한다.
⑤사업자는 물품등의 하자로 인한 소비자의 불만이나 피해를 해결하거나 보상하여야 하며, 채무불이행 등으로 인한 소비자의 손해를 배상하여야 한다.",https://www.law.go.kr/법령/소비자기본법
001589,소비자기본법,법률,공정거래위원회,20260911,20260310,20,,소비자의 권익증진 관련기준의 준수,제20조(소비자의 권익증진 관련기준의 준수),"①사업자는 제8조제1항의 규정에 따라 국가가 정한 기준에 위반되는 물품등을 제조ㆍ수입ㆍ판매하거나 제공하여서는 아니 된다.
②사업자는 제10조의 규정에 따라 국가가 정한 표시기준을 위반하여서는 아니 된다.
③사업자는 제11조의 규정에 따라 국가가 정한 광고기준을 위반하여서는 아니 된다.
④사업자는 제12조제2항의 규정에 따라 국가가 지정ㆍ고시한 행위를 하여서는 아니 된다.
⑤사업자는 제15조제2항의 규정에 따라 국가가 정한 개인정보의 보호기준을 위반하여서는 아니 된다.","제20조(소비자의 권익증진 관련기준의 준수)
①사업자는 제8조제1항의 규정에 따라 국가가 정한 기준에 위반되는 물품등을 제조ㆍ수입ㆍ판매하거나 제공하여서는 아니 된다.
②사업자는 제10조의 규정에 따라 국가가 정한 표시기준을 위반하여서는 아니 된다.
③사업자는 제11조의 규정에 따라 국가가 정한 광고기준을 위반하여서는 아니 된다.
④사업자는 제12조제2항의 규정에 따라 국가가 지정ㆍ고시한 행위를 하여서는 아니 된다.
⑤사업자는 제15조제2항의 규정에 따라 국가가 정한 개인정보의 보호기준을 위반하여서는 아니 된다.","법령명: 소비자기본법
조문: 제20조 (소비자의 권익증진 관련기준의 준수)
내용: 제20조(소비자의 권익증진 관련기준의 준수)
①사업자는 제8조제1항의 규정에 따라 국가가 정한 기준에 위반되는 물품등을 제조ㆍ수입ㆍ판매하거나 제공하여서는 아니 된다.
②사업자는 제10조의 규정에 따라 국가가 정한 표시기준을 위반하여서는 아니 된다.
③사업자는 제11조의 규정에 따라 국가가 정한 광고기준을 위반하여서는 아니 된다.
④사업자는 제12조제2항의 규정에 따라 국가가 지정ㆍ고시한 행위를 하여서는 아니 된다.
⑤사업자는 제15조제2항의 규정에 따라 국가가 정한 개인정보의 보호기준을 위반하여서는 아니 된다.",https://www.law.go.kr/법령/소비자기본법
001589,소비자기본법,법률,공정거래위원회,20260911,20260310,20,2,소비자중심경영사업자 지정,제20조의2(소비자중심경영사업자 지정),"① 공정거래위원회는 물품의 제조ㆍ수입ㆍ판매 또는 용역의 제공의 모든 과정이 소비자 중심으로 이루어지는 경영(이하 ""소비자중심경영""이라 한다)을 하는 사업자를 소비자중심경영사업자로 지정할 수 있다. <개정 2026.3.10>
② 소비자중심경영사업자로 지정받으려는 자는 대통령령으로 정하는 바에 따라 공정거래위원회에 신청하여야 한다. <개정 2026.3.10>
③ 소비자중심경영사업자로 지정받은 자는 대통령령으로 정하는 바에 따라 그 지정의 표시를 할 수 있다. <개정 2026.3.10>
④ 소비자중심경영사업자 지정의 유효기간은 그 지정을 받은 날부터 3년으로 한다. <개정 2024.2.13, 2026.3.10>
⑤ 공정거래위원회는 소비자중심경영을 활성화하기 위하여 대통령령으로 정하는 바에 따라 소비자중심경영사업자로 지정받은 자에 대하여 포상 또는 지원 등을 할 수 있다. <개정 2026.3.10>
⑥ 공정거래위원회는 소비자중심경영사업자 지정을 신청하는 자에 대하여 대통령령으로 정하는 바에 따라 그 지정의 심사에 소요되는 비용을 부담하게 할 수 있다. <개정 2026.3.10>
⑦ 제1항부터 제6항까지의 규정 외에 소비자중심경영사업자 지정의 기준 및 절차 등에 필요한 사항은 대통령령으로 정한다. <개정 2026.3.10>","제20조의2(소비자중심경영사업자 지정)
① 공정거래위원회는 물품의 제조ㆍ수입ㆍ판매 또는 용역의 제공의 모든 과정이 소비자 중심으로 이루어지는 경영(이하 ""소비자중심경영""이라 한다)을 하는 사업자를 소비자중심경영사업자로 지정할 수 있다. <개정 2026.3.10>
② 소비자중심경영사업자로 지정받으려는 자는 대통령령으로 정하는 바에 따라 공정거래위원회에 신청하여야 한다. <개정 2026.3.10>
③ 소비자중심경영사업자로 지정받은 자는 대통령령으로 정하는 바에 따라 그 지정의 표시를 할 수 있다. <개정 2026.3.10>
④ 소비자중심경영사업자 지정의 유효기간은 그 지정을 받은 날부터 3년으로 한다. <개정 2024.2.13, 2026.3.10>
⑤ 공정거래위원회는 소비자중심경영을 활성화하기 위하여 대통령령으로 정하는 바에 따라 소비자중심경영사업자로 지정받은 자에 대하여 포상 또는 지원 등을 할 수 있다. <개정 2026.3.10>
⑥ 공정거래위원회는 소비자중심경영사업자 지정을 신청하는 자에 대하여 대통령령으로 정하는 바에 따라 그 지정의 심사에 소요되는 비용을 부담하게 할 수 있다. <개정 2026.3.10>
⑦ 제1항부터 제6항까지의 규정 외에 소비자중심경영사업자 지정의 기준 및 절차 등에 필요한 사항은 대통령령으로 정한다. <개정 2026.3.10>","법령명: 소비자기본법
조문: 제20조의2 (소비자중심경영사업자 지정)
내용: 제20조의2(소비자중심경영사업자 지정)
① 공정거래위원회는 물품의 제조ㆍ수입ㆍ판매 또는 용역의 제공의 모든 과정이 소비자 중심으로 이루어지는 경영(이하 ""소비자중심경영""이라 한다)을 하는 사업자를 소비자중심경영사업자로 지정할 수 있다. <개정 2026.3.10>
② 소비자중심경영사업자로 지정받으려는 자는 대통령령으로 정하는 바에 따라 공정거래위원회에 신청하여야 한다. <개정 2026.3.10>
③ 소비자중심경영사업자로 지정받은 자는 대통령령으로 정하는 바에 따라 그 지정의 표시를 할 수 있다. <개정 2026.3.10>
④ 소비자중심경영사업자 지정의 유효기간은 그 지정을 받은 날부터 3년으로 한다. <개정 2024.2.13, 2026.3.10>
⑤ 공정거래위원회는 소비자중심경영을 활성화하기 위하여 대통령령으로 정하는 바에 따라 소비자중심경영사업자로 지정받은 자에 대하여 포상 또는 지원 등을 할 수 있다. <개정 2026.3.10>
⑥ 공정거래위원회는 소비자중심경영사업자 지정을 신청하는 자에 대하여 대통령령으로 정하는 바에 따라 그 지정의 심사에 소요되는 비용을 부담하게 할 수 있다. <개정 2026.3.10>
⑦ 제1항부터 제6항까지의 규정 외에 소비자중심경영사업자 지정의 기준 및 절차 등에 필요한 사항은 대통령령으로 정한다. <개정 2026.3.10>",https://www.law.go.kr/법령/소비자기본법
001589,소비자기본법,법률,공정거래위원회,20260911,20260310,20,3,소비자중심경영사업자 지정 심사기관 등,제20조의3(소비자중심경영사업자 지정 심사기관 등),"① 공정거래위원회는 소비자중심경영에 관하여 전문성이 있는 기관 또는 단체를 대통령령으로 정하는 바에 따라 소비자중심경영사업자 지정 심사기관(이하 ""지정심사기관""이라 한다)으로 지정하여 소비자중심경영사업자 지정의 심사에 관한 업무(이하 ""지정심사업무""라 한다)를 수행하게 할 수 있다. <개정 2026.3.10>
② 지정심사업무를 수행하는 지정심사기관의 임직원은 「형법」 제129조부터 제132조까지의 규정을 적용할 때에는 공무원으로 본다. <개정 2026.3.10>
③ 공정거래위원회는 지정심사기관이 다음 각 호의 어느 하나에 해당하는 경우에는 지정심사기관의 지정을 취소하거나 1년 이내의 기간을 정하여 업무의 정지를 명할 수 있다. 다만, 제1호 또는 제5호에 해당하면 그 지정을 취소하여야 한다. <개정 2026.3.10>
1. 거짓이나 부정한 방법으로 지정을 받은 경우
2. 업무정지명령을 위반하여 그 정지기간 중 지정심사업무를 행한 경우
3. 고의 또는 중대한 과실로 제20조의2제7항에 따른 소비자중심경영사업자 지정의 기준 및 절차를 위반한 경우
4. 정당한 사유 없이 지정심사업무를 거부한 경우
5. 파산 또는 폐업한 경우
6. 그 밖에 휴업 또는 부도 등으로 인하여 지정심사업무를 수행하기 어려운 경우
④ 지정심사기관은 제20조의2제6항에 따라 소비자중심경영사업자 지정을 신청하는 자가 부담하는 비용을 대통령령으로 정하는 바에 따라 지정심사기관의 수입으로 징수한다. 이 경우 지정심사기관은 징수한 수입을 공정거래위원회의 승인을 받아 지정심사업무에 필요한 경비로 사용할 수 있다. <신설 2026.3.10>","제20조의3(소비자중심경영사업자 지정 심사기관 등)
① 공정거래위원회는 소비자중심경영에 관하여 전문성이 있는 기관 또는 단체를 대통령령으로 정하는 바에 따라 소비자중심경영사업자 지정 심사기관(이하 ""지정심사기관""이라 한다)으로 지정하여 소비자중심경영사업자 지정의 심사에 관한 업무(이하 ""지정심사업무""라 한다)를 수행하게 할 수 있다. <개정 2026.3.10>
② 지정심사업무를 수행하는 지정심사기관의 임직원은 「형법」 제129조부터 제132조까지의 규정을 적용할 때에는 공무원으로 본다. <개정 2026.3.10>
③ 공정거래위원회는 지정심사기관이 다음 각 호의 어느 하나에 해당하는 경우에는 지정심사기관의 지정을 취소하거나 1년 이내의 기간을 정하여 업무의 정지를 명할 수 있다. 다만, 제1호 또는 제5호에 해당하면 그 지정을 취소하여야 한다. <개정 2026.3.10>
1. 거짓이나 부정한 방법으로 지정을 받은 경우
2. 업무정지명령을 위반하여 그 정지기간 중 지정심사업무를 행한 경우
3. 고의 또는 중대한 과실로 제20조의2제7항에 따른 소비자중심경영사업자 지정의 기준 및 절차를 위반한 경우
4. 정당한 사유 없이 지정심사업무를 거부한 경우
5. 파산 또는 폐업한 경우
6. 그 밖에 휴업 또는 부도 등으로 인하여 지정심사업무를 수행하기 어려운 경우
④ 지정심사기관은 제20조의2제6항에 따라 소비자중심경영사업자 지정을 신청하는 자가 부담하는 비용을 대통령령으로 정하는 바에 따라 지정심사기관의 수입으로 징수한다. 이 경우 지정심사기관은 징수한 수입을 공정거래위원회의 승인을 받아 지정심사업무에 필요한 경비로 사용할 수 있다. <신설 2026.3.10>","법령명: 소비자기본법
조문: 제20조의3 (소비자중심경영사업자 지정 심사기관 등)
내용: 제20조의3(소비자중심경영사업자 지정 심사기관 등)
① 공정거래위원회는 소비자중심경영에 관하여 전문성이 있는 기관 또는 단체를 대통령령으로 정하는 바에 따라 소비자중심경영사업자 지정 심사기관(이하 ""지정심사기관""이라 한다)으로 지정하여 소비자중심경영사업자 지정의 심사에 관한 업무(이하 ""지정심사업무""라 한다)를 수행하게 할 수 있다. <개정 2026.3.10>
② 지정심사업무를 수행하는 지정심사기관의 임직원은 「형법」 제129조부터 제132조까지의 규정을 적용할 때에는 공무원으로 본다. <개정 2026.3.10>
③ 공정거래위원회는 지정심사기관이 다음 각 호의 어느 하나에 해당하는 경우에는 지정심사기관의 지정을 취소하거나 1년 이내의 기간을 정하여 업무의 정지를 명할 수 있다. 다만, 제1호 또는 제5호에 해당하면 그 지정을 취소하여야 한다. <개정 2026.3.10>
1. 거짓이나 부정한 방법으로 지정을 받은 경우
2. 업무정지명령을 위반하여 그 정지기간 중 지정심사업무를 행한 경우
3. 고의 또는 중대한 과실로 제20조의2제7항에 따른 소비자중심경영사업자 지정의 기준 및 절차를 위반한 경우
4. 정당한 사유 없이 지정심사업무를 거부한 경우
5. 파산 또는 폐업한 경우
6. 그 밖에 휴업 또는 부도 등으로 인하여 지정심사업무를 수행하기 어려운 경우
④ 지정심사기관은 제20조의2제6항에 따라 소비자중심경영사업자 지정을 신청하는 자가 부담하는 비용을 대통령령으로 정하는 바에 따라 지정심사기관의 수입으로 징수한다. 이 경우 지정심사기관은 징수한 수입을 공정거래위원회의 승인을 받아 지정심사업무에 필요한 경비로 사용할 수 있다. <신설 2026.3.10>",https://www.law.go.kr/법령/소비자기본법
001589,소비자기본법,법률,공정거래위원회,20260911,20260310,20,4,소비자중심경영사업자 지정의 취소,제20조의4(소비자중심경영사업자 지정의 취소),"① 공정거래위원회는 소비자중심경영사업자로 지정받은 자가 다음 각 호의 어느 하나에 해당하면 그 지정을 취소할 수 있다. 다만, 제1호에 해당하면 그 지정을 취소하여야 한다. <개정 2026.3.10>
1. 거짓이나 부정한 방법으로 소비자중심경영사업자 지정을 받은 경우
2. 제20조의2제7항에 따른 소비자중심경영사업자 지정의 기준에 적합하지 아니하게 된 경우
3. 소비자중심경영사업자 지정을 받은 후에 소비자의 생명ㆍ신체 또는 재산의 보호 등에 관한 법률로서 대통령령으로 정하는 법률을 위반하여 관계 중앙행정기관으로부터 시정명령 등 대통령령으로 정하는 조치를 받은 경우
② 공정거래위원회는 제1항제1호 또는 제3호에 따라 소비자중심경영사업자 지정이 취소된 자에 대하여 그 지정이 취소된 날부터 3년 이내의 범위에서 대통령령으로 정하는 기간 동안에는 소비자중심경영사업자 지정을 하여서는 아니 된다. <개정 2026.3.10>","제20조의4(소비자중심경영사업자 지정의 취소)
① 공정거래위원회는 소비자중심경영사업자로 지정받은 자가 다음 각 호의 어느 하나에 해당하면 그 지정을 취소할 수 있다. 다만, 제1호에 해당하면 그 지정을 취소하여야 한다. <개정 2026.3.10>
1. 거짓이나 부정한 방법으로 소비자중심경영사업자 지정을 받은 경우
2. 제20조의2제7항에 따른 소비자중심경영사업자 지정의 기준에 적합하지 아니하게 된 경우
3. 소비자중심경영사업자 지정을 받은 후에 소비자의 생명ㆍ신체 또는 재산의 보호 등에 관한 법률로서 대통령령으로 정하는 법률을 위반하여 관계 중앙행정기관으로부터 시정명령 등 대통령령으로 정하는 조치를 받은 경우
② 공정거래위원회는 제1항제1호 또는 제3호에 따라 소비자중심경영사업자 지정이 취소된 자에 대하여 그 지정이 취소된 날부터 3년 이내의 범위에서 대통령령으로 정하는 기간 동안에는 소비자중심경영사업자 지정을 하여서는 아니 된다. <개정 2026.3.10>","법령명: 소비자기본법
조문: 제20조의4 (소비자중심경영사업자 지정의 취소)
내용: 제20조의4(소비자중심경영사업자 지정의 취소)
① 공정거래위원회는 소비자중심경영사업자로 지정받은 자가 다음 각 호의 어느 하나에 해당하면 그 지정을 취소할 수 있다. 다만, 제1호에 해당하면 그 지정을 취소하여야 한다. <개정 2026.3.10>
1. 거짓이나 부정한 방법으로 소비자중심경영사업자 지정을 받은 경우
2. 제20조의2제7항에 따른 소비자중심경영사업자 지정의 기준에 적합하지 아니하게 된 경우
3. 소비자중심경영사업자 지정을 받은 후에 소비자의 생명ㆍ신체 또는 재산의 보호 등에 관한 법률로서 대통령령으로 정하는 법률을 위반하여 관계 중앙행정기관으로부터 시정명령 등 대통령령으로 정하는 조치를 받은 경우
② 공정거래위원회는 제1항제1호 또는 제3호에 따라 소비자중심경영사업자 지정이 취소된 자에 대하여 그 지정이 취소된 날부터 3년 이내의 범위에서 대통령령으로 정하는 기간 동안에는 소비자중심경영사업자 지정을 하여서는 아니 된다. <개정 2026.3.10>",https://www.law.go.kr/법령/소비자기본법
001589,소비자기본법,법률,공정거래위원회,20260911,20260310,21,,기본계획의 수립 등,제21조(기본계획의 수립 등),"①공정거래위원회는 제23조의 규정에 따른 소비자정책위원회의 심의ㆍ의결을 거쳐 소비자정책에 관한 기본계획(이하 ""기본계획""이라 한다)을 3년마다 수립하여야 한다. <개정 2008.2.29>
②기본계획에는 다음 각 호의 사항이 포함되어야 한다.
1. 소비자정책과 관련된 경제ㆍ사회 환경의 변화
2. 소비자정책의 기본방향
3. 다음 각 목의 사항이 포함된 소비자정책의 목표
가. 소비자안전의 강화
나. 소비자와 사업자 사이의 거래의 공정화 및 적정화
다. 소비자교육 및 정보제공의 촉진
라. 소비자피해의 원활한 구제
마. 국제소비자문제에 대한 대응
바. 그 밖에 소비자의 권익과 관련된 주요한 사항
4. 소비자정책의 추진과 관련된 재원의 조달방법
5. 어린이 위해방지를 위한 연령별 안전기준의 작성
6. 그 밖에 소비자정책의 수립과 추진에 필요한 사항
③공정거래위원회는 제23조의 규정에 따른 소비자정책위원회의 심의ㆍ의결을 거쳐 기본계획을 변경할 수 있다. <개정 2008.2.29>
④기본계획의 수립ㆍ변경 절차 등에 관하여 필요한 사항은 대통령령으로 정한다.","제21조(기본계획의 수립 등)
①공정거래위원회는 제23조의 규정에 따른 소비자정책위원회의 심의ㆍ의결을 거쳐 소비자정책에 관한 기본계획(이하 ""기본계획""이라 한다)을 3년마다 수립하여야 한다. <개정 2008.2.29>
②기본계획에는 다음 각 호의 사항이 포함되어야 한다.
1. 소비자정책과 관련된 경제ㆍ사회 환경의 변화
2. 소비자정책의 기본방향
3. 다음 각 목의 사항이 포함된 소비자정책의 목표
가. 소비자안전의 강화
나. 소비자와 사업자 사이의 거래의 공정화 및 적정화
다. 소비자교육 및 정보제공의 촉진
라. 소비자피해의 원활한 구제
마. 국제소비자문제에 대한 대응
바. 그 밖에 소비자의 권익과 관련된 주요한 사항
4. 소비자정책의 추진과 관련된 재원의 조달방법
5. 어린이 위해방지를 위한 연령별 안전기준의 작성
6. 그 밖에 소비자정책의 수립과 추진에 필요한 사항
③공정거래위원회는 제23조의 규정에 따른 소비자정책위원회의 심의ㆍ의결을 거쳐 기본계획을 변경할 수 있다. <개정 2008.2.29>
④기본계획의 수립ㆍ변경 절차 등에 관하여 필요한 사항은 대통령령으로 정한다.","법령명: 소비자기본법
조문: 제21조 (기본계획의 수립 등)
내용: 제21조(기본계획의 수립 등)
①공정거래위원회는 제23조의 규정에 따른 소비자정책위원회의 심의ㆍ의결을 거쳐 소비자정책에 관한 기본계획(이하 ""기본계획""이라 한다)을 3년마다 수립하여야 한다. <개정 2008.2.29>
②기본계획에는 다음 각 호의 사항이 포함되어야 한다.
1. 소비자정책과 관련된 경제ㆍ사회 환경의 변화
2. 소비자정책의 기본방향
3. 다음 각 목의 사항이 포함된 소비자정책의 목표
가. 소비자안전의 강화
나. 소비자와 사업자 사이의 거래의 공정화 및 적정화
다. 소비자교육 및 정보제공의 촉진
라. 소비자피해의 원활한 구제
마. 국제소비자문제에 대한 대응
바. 그 밖에 소비자의 권익과 관련된 주요한 사항
4. 소비자정책의 추진과 관련된 재원의 조달방법
5. 어린이 위해방지를 위한 연령별 안전기준의 작성
6. 그 밖에 소비자정책의 수립과 추진에 필요한 사항
③공정거래위원회는 제23조의 규정에 따른 소비자정책위원회의 심의ㆍ의결을 거쳐 기본계획을 변경할 수 있다. <개정 2008.2.29>
④기본계획의 수립ㆍ변경 절차 등에 관하여 필요한 사항은 대통령령으로 정한다.",https://www.law.go.kr/법령/소비자기본법
001589,소비자기본법,법률,공정거래위원회,20260911,20260310,22,,시행계획의 수립 등,제22조(시행계획의 수립 등),"①관계 중앙행정기관의 장은 기본계획에 따라 매년 10월 31일까지 소관 업무에 관하여 다음 연도의 소비자정책에 관한 시행계획(이하 ""중앙행정기관별시행계획""이라 한다)을 수립하여야 한다.
②특별시장ㆍ광역시장ㆍ특별자치시장ㆍ도지사 또는 특별자치도지사(이하 ""시ㆍ도지사""라 한다)는 기본계획과 중앙행정기관별시행계획에 따라 매년 11월 30일까지 소비자정책에 관한 다음 연도의 시ㆍ도별시행계획(이하 ""시ㆍ도별시행계획""이라 한다)을 수립하여야 한다. <개정 2010.3.22, 2016.3.29>
③공정거래위원회는 매년 12월 31일까지 중앙행정기관별시행계획 및 시ㆍ도별시행계획을 취합ㆍ조정하여 제23조의 규정에 따른 소비자정책위원회의 심의ㆍ의결을 거쳐 종합적인 시행계획(이하 ""종합시행계획""이라 한다)을 수립하여야 한다. <개정 2008.2.29>
④관계 중앙행정기관의 장 및 시ㆍ도지사는 종합시행계획이 실효성 있게 추진될 수 있도록 매년 소요비용에 대한 예산편성 등 필요한 재정조치를 강구하여야 한다.
⑤종합시행계획의 수립 및 그 집행실적의 평가 등에 관하여 필요한 사항은 대통령령으로 정한다.","제22조(시행계획의 수립 등)
①관계 중앙행정기관의 장은 기본계획에 따라 매년 10월 31일까지 소관 업무에 관하여 다음 연도의 소비자정책에 관한 시행계획(이하 ""중앙행정기관별시행계획""이라 한다)을 수립하여야 한다.
②특별시장ㆍ광역시장ㆍ특별자치시장ㆍ도지사 또는 특별자치도지사(이하 ""시ㆍ도지사""라 한다)는 기본계획과 중앙행정기관별시행계획에 따라 매년 11월 30일까지 소비자정책에 관한 다음 연도의 시ㆍ도별시행계획(이하 ""시ㆍ도별시행계획""이라 한다)을 수립하여야 한다. <개정 2010.3.22, 2016.3.29>
③공정거래위원회는 매년 12월 31일까지 중앙행정기관별시행계획 및 시ㆍ도별시행계획을 취합ㆍ조정하여 제23조의 규정에 따른 소비자정책위원회의 심의ㆍ의결을 거쳐 종합적인 시행계획(이하 ""종합시행계획""이라 한다)을 수립하여야 한다. <개정 2008.2.29>
④관계 중앙행정기관의 장 및 시ㆍ도지사는 종합시행계획이 실효성 있게 추진될 수 있도록 매년 소요비용에 대한 예산편성 등 필요한 재정조치를 강구하여야 한다.
⑤종합시행계획의 수립 및 그 집행실적의 평가 등에 관하여 필요한 사항은 대통령령으로 정한다.","법령명: 소비자기본법
조문: 제22조 (시행계획의 수립 등)
내용: 제22조(시행계획의 수립 등)
①관계 중앙행정기관의 장은 기본계획에 따라 매년 10월 31일까지 소관 업무에 관하여 다음 연도의 소비자정책에 관한 시행계획(이하 ""중앙행정기관별시행계획""이라 한다)을 수립하여야 한다.
②특별시장ㆍ광역시장ㆍ특별자치시장ㆍ도지사 또는 특별자치도지사(이하 ""시ㆍ도지사""라 한다)는 기본계획과 중앙행정기관별시행계획에 따라 매년 11월 30일까지 소비자정책에 관한 다음 연도의 시ㆍ도별시행계획(이하 ""시ㆍ도별시행계획""이라 한다)을 수립하여야 한다. <개정 2010.3.22, 2016.3.29>
③공정거래위원회는 매년 12월 31일까지 중앙행정기관별시행계획 및 시ㆍ도별시행계획을 취합ㆍ조정하여 제23조의 규정에 따른 소비자정책위원회의 심의ㆍ의결을 거쳐 종합적인 시행계획(이하 ""종합시행계획""이라 한다)을 수립하여야 한다. <개정 2008.2.29>
④관계 중앙행정기관의 장 및 시ㆍ도지사는 종합시행계획이 실효성 있게 추진될 수 있도록 매년 소요비용에 대한 예산편성 등 필요한 재정조치를 강구하여야 한다.
⑤종합시행계획의 수립 및 그 집행실적의 평가 등에 관하여 필요한 사항은 대통령령으로 정한다.",https://www.law.go.kr/법령/소비자기본법
001589,소비자기본법,법률,공정거래위원회,20260911,20260310,23,,소비자정책위원회의 설치,"제23조(소비자정책위원회의 설치) 소비자의 권익증진 및 소비생활의 향상에 관한 기본적인 정책을 종합ㆍ조정하고 심의ㆍ의결하기 위하여 국무총리 소속으로 소비자정책위원회(이하 ""정책위원회""라 한다)를 둔다. <개정 2008.2.29, 2017.10.31>",,"제23조(소비자정책위원회의 설치) 소비자의 권익증진 및 소비생활의 향상에 관한 기본적인 정책을 종합ㆍ조정하고 심의ㆍ의결하기 위하여 국무총리 소속으로 소비자정책위원회(이하 ""정책위원회""라 한다)를 둔다. <개정 2008.2.29, 2017.10.31>","법령명: 소비자기본법
조문: 제23조 (소비자정책위원회의 설치)
내용: 제23조(소비자정책위원회의 설치) 소비자의 권익증진 및 소비생활의 향상에 관한 기본적인 정책을 종합ㆍ조정하고 심의ㆍ의결하기 위하여 국무총리 소속으로 소비자정책위원회(이하 ""정책위원회""라 한다)를 둔다. <개정 2008.2.29, 2017.10.31>",https://www.law.go.kr/법령/소비자기본법
001589,소비자기본법,법률,공정거래위원회,20260911,20260310,24,,정책위원회의 구성 등,제24조(정책위원회의 구성 등),"①정책위원회는 위원장 2명을 포함한 25명 이내의 위원으로 구성한다. <개정 2017.10.31>
②위원장은 국무총리와 소비자문제에 관하여 학식과 경험이 풍부한 자 중에서 대통령이 위촉하는 자가 된다. <개정 2008.2.29, 2017.10.31>
③위원은 관계 중앙행정기관의 장 및 제38조의 규정에 따른 한국소비자원의 원장(이하 ""원장""이라 한다)과 다음 각 호의 어느 하나에 해당하는 자 중에서 국무총리가 위촉하는 자가 된다. <개정 2008.2.29, 2017.10.31>
1. 소비자문제에 관한 학식과 경험이 풍부한 자
2. 제29조의 규정에 따라 등록한 소비자단체(이하 ""등록소비자단체""라 한다) 및 대통령령이 정하는 경제단체에서 추천하는 소비자대표 및 경제계대표
④제2항의 규정에 따른 위촉위원장 및 제3항의 규정에 따른 위촉위원의 임기는 3년으로 한다.
⑤ 정책위원회의 효율적 운영 및 지원을 위하여 정책위원회에 간사위원 1명을 두며, 간사위원은 공정거래위원회위원장이 된다. <개정 2017.10.31>
⑥ 국무총리는 제3항 각 호의 위촉위원이 다음 각 호의 어느 하나에 해당하는 경우에는 해당 위원을 해촉(解囑)할 수 있다. <신설 2017.10.31>
1. 심신장애로 인하여 직무를 수행할 수 없게 된 경우
2. 직무와 관련된 비위사실이 있는 경우
3. 직무태만, 품위손상, 그 밖의 사유로 인하여 위원으로 적합하지 아니하다고 인정되는 경우
4. 위원 스스로 직무를 수행하는 것이 곤란하다고 의사를 밝히는 경우
⑦ 정책위원회의 사무를 처리하기 위하여 공정거래위원회에 사무국을 두고, 그 조직ㆍ구성 및 운영 등에 필요한 사항은 대통령령으로 정한다. <신설 2017.10.31>","제24조(정책위원회의 구성 등)
①정책위원회는 위원장 2명을 포함한 25명 이내의 위원으로 구성한다. <개정 2017.10.31>
②위원장은 국무총리와 소비자문제에 관하여 학식과 경험이 풍부한 자 중에서 대통령이 위촉하는 자가 된다. <개정 2008.2.29, 2017.10.31>
③위원은 관계 중앙행정기관의 장 및 제38조의 규정에 따른 한국소비자원의 원장(이하 ""원장""이라 한다)과 다음 각 호의 어느 하나에 해당하는 자 중에서 국무총리가 위촉하는 자가 된다. <개정 2008.2.29, 2017.10.31>
1. 소비자문제에 관한 학식과 경험이 풍부한 자
2. 제29조의 규정에 따라 등록한 소비자단체(이하 ""등록소비자단체""라 한다) 및 대통령령이 정하는 경제단체에서 추천하는 소비자대표 및 경제계대표
④제2항의 규정에 따른 위촉위원장 및 제3항의 규정에 따른 위촉위원의 임기는 3년으로 한다.
⑤ 정책위원회의 효율적 운영 및 지원을 위하여 정책위원회에 간사위원 1명을 두며, 간사위원은 공정거래위원회위원장이 된다. <개정 2017.10.31>
⑥ 국무총리는 제3항 각 호의 위촉위원이 다음 각 호의 어느 하나에 해당하는 경우에는 해당 위원을 해촉(解囑)할 수 있다. <신설 2017.10.31>
1. 심신장애로 인하여 직무를 수행할 수 없게 된 경우
2. 직무와 관련된 비위사실이 있는 경우
3. 직무태만, 품위손상, 그 밖의 사유로 인하여 위원으로 적합하지 아니하다고 인정되는 경우
4. 위원 스스로 직무를 수행하는 것이 곤란하다고 의사를 밝히는 경우
⑦ 정책위원회의 사무를 처리하기 위하여 공정거래위원회에 사무국을 두고, 그 조직ㆍ구성 및 운영 등에 필요한 사항은 대통령령으로 정한다. <신설 2017.10.31>","법령명: 소비자기본법
조문: 제24조 (정책위원회의 구성 등)
내용: 제24조(정책위원회의 구성 등)
①정책위원회는 위원장 2명을 포함한 25명 이내의 위원으로 구성한다. <개정 2017.10.31>
②위원장은 국무총리와 소비자문제에 관하여 학식과 경험이 풍부한 자 중에서 대통령이 위촉하는 자가 된다. <개정 2008.2.29, 2017.10.31>
③위원은 관계 중앙행정기관의 장 및 제38조의 규정에 따른 한국소비자원의 원장(이하 ""원장""이라 한다)과 다음 각 호의 어느 하나에 해당하는 자 중에서 국무총리가 위촉하는 자가 된다. <개정 2008.2.29, 2017.10.31>
1. 소비자문제에 관한 학식과 경험이 풍부한 자
2. 제29조의 규정에 따라 등록한 소비자단체(이하 ""등록소비자단체""라 한다) 및 대통령령이 정하는 경제단체에서 추천하는 소비자대표 및 경제계대표
④제2항의 규정에 따른 위촉위원장 및 제3항의 규정에 따른 위촉위원의 임기는 3년으로 한다.
⑤ 정책위원회의 효율적 운영 및 지원을 위하여 정책위원회에 간사위원 1명을 두며, 간사위원은 공정거래위원회위원장이 된다. <개정 2017.10.31>
⑥ 국무총리는 제3항 각 호의 위촉위원이 다음 각 호의 어느 하나에 해당하는 경우에는 해당 위원을 해촉(解囑)할 수 있다. <신설 2017.10.31>
1. 심신장애로 인하여 직무를 수행할 수 없게 된 경우
2. 직무와 관련된 비위사실이 있는 경우
3. 직무태만, 품위손상, 그 밖의 사유로 인하여 위원으로 적합하지 아니하다고 인정되는 경우
4. 위원 스스로 직무를 수행하는 것이 곤란하다고 의사를 밝히는 경우
⑦ 정책위원회의 사무를 처리하기 위하여 공정거래위원회에 사무국을 두고, 그 조직ㆍ구성 및 운영 등에 필요한 사항은 대통령령으로 정한다. <신설 2017.10.31>",https://www.law.go.kr/법령/소비자기본법
001589,소비자기본법,법률,공정거래위원회,20260911,20260310,25,,정책위원회의 기능 등,제25조(정책위원회의 기능 등),"①정책위원회는 다음 각 호의 사항을 종합ㆍ조정하고 심의ㆍ의결한다. <개정 2016.3.29, 2017.10.31>
1. 기본계획 및 종합시행계획의 수립ㆍ평가와 그 결과의 공표
2. 소비자정책의 종합적 추진 및 조정에 관한 사항
3. 소비자보호 및 안전 확보를 위하여 필요한 조치에 관한 사항
4. 소비자정책의 평가 및 제도개선ㆍ권고 등에 관한 사항
5. 그 밖에 위원장이 소비자의 권익증진 및 소비생활의 향상을 위하여 토의에 부치는 사항
② 정책위원회는 소비자의 기본적인 권리를 제한하거나 제한할 우려가 있다고 평가한 법령ㆍ고시ㆍ예규ㆍ조례 등에 대하여 중앙행정기관의 장 및 지방자치단체의 장에게 법령의 개선 등 필요한 조치를 권고할 수 있다. <신설 2016.3.29>
③ 정책위원회는 제2항에 따른 법령의 개선 등 필요한 조치를 권고하기 전에 중앙행정기관의 장 및 지방자치단체의 장에게 미리 의견을 제출할 기회를 주어야 한다. <신설 2016.3.29>
④ 중앙행정기관의 장 및 지방자치단체의 장은 제2항에 따른 권고를 받은 날부터 3개월 내에 필요한 조치의 이행계획을 수립하여 정책위원회에 통보하여야 한다. <신설 2016.3.29>
⑤ 정책위원회는 제4항에 따라 통보받은 이행계획을 검토하여 그 결과를 공표할 수 있다. <신설 2016.3.29>
⑥정책위원회는 업무를 효율적으로 수행하기 위하여 정책위원회에 실무위원회와 분야별 전문위원회를 둘 수 있다. <개정 2016.3.29>
⑦이 법에 규정한 것 외에 정책위원회ㆍ실무위원회 및 전문위원회의 조직과 운영에 관하여 필요한 사항은 대통령령으로 정한다. <개정 2016.3.29>","제25조(정책위원회의 기능 등)
①정책위원회는 다음 각 호의 사항을 종합ㆍ조정하고 심의ㆍ의결한다. <개정 2016.3.29, 2017.10.31>
1. 기본계획 및 종합시행계획의 수립ㆍ평가와 그 결과의 공표
2. 소비자정책의 종합적 추진 및 조정에 관한 사항
3. 소비자보호 및 안전 확보를 위하여 필요한 조치에 관한 사항
4. 소비자정책의 평가 및 제도개선ㆍ권고 등에 관한 사항
5. 그 밖에 위원장이 소비자의 권익증진 및 소비생활의 향상을 위하여 토의에 부치는 사항
② 정책위원회는 소비자의 기본적인 권리를 제한하거나 제한할 우려가 있다고 평가한 법령ㆍ고시ㆍ예규ㆍ조례 등에 대하여 중앙행정기관의 장 및 지방자치단체의 장에게 법령의 개선 등 필요한 조치를 권고할 수 있다. <신설 2016.3.29>
③ 정책위원회는 제2항에 따른 법령의 개선 등 필요한 조치를 권고하기 전에 중앙행정기관의 장 및 지방자치단체의 장에게 미리 의견을 제출할 기회를 주어야 한다. <신설 2016.3.29>
④ 중앙행정기관의 장 및 지방자치단체의 장은 제2항에 따른 권고를 받은 날부터 3개월 내에 필요한 조치의 이행계획을 수립하여 정책위원회에 통보하여야 한다. <신설 2016.3.29>
⑤ 정책위원회는 제4항에 따라 통보받은 이행계획을 검토하여 그 결과를 공표할 수 있다. <신설 2016.3.29>
⑥정책위원회는 업무를 효율적으로 수행하기 위하여 정책위원회에 실무위원회와 분야별 전문위원회를 둘 수 있다. <개정 2016.3.29>
⑦이 법에 규정한 것 외에 정책위원회ㆍ실무위원회 및 전문위원회의 조직과 운영에 관하여 필요한 사항은 대통령령으로 정한다. <개정 2016.3.29>","법령명: 소비자기본법
조문: 제25조 (정책위원회의 기능 등)
내용: 제25조(정책위원회의 기능 등)
①정책위원회는 다음 각 호의 사항을 종합ㆍ조정하고 심의ㆍ의결한다. <개정 2016.3.29, 2017.10.31>
1. 기본계획 및 종합시행계획의 수립ㆍ평가와 그 결과의 공표
2. 소비자정책의 종합적 추진 및 조정에 관한 사항
3. 소비자보호 및 안전 확보를 위하여 필요한 조치에 관한 사항
4. 소비자정책의 평가 및 제도개선ㆍ권고 등에 관한 사항
5. 그 밖에 위원장이 소비자의 권익증진 및 소비생활의 향상을 위하여 토의에 부치는 사항
② 정책위원회는 소비자의 기본적인 권리를 제한하거나 제한할 우려가 있다고 평가한 법령ㆍ고시ㆍ예규ㆍ조례 등에 대하여 중앙행정기관의 장 및 지방자치단체의 장에게 법령의 개선 등 필요한 조치를 권고할 수 있다. <신설 2016.3.29>
③ 정책위원회는 제2항에 따른 법령의 개선 등 필요한 조치를 권고하기 전에 중앙행정기관의 장 및 지방자치단체의 장에게 미리 의견을 제출할 기회를 주어야 한다. <신설 2016.3.29>
④ 중앙행정기관의 장 및 지방자치단체의 장은 제2항에 따른 권고를 받은 날부터 3개월 내에 필요한 조치의 이행계획을 수립하여 정책위원회에 통보하여야 한다. <신설 2016.3.29>
⑤ 정책위원회는 제4항에 따라 통보받은 이행계획을 검토하여 그 결과를 공표할 수 있다. <신설 2016.3.29>
⑥정책위원회는 업무를 효율적으로 수행하기 위하여 정책위원회에 실무위원회와 분야별 전문위원회를 둘 수 있다. <개정 2016.3.29>
⑦이 법에 규정한 것 외에 정책위원회ㆍ실무위원회 및 전문위원회의 조직과 운영에 관하여 필요한 사항은 대통령령으로 정한다. <개정 2016.3.29>",https://www.law.go.kr/법령/소비자기본법
001589,소비자기본법,법률,공정거래위원회,20260911,20260310,25,2,긴급대응 등,제25조의2(긴급대응 등),"① 위원장은 다음 각 호에 해당한다고 인정하는 경우에는 긴급회의를 소집할 수 있다.
1. 사업자가 제공하는 물품등으로 인하여 소비자의 생명 또는 신체에 대통령령으로 정하는 위해가 발생하였거나 발생할 우려가 있는 경우
2. 제1호에 따른 위해의 발생 또는 확산을 방지하기 위하여 복수의 중앙행정기관에 의한 종합적인 대책 마련이 필요한 경우
② 긴급회의는 위원장, 간사위원 및 위원장이 종합적인 대책의 수립과 관계된다고 인정하는 중앙행정기관의 장으로 구성한다.
③ 긴급회의는 제1항에 따른 위해의 발생 및 확산을 방지하기 위한 종합대책을 마련할 수 있다.
④ 중앙행정기관의 장은 제3항에 따라 마련된 종합대책에 필요한 세부계획을 즉시 수립하고, 해당 세부계획의 이행 상황 및 결과를 정책위원회에 보고하여야 한다.
⑤ 중앙행정기관의 장 및 지방자치단체의 장은 제1항의 요건에 해당한다고 인정되는 위해가 신고 또는 보고되거나 이러한 위해를 인지한 경우에는 즉시 정책위원회에 해당 내용을 통보하여야 한다.
⑥ 정책위원회는 제3항에 따른 종합대책을 마련하기 위하여 필요한 경우에는 중앙행정기관 및 그 소속기관, 「공공기관의 운영에 관한 법률」 제4조에 따른 공공기관에 자료를 요청하거나 피해의 발생원인ㆍ범위 등의 조사ㆍ분석ㆍ검사를 요청할 수 있다.
⑦ 제1항부터 제6항까지 규정한 사항 외에 긴급회의의 운영, 종합대책 수립에 따른 중앙행정기관의 이행에 대한 점검 및 결과 공표 등 필요한 사항은 대통령령으로 정한다.","제25조의2(긴급대응 등)
① 위원장은 다음 각 호에 해당한다고 인정하는 경우에는 긴급회의를 소집할 수 있다.
1. 사업자가 제공하는 물품등으로 인하여 소비자의 생명 또는 신체에 대통령령으로 정하는 위해가 발생하였거나 발생할 우려가 있는 경우
2. 제1호에 따른 위해의 발생 또는 확산을 방지하기 위하여 복수의 중앙행정기관에 의한 종합적인 대책 마련이 필요한 경우
② 긴급회의는 위원장, 간사위원 및 위원장이 종합적인 대책의 수립과 관계된다고 인정하는 중앙행정기관의 장으로 구성한다.
③ 긴급회의는 제1항에 따른 위해의 발생 및 확산을 방지하기 위한 종합대책을 마련할 수 있다.
④ 중앙행정기관의 장은 제3항에 따라 마련된 종합대책에 필요한 세부계획을 즉시 수립하고, 해당 세부계획의 이행 상황 및 결과를 정책위원회에 보고하여야 한다.
⑤ 중앙행정기관의 장 및 지방자치단체의 장은 제1항의 요건에 해당한다고 인정되는 위해가 신고 또는 보고되거나 이러한 위해를 인지한 경우에는 즉시 정책위원회에 해당 내용을 통보하여야 한다.
⑥ 정책위원회는 제3항에 따른 종합대책을 마련하기 위하여 필요한 경우에는 중앙행정기관 및 그 소속기관, 「공공기관의 운영에 관한 법률」 제4조에 따른 공공기관에 자료를 요청하거나 피해의 발생원인ㆍ범위 등의 조사ㆍ분석ㆍ검사를 요청할 수 있다.
⑦ 제1항부터 제6항까지 규정한 사항 외에 긴급회의의 운영, 종합대책 수립에 따른 중앙행정기관의 이행에 대한 점검 및 결과 공표 등 필요한 사항은 대통령령으로 정한다.","법령명: 소비자기본법
조문: 제25조의2 (긴급대응 등)
내용: 제25조의2(긴급대응 등)
① 위원장은 다음 각 호에 해당한다고 인정하는 경우에는 긴급회의를 소집할 수 있다.
1. 사업자가 제공하는 물품등으로 인하여 소비자의 생명 또는 신체에 대통령령으로 정하는 위해가 발생하였거나 발생할 우려가 있는 경우
2. 제1호에 따른 위해의 발생 또는 확산을 방지하기 위하여 복수의 중앙행정기관에 의한 종합적인 대책 마련이 필요한 경우
② 긴급회의는 위원장, 간사위원 및 위원장이 종합적인 대책의 수립과 관계된다고 인정하는 중앙행정기관의 장으로 구성한다.
③ 긴급회의는 제1항에 따른 위해의 발생 및 확산을 방지하기 위한 종합대책을 마련할 수 있다.
④ 중앙행정기관의 장은 제3항에 따라 마련된 종합대책에 필요한 세부계획을 즉시 수립하고, 해당 세부계획의 이행 상황 및 결과를 정책위원회에 보고하여야 한다.
⑤ 중앙행정기관의 장 및 지방자치단체의 장은 제1항의 요건에 해당한다고 인정되는 위해가 신고 또는 보고되거나 이러한 위해를 인지한 경우에는 즉시 정책위원회에 해당 내용을 통보하여야 한다.
⑥ 정책위원회는 제3항에 따른 종합대책을 마련하기 위하여 필요한 경우에는 중앙행정기관 및 그 소속기관, 「공공기관의 운영에 관한 법률」 제4조에 따른 공공기관에 자료를 요청하거나 피해의 발생원인ㆍ범위 등의 조사ㆍ분석ㆍ검사를 요청할 수 있다.
⑦ 제1항부터 제6항까지 규정한 사항 외에 긴급회의의 운영, 종합대책 수립에 따른 중앙행정기관의 이행에 대한 점검 및 결과 공표 등 필요한 사항은 대통령령으로 정한다.",https://www.law.go.kr/법령/소비자기본법
001589,소비자기본법,법률,공정거래위원회,20260911,20260310,26,,의견청취 등,제26조(의견청취 등),"①정책위원회는 제25조제1항 각 호의 사항을 심의하기 위하여 필요한 경우에는 소비자문제에 관하여 전문지식이 있는 자, 소비자 또는 관계사업자의 의견을 들을 수 있다.
②공정거래위원회는 소비자권익증진, 정책위원회의 운영 등을 위하여 필요한 경우 중앙행정기관의 장 및 지방자치단체의 장 등 관계 행정기관에 의견제시 및 자료제출을 요청할 수 있다. <개정 2008.2.29>","제26조(의견청취 등)
①정책위원회는 제25조제1항 각 호의 사항을 심의하기 위하여 필요한 경우에는 소비자문제에 관하여 전문지식이 있는 자, 소비자 또는 관계사업자의 의견을 들을 수 있다.
②공정거래위원회는 소비자권익증진, 정책위원회의 운영 등을 위하여 필요한 경우 중앙행정기관의 장 및 지방자치단체의 장 등 관계 행정기관에 의견제시 및 자료제출을 요청할 수 있다. <개정 2008.2.29>","법령명: 소비자기본법
조문: 제26조 (의견청취 등)
내용: 제26조(의견청취 등)
①정책위원회는 제25조제1항 각 호의 사항을 심의하기 위하여 필요한 경우에는 소비자문제에 관하여 전문지식이 있는 자, 소비자 또는 관계사업자의 의견을 들을 수 있다.
②공정거래위원회는 소비자권익증진, 정책위원회의 운영 등을 위하여 필요한 경우 중앙행정기관의 장 및 지방자치단체의 장 등 관계 행정기관에 의견제시 및 자료제출을 요청할 수 있다. <개정 2008.2.29>",https://www.law.go.kr/법령/소비자기본법
001589,소비자기본법,법률,공정거래위원회,20260911,20260310,27,,국제협력,제27조(국제협력),"①국가는 소비자문제의 국제화에 대응하기 위하여 국가 사이의 상호협력방안을 마련하는 등 필요한 대책을 강구하여야 한다.
②공정거래위원회는 관계 중앙행정기관의 장과 협의하여 국제적인 소비자문제에 대응하기 위한 정보의 공유, 국제협력창구 또는 협의체의 구성ㆍ운영 등 관련 시책을 수립ㆍ시행하여야 한다. <개정 2008.2.29>
③제2항의 규정에 따른 관련 시책의 수립 등에 관하여 필요한 사항은 대통령령으로 정한다.","제27조(국제협력)
①국가는 소비자문제의 국제화에 대응하기 위하여 국가 사이의 상호협력방안을 마련하는 등 필요한 대책을 강구하여야 한다.
②공정거래위원회는 관계 중앙행정기관의 장과 협의하여 국제적인 소비자문제에 대응하기 위한 정보의 공유, 국제협력창구 또는 협의체의 구성ㆍ운영 등 관련 시책을 수립ㆍ시행하여야 한다. <개정 2008.2.29>
③제2항의 규정에 따른 관련 시책의 수립 등에 관하여 필요한 사항은 대통령령으로 정한다.","법령명: 소비자기본법
조문: 제27조 (국제협력)
내용: 제27조(국제협력)
①국가는 소비자문제의 국제화에 대응하기 위하여 국가 사이의 상호협력방안을 마련하는 등 필요한 대책을 강구하여야 한다.
②공정거래위원회는 관계 중앙행정기관의 장과 협의하여 국제적인 소비자문제에 대응하기 위한 정보의 공유, 국제협력창구 또는 협의체의 구성ㆍ운영 등 관련 시책을 수립ㆍ시행하여야 한다. <개정 2008.2.29>
③제2항의 규정에 따른 관련 시책의 수립 등에 관하여 필요한 사항은 대통령령으로 정한다.",https://www.law.go.kr/법령/소비자기본법
001589,소비자기본법,법률,공정거래위원회,20260911,20260310,28,,소비자단체의 업무 등,제28조(소비자단체의 업무 등),"①소비자단체는 다음 각 호의 업무를 행한다.
1. 국가 및 지방자치단체의 소비자의 권익과 관련된 시책에 대한 건의
2. 물품등의 규격ㆍ품질ㆍ안전성ㆍ환경성에 관한 시험ㆍ검사 및 가격 등을 포함한 거래조건이나 거래방법에 관한 조사ㆍ분석
3. 소비자문제에 관한 조사ㆍ연구
4. 소비자의 교육
5. 소비자의 불만 및 피해를 처리하기 위한 상담ㆍ정보제공 및 당사자 사이의 합의의 권고
②소비자단체는 제1항제2호의 규정에 따른 조사ㆍ분석 등의 결과를 공표할 수 있다. 다만, 공표되는 사항 중 물품등의 품질ㆍ성능 및 성분 등에 관한 시험ㆍ검사로서 전문적인 인력과 설비를 필요로 하는 시험ㆍ검사인 경우에는 대통령령이 정하는 시험ㆍ검사기관의 시험ㆍ검사를 거친 후 공표하여야 한다.
③소비자단체는 제78조의 규정에 따라 자료 및 정보의 제공을 요청하였음에도 사업자 또는 사업자단체가 정당한 사유 없이 이를 거부ㆍ방해ㆍ기피하거나 거짓으로 제출한 경우에는 그 사업자 또는 사업자단체의 이름(상호 그 밖의 명칭을 포함한다), 거부 등의 사실과 사유를 「신문 등의 진흥에 관한 법률」에 따른 일반일간신문에 게재할 수 있다. <개정 2009.7.31>
④소비자단체는 업무상 알게 된 정보를 소비자의 권익을 증진하기 위한 목적이 아닌 용도에 사용하여서는 아니 된다.
⑤소비자단체는 사업자 또는 사업자단체로부터 제공받은 자료 및 정보를 소비자의 권익을 증진하기 위한 목적이 아닌 용도로 사용함으로써 사업자 또는 사업자단체에 손해를 끼친 때에는 그 손해에 대하여 배상할 책임을 진다.","제28조(소비자단체의 업무 등)
①소비자단체는 다음 각 호의 업무를 행한다.
1. 국가 및 지방자치단체의 소비자의 권익과 관련된 시책에 대한 건의
2. 물품등의 규격ㆍ품질ㆍ안전성ㆍ환경성에 관한 시험ㆍ검사 및 가격 등을 포함한 거래조건이나 거래방법에 관한 조사ㆍ분석
3. 소비자문제에 관한 조사ㆍ연구
4. 소비자의 교육
5. 소비자의 불만 및 피해를 처리하기 위한 상담ㆍ정보제공 및 당사자 사이의 합의의 권고
②소비자단체는 제1항제2호의 규정에 따른 조사ㆍ분석 등의 결과를 공표할 수 있다. 다만, 공표되는 사항 중 물품등의 품질ㆍ성능 및 성분 등에 관한 시험ㆍ검사로서 전문적인 인력과 설비를 필요로 하는 시험ㆍ검사인 경우에는 대통령령이 정하는 시험ㆍ검사기관의 시험ㆍ검사를 거친 후 공표하여야 한다.
③소비자단체는 제78조의 규정에 따라 자료 및 정보의 제공을 요청하였음에도 사업자 또는 사업자단체가 정당한 사유 없이 이를 거부ㆍ방해ㆍ기피하거나 거짓으로 제출한 경우에는 그 사업자 또는 사업자단체의 이름(상호 그 밖의 명칭을 포함한다), 거부 등의 사실과 사유를 「신문 등의 진흥에 관한 법률」에 따른 일반일간신문에 게재할 수 있다. <개정 2009.7.31>
④소비자단체는 업무상 알게 된 정보를 소비자의 권익을 증진하기 위한 목적이 아닌 용도에 사용하여서는 아니 된다.
⑤소비자단체는 사업자 또는 사업자단체로부터 제공받은 자료 및 정보를 소비자의 권익을 증진하기 위한 목적이 아닌 용도로 사용함으로써 사업자 또는 사업자단체에 손해를 끼친 때에는 그 손해에 대하여 배상할 책임을 진다.","법령명: 소비자기본법
조문: 제28조 (소비자단체의 업무 등)
내용: 제28조(소비자단체의 업무 등)
①소비자단체는 다음 각 호의 업무를 행한다.
1. 국가 및 지방자치단체의 소비자의 권익과 관련된 시책에 대한 건의
2. 물품등의 규격ㆍ품질ㆍ안전성ㆍ환경성에 관한 시험ㆍ검사 및 가격 등을 포함한 거래조건이나 거래방법에 관한 조사ㆍ분석
3. 소비자문제에 관한 조사ㆍ연구
4. 소비자의 교육
5. 소비자의 불만 및 피해를 처리하기 위한 상담ㆍ정보제공 및 당사자 사이의 합의의 권고
②소비자단체는 제1항제2호의 규정에 따른 조사ㆍ분석 등의 결과를 공표할 수 있다. 다만, 공표되는 사항 중 물품등의 품질ㆍ성능 및 성분 등에 관한 시험ㆍ검사로서 전문적인 인력과 설비를 필요로 하는 시험ㆍ검사인 경우에는 대통령령이 정하는 시험ㆍ검사기관의 시험ㆍ검사를 거친 후 공표하여야 한다.
③소비자단체는 제78조의 규정에 따라 자료 및 정보의 제공을 요청하였음에도 사업자 또는 사업자단체가 정당한 사유 없이 이를 거부ㆍ방해ㆍ기피하거나 거짓으로 제출한 경우에는 그 사업자 또는 사업자단체의 이름(상호 그 밖의 명칭을 포함한다), 거부 등의 사실과 사유를 「신문 등의 진흥에 관한 법률」에 따른 일반일간신문에 게재할 수 있다. <개정 2009.7.31>
④소비자단체는 업무상 알게 된 정보를 소비자의 권익을 증진하기 위한 목적이 아닌 용도에 사용하여서는 아니 된다.
⑤소비자단체는 사업자 또는 사업자단체로부터 제공받은 자료 및 정보를 소비자의 권익을 증진하기 위한 목적이 아닌 용도로 사용함으로써 사업자 또는 사업자단체에 손해를 끼친 때에는 그 손해에 대하여 배상할 책임을 진다.",https://www.law.go.kr/법령/소비자기본법
001589,소비자기본법,법률,공정거래위원회,20260911,20260310,29,,소비자단체의 등록,제29조(소비자단체의 등록),"①다음 각 호의 요건을 모두 갖춘 소비자단체는 대통령령이 정하는 바에 따라 공정거래위원회 또는 지방자치단체에 등록할 수 있다.
1. 제28조제1항제2호 및 제5호의 업무를 수행할 것
2. 물품 및 용역에 대하여 전반적인 소비자문제를 취급할 것
3. 대통령령이 정하는 설비와 인력을 갖출 것
4. 「비영리민간단체 지원법」 제2조 각 호의 요건을 모두 갖출 것
②공정거래위원회 또는 지방자치단체의 장은 제1항의 규정에 따라 등록을 신청한 소비자단체가 제1항 각 호의 요건을 갖추었는지 여부를 심사하여 등록 여부를 결정하여야 한다.","제29조(소비자단체의 등록)
①다음 각 호의 요건을 모두 갖춘 소비자단체는 대통령령이 정하는 바에 따라 공정거래위원회 또는 지방자치단체에 등록할 수 있다.
1. 제28조제1항제2호 및 제5호의 업무를 수행할 것
2. 물품 및 용역에 대하여 전반적인 소비자문제를 취급할 것
3. 대통령령이 정하는 설비와 인력을 갖출 것
4. 「비영리민간단체 지원법」 제2조 각 호의 요건을 모두 갖출 것
②공정거래위원회 또는 지방자치단체의 장은 제1항의 규정에 따라 등록을 신청한 소비자단체가 제1항 각 호의 요건을 갖추었는지 여부를 심사하여 등록 여부를 결정하여야 한다.","법령명: 소비자기본법
조문: 제29조 (소비자단체의 등록)
내용: 제29조(소비자단체의 등록)
①다음 각 호의 요건을 모두 갖춘 소비자단체는 대통령령이 정하는 바에 따라 공정거래위원회 또는 지방자치단체에 등록할 수 있다.
1. 제28조제1항제2호 및 제5호의 업무를 수행할 것
2. 물품 및 용역에 대하여 전반적인 소비자문제를 취급할 것
3. 대통령령이 정하는 설비와 인력을 갖출 것
4. 「비영리민간단체 지원법」 제2조 각 호의 요건을 모두 갖출 것
②공정거래위원회 또는 지방자치단체의 장은 제1항의 규정에 따라 등록을 신청한 소비자단체가 제1항 각 호의 요건을 갖추었는지 여부를 심사하여 등록 여부를 결정하여야 한다.",https://www.law.go.kr/법령/소비자기본법
001589,소비자기본법,법률,공정거래위원회,20260911,20260310,30,,등록의 취소,제30조(등록의 취소),"①공정거래위원회 또는 지방자치단체의 장은 소비자단체가 거짓 그 밖의 부정한 방법으로 제29조의 규정에 따른 등록을 한 경우에는 등록을 취소하여야 한다.
②공정거래위원회 또는 지방자치단체의 장은 등록소비자단체가 제29조제1항 각 호의 요건을 갖추지 못하게 된 경우에는 3월 이내에 보완을 하도록 명할 수 있고, 그 기간이 경과하여도 요건을 갖추지 못하는 경우에는 등록을 취소할 수 있다.","제30조(등록의 취소)
①공정거래위원회 또는 지방자치단체의 장은 소비자단체가 거짓 그 밖의 부정한 방법으로 제29조의 규정에 따른 등록을 한 경우에는 등록을 취소하여야 한다.
②공정거래위원회 또는 지방자치단체의 장은 등록소비자단체가 제29조제1항 각 호의 요건을 갖추지 못하게 된 경우에는 3월 이내에 보완을 하도록 명할 수 있고, 그 기간이 경과하여도 요건을 갖추지 못하는 경우에는 등록을 취소할 수 있다.","법령명: 소비자기본법
조문: 제30조 (등록의 취소)
내용: 제30조(등록의 취소)
①공정거래위원회 또는 지방자치단체의 장은 소비자단체가 거짓 그 밖의 부정한 방법으로 제29조의 규정에 따른 등록을 한 경우에는 등록을 취소하여야 한다.
②공정거래위원회 또는 지방자치단체의 장은 등록소비자단체가 제29조제1항 각 호의 요건을 갖추지 못하게 된 경우에는 3월 이내에 보완을 하도록 명할 수 있고, 그 기간이 경과하여도 요건을 갖추지 못하는 경우에는 등록을 취소할 수 있다.",https://www.law.go.kr/법령/소비자기본법
001589,소비자기본법,법률,공정거래위원회,20260911,20260310,31,,자율적 분쟁조정,제31조(자율적 분쟁조정),"①제29조의 규정에 따라 공정거래위원회에 등록한 소비자단체의 협의체는 제28조제1항제5호의 규정에 따른 소비자의 불만 및 피해를 처리하기 위하여 자율적 분쟁조정(紛爭調停)을 할 수 있다. 다만, 다른 법률의 규정에 따라 설치된 전문성이 요구되는 분야의 분쟁조정기구(紛爭調停機構)로서 대통령령이 정하는 기구에서 관장하는 사항에 대하여는 그러하지 아니하다.
②제1항의 규정에 따른 자율적 분쟁조정은 당사자가 이를 수락한 경우에는 당사자 사이에 자율적 분쟁조정의 내용과 동일한 합의가 성립된 것으로 본다.
③제1항 본문의 규정에 따른 소비자단체의 협의체 구성 및 분쟁조정의 절차 등에 관하여 필요한 사항은 대통령령으로 정한다.","제31조(자율적 분쟁조정)
①제29조의 규정에 따라 공정거래위원회에 등록한 소비자단체의 협의체는 제28조제1항제5호의 규정에 따른 소비자의 불만 및 피해를 처리하기 위하여 자율적 분쟁조정(紛爭調停)을 할 수 있다. 다만, 다른 법률의 규정에 따라 설치된 전문성이 요구되는 분야의 분쟁조정기구(紛爭調停機構)로서 대통령령이 정하는 기구에서 관장하는 사항에 대하여는 그러하지 아니하다.
②제1항의 규정에 따른 자율적 분쟁조정은 당사자가 이를 수락한 경우에는 당사자 사이에 자율적 분쟁조정의 내용과 동일한 합의가 성립된 것으로 본다.
③제1항 본문의 규정에 따른 소비자단체의 협의체 구성 및 분쟁조정의 절차 등에 관하여 필요한 사항은 대통령령으로 정한다.","법령명: 소비자기본법
조문: 제31조 (자율적 분쟁조정)
내용: 제31조(자율적 분쟁조정)
①제29조의 규정에 따라 공정거래위원회에 등록한 소비자단체의 협의체는 제28조제1항제5호의 규정에 따른 소비자의 불만 및 피해를 처리하기 위하여 자율적 분쟁조정(紛爭調停)을 할 수 있다. 다만, 다른 법률의 규정에 따라 설치된 전문성이 요구되는 분야의 분쟁조정기구(紛爭調停機構)로서 대통령령이 정하는 기구에서 관장하는 사항에 대하여는 그러하지 아니하다.
②제1항의 규정에 따른 자율적 분쟁조정은 당사자가 이를 수락한 경우에는 당사자 사이에 자율적 분쟁조정의 내용과 동일한 합의가 성립된 것으로 본다.
③제1항 본문의 규정에 따른 소비자단체의 협의체 구성 및 분쟁조정의 절차 등에 관하여 필요한 사항은 대통령령으로 정한다.",https://www.law.go.kr/법령/소비자기본법
001589,소비자기본법,법률,공정거래위원회,20260911,20260310,32,,보조금의 지급,제32조(보조금의 지급) 국가 또는 지방자치단체는 등록소비자단체의 건전한 육성ㆍ발전을 위하여 필요하다고 인정될 때에는 보조금을 지급할 수 있다.,,제32조(보조금의 지급) 국가 또는 지방자치단체는 등록소비자단체의 건전한 육성ㆍ발전을 위하여 필요하다고 인정될 때에는 보조금을 지급할 수 있다.,"법령명: 소비자기본법
조문: 제32조 (보조금의 지급)
내용: 제32조(보조금의 지급) 국가 또는 지방자치단체는 등록소비자단체의 건전한 육성ㆍ발전을 위하여 필요하다고 인정될 때에는 보조금을 지급할 수 있다.",https://www.law.go.kr/법령/소비자기본법
001589,소비자기본법,법률,공정거래위원회,20260911,20260310,33,,설립,제33조(설립),"①소비자권익 증진시책의 효과적인 추진을 위하여 한국소비자원을 설립한다.
②한국소비자원은 법인으로 한다.
③한국소비자원은 공정거래위원회의 승인을 얻어 필요한 곳에 그 지부를 설치할 수 있다.
④한국소비자원은 그 주된 사무소의 소재지에서 설립등기를 함으로써 성립한다.","제33조(설립)
①소비자권익 증진시책의 효과적인 추진을 위하여 한국소비자원을 설립한다.
②한국소비자원은 법인으로 한다.
③한국소비자원은 공정거래위원회의 승인을 얻어 필요한 곳에 그 지부를 설치할 수 있다.
④한국소비자원은 그 주된 사무소의 소재지에서 설립등기를 함으로써 성립한다.","법령명: 소비자기본법
조문: 제33조 (설립)
내용: 제33조(설립)
①소비자권익 증진시책의 효과적인 추진을 위하여 한국소비자원을 설립한다.
②한국소비자원은 법인으로 한다.
③한국소비자원은 공정거래위원회의 승인을 얻어 필요한 곳에 그 지부를 설치할 수 있다.
④한국소비자원은 그 주된 사무소의 소재지에서 설립등기를 함으로써 성립한다.",https://www.law.go.kr/법령/소비자기본법
001589,소비자기본법,법률,공정거래위원회,20260911,20260310,34,,정관,제34조(정관) 한국소비자원의 정관에는 다음 각 호의 사항을 기재하여야 한다.,"1. 목적
2. 명칭
3. 주된 사무소 및 지부에 관한 사항
4. 임원 및 직원에 관한 사항
5. 이사회의 운영에 관한 사항
6. 제51조의 규정에 따른 소비자안전센터에 관한 사항
7. 제60조의 규정에 따른 소비자분쟁조정위원회에 관한 사항
8. 업무에 관한 사항
9. 재산 및 회계에 관한 사항
10. 공고에 관한 사항
11. 정관의 변경에 관한 사항
12. 내부규정의 제정 및 개정ㆍ폐지에 관한 사항","제34조(정관) 한국소비자원의 정관에는 다음 각 호의 사항을 기재하여야 한다.
1. 목적
2. 명칭
3. 주된 사무소 및 지부에 관한 사항
4. 임원 및 직원에 관한 사항
5. 이사회의 운영에 관한 사항
6. 제51조의 규정에 따른 소비자안전센터에 관한 사항
7. 제60조의 규정에 따른 소비자분쟁조정위원회에 관한 사항
8. 업무에 관한 사항
9. 재산 및 회계에 관한 사항
10. 공고에 관한 사항
11. 정관의 변경에 관한 사항
12. 내부규정의 제정 및 개정ㆍ폐지에 관한 사항","법령명: 소비자기본법
조문: 제34조 (정관)
내용: 제34조(정관) 한국소비자원의 정관에는 다음 각 호의 사항을 기재하여야 한다.
1. 목적
2. 명칭
3. 주된 사무소 및 지부에 관한 사항
4. 임원 및 직원에 관한 사항
5. 이사회의 운영에 관한 사항
6. 제51조의 규정에 따른 소비자안전센터에 관한 사항
7. 제60조의 규정에 따른 소비자분쟁조정위원회에 관한 사항
8. 업무에 관한 사항
9. 재산 및 회계에 관한 사항
10. 공고에 관한 사항
11. 정관의 변경에 관한 사항
12. 내부규정의 제정 및 개정ㆍ폐지에 관한 사항",https://www.law.go.kr/법령/소비자기본법
001589,소비자기본법,법률,공정거래위원회,20260911,20260310,35,,업무,제35조(업무),"①한국소비자원의 업무는 다음 각 호와 같다. <개정 2020.5.19, 2020.12.29>
1. 소비자의 권익과 관련된 제도와 정책의 연구 및 건의
2. 소비자의 권익증진을 위하여 필요한 경우 물품등의 규격ㆍ품질ㆍ안전성ㆍ환경성에 관한 시험ㆍ검사 및 가격 등을 포함한 거래조건이나 거래방법에 대한 조사ㆍ분석
3. 소비자의 권익증진ㆍ안전 및 소비생활의 향상을 위한 정보의 수집ㆍ제공 및 국제협력
4. 소비자의 권익증진ㆍ안전 및 능력개발과 관련된 교육ㆍ홍보 및 방송사업
5. 소비자의 불만처리 및 피해구제
6. 소비자의 권익증진 및 소비생활의 합리화를 위한 종합적인 조사ㆍ연구
7. 국가 또는 지방자치단체가 소비자의 권익증진과 관련하여 의뢰한 조사 등의 업무
8. 「독점규제 및 공정거래에 관한 법률」 제90조제7항에 따라 공정거래위원회로부터 위탁받은 동의의결의 이행관리
9. 그 밖에 소비자의 권익증진 및 안전에 관한 업무
②한국소비자원이 제1항제5호의 규정에 따른 업무를 수행함에 있어서 다음 각 호의 사항은 그 처리대상에서 제외한다.
1. 국가 또는 지방자치단체가 제공한 물품등으로 인하여 발생한 피해구제. 다만, 대통령령으로 정하는 물품등에 관하여는 그러하지 아니하다.
2. 그 밖에 다른 법률의 규정에 따라 설치된 전문성이 요구되는 분야의 분쟁조정기구에 신청된 피해구제 등으로서 대통령령이 정하는 피해구제
③한국소비자원은 업무수행 과정에서 취득한 사실 중 소비자의 권익증진, 소비자피해의 확산 방지, 물품등의 품질향상 그 밖에 소비생활의 향상을 위하여 필요하다고 인정되는 사실은 이를 공표하여야 한다. 다만, 사업자 또는 사업자단체의 영업비밀을 보호할 필요가 있다고 인정되거나 공익상 필요하다고 인정되는 때에는 그러하지 아니하다.
④ 원장은 제1항제2호 및 제5호의 업무를 수행함에 있어서 다수의 피해가 우려되는 등 긴급하다고 인정되는 때에는 사업자로부터 필요한 최소한의 시료를 수거할 수 있다. 이 경우 그 사업자는 정당한 사유가 없는 한 이에 따라야 한다. <신설 2018.12.31>
⑤ 원장은 제4항 전단에 따라 시료를 수거한 경우 특별한 사정이 없으면 시료 수거일로부터 30일 이내에 공정거래위원회 및 관계 중앙행정기관의 장에게 그 시료수거 사실과 결과를 보고하여야 한다. <신설 2018.12.31>","제35조(업무)
①한국소비자원의 업무는 다음 각 호와 같다. <개정 2020.5.19, 2020.12.29>
1. 소비자의 권익과 관련된 제도와 정책의 연구 및 건의
2. 소비자의 권익증진을 위하여 필요한 경우 물품등의 규격ㆍ품질ㆍ안전성ㆍ환경성에 관한 시험ㆍ검사 및 가격 등을 포함한 거래조건이나 거래방법에 대한 조사ㆍ분석
3. 소비자의 권익증진ㆍ안전 및 소비생활의 향상을 위한 정보의 수집ㆍ제공 및 국제협력
4. 소비자의 권익증진ㆍ안전 및 능력개발과 관련된 교육ㆍ홍보 및 방송사업
5. 소비자의 불만처리 및 피해구제
6. 소비자의 권익증진 및 소비생활의 합리화를 위한 종합적인 조사ㆍ연구
7. 국가 또는 지방자치단체가 소비자의 권익증진과 관련하여 의뢰한 조사 등의 업무
8. 「독점규제 및 공정거래에 관한 법률」 제90조제7항에 따라 공정거래위원회로부터 위탁받은 동의의결의 이행관리
9. 그 밖에 소비자의 권익증진 및 안전에 관한 업무
②한국소비자원이 제1항제5호의 규정에 따른 업무를 수행함에 있어서 다음 각 호의 사항은 그 처리대상에서 제외한다.
1. 국가 또는 지방자치단체가 제공한 물품등으로 인하여 발생한 피해구제. 다만, 대통령령으로 정하는 물품등에 관하여는 그러하지 아니하다.
2. 그 밖에 다른 법률의 규정에 따라 설치된 전문성이 요구되는 분야의 분쟁조정기구에 신청된 피해구제 등으로서 대통령령이 정하는 피해구제
③한국소비자원은 업무수행 과정에서 취득한 사실 중 소비자의 권익증진, 소비자피해의 확산 방지, 물품등의 품질향상 그 밖에 소비생활의 향상을 위하여 필요하다고 인정되는 사실은 이를 공표하여야 한다. 다만, 사업자 또는 사업자단체의 영업비밀을 보호할 필요가 있다고 인정되거나 공익상 필요하다고 인정되는 때에는 그러하지 아니하다.
④ 원장은 제1항제2호 및 제5호의 업무를 수행함에 있어서 다수의 피해가 우려되는 등 긴급하다고 인정되는 때에는 사업자로부터 필요한 최소한의 시료를 수거할 수 있다. 이 경우 그 사업자는 정당한 사유가 없는 한 이에 따라야 한다. <신설 2018.12.31>
⑤ 원장은 제4항 전단에 따라 시료를 수거한 경우 특별한 사정이 없으면 시료 수거일로부터 30일 이내에 공정거래위원회 및 관계 중앙행정기관의 장에게 그 시료수거 사실과 결과를 보고하여야 한다. <신설 2018.12.31>","법령명: 소비자기본법
조문: 제35조 (업무)
내용: 제35조(업무)
①한국소비자원의 업무는 다음 각 호와 같다. <개정 2020.5.19, 2020.12.29>
1. 소비자의 권익과 관련된 제도와 정책의 연구 및 건의
2. 소비자의 권익증진을 위하여 필요한 경우 물품등의 규격ㆍ품질ㆍ안전성ㆍ환경성에 관한 시험ㆍ검사 및 가격 등을 포함한 거래조건이나 거래방법에 대한 조사ㆍ분석
3. 소비자의 권익증진ㆍ안전 및 소비생활의 향상을 위한 정보의 수집ㆍ제공 및 국제협력
4. 소비자의 권익증진ㆍ안전 및 능력개발과 관련된 교육ㆍ홍보 및 방송사업
5. 소비자의 불만처리 및 피해구제
6. 소비자의 권익증진 및 소비생활의 합리화를 위한 종합적인 조사ㆍ연구
7. 국가 또는 지방자치단체가 소비자의 권익증진과 관련하여 의뢰한 조사 등의 업무
8. 「독점규제 및 공정거래에 관한 법률」 제90조제7항에 따라 공정거래위원회로부터 위탁받은 동의의결의 이행관리
9. 그 밖에 소비자의 권익증진 및 안전에 관한 업무
②한국소비자원이 제1항제5호의 규정에 따른 업무를 수행함에 있어서 다음 각 호의 사항은 그 처리대상에서 제외한다.
1. 국가 또는 지방자치단체가 제공한 물품등으로 인하여 발생한 피해구제. 다만, 대통령령으로 정하는 물품등에 관하여는 그러하지 아니하다.
2. 그 밖에 다른 법률의 규정에 따라 설치된 전문성이 요구되는 분야의 분쟁조정기구에 신청된 피해구제 등으로서 대통령령이 정하는 피해구제
③한국소비자원은 업무수행 과정에서 취득한 사실 중 소비자의 권익증진, 소비자피해의 확산 방지, 물품등의 품질향상 그 밖에 소비생활의 향상을 위하여 필요하다고 인정되는 사실은 이를 공표하여야 한다. 다만, 사업자 또는 사업자단체의 영업비밀을 보호할 필요가 있다고 인정되거나 공익상 필요하다고 인정되는 때에는 그러하지 아니하다.
④ 원장은 제1항제2호 및 제5호의 업무를 수행함에 있어서 다수의 피해가 우려되는 등 긴급하다고 인정되는 때에는 사업자로부터 필요한 최소한의 시료를 수거할 수 있다. 이 경우 그 사업자는 정당한 사유가 없는 한 이에 따라야 한다. <신설 2018.12.31>
⑤ 원장은 제4항 전단에 따라 시료를 수거한 경우 특별한 사정이 없으면 시료 수거일로부터 30일 이내에 공정거래위원회 및 관계 중앙행정기관의 장에게 그 시료수거 사실과 결과를 보고하여야 한다. <신설 2018.12.31>",https://www.law.go.kr/법령/소비자기본법
001589,소비자기본법,법률,공정거래위원회,20260911,20260310,36,,시험ㆍ검사의 의뢰,제36조(시험ㆍ검사의 의뢰),"①원장은 제35조제1항제2호 및 제5호의 업무를 수행함에 있어서 필요하다고 인정되는 때에는 국립 또는 공립의 시험ㆍ검사기관에 물품등에 대한 시험ㆍ검사를 의뢰할 수 있다.
②제1항의 규정에 따른 의뢰를 받은 기관은 특별한 사유가 없는 한 우선하여 이에 응하여야 한다.","제36조(시험ㆍ검사의 의뢰)
①원장은 제35조제1항제2호 및 제5호의 업무를 수행함에 있어서 필요하다고 인정되는 때에는 국립 또는 공립의 시험ㆍ검사기관에 물품등에 대한 시험ㆍ검사를 의뢰할 수 있다.
②제1항의 규정에 따른 의뢰를 받은 기관은 특별한 사유가 없는 한 우선하여 이에 응하여야 한다.","법령명: 소비자기본법
조문: 제36조 (시험ㆍ검사의 의뢰)
내용: 제36조(시험ㆍ검사의 의뢰)
①원장은 제35조제1항제2호 및 제5호의 업무를 수행함에 있어서 필요하다고 인정되는 때에는 국립 또는 공립의 시험ㆍ검사기관에 물품등에 대한 시험ㆍ검사를 의뢰할 수 있다.
②제1항의 규정에 따른 의뢰를 받은 기관은 특별한 사유가 없는 한 우선하여 이에 응하여야 한다.",https://www.law.go.kr/법령/소비자기본법
001589,소비자기본법,법률,공정거래위원회,20260911,20260310,37,,유사명칭의 사용금지,제37조(유사명칭의 사용금지) 이 법에 따른 한국소비자원이 아닌 자는 한국소비자원 또는 이와 유사한 한국소비자보호원 등의 명칭을 사용하여서는 아니 된다.,,제37조(유사명칭의 사용금지) 이 법에 따른 한국소비자원이 아닌 자는 한국소비자원 또는 이와 유사한 한국소비자보호원 등의 명칭을 사용하여서는 아니 된다.,"법령명: 소비자기본법
조문: 제37조 (유사명칭의 사용금지)
내용: 제37조(유사명칭의 사용금지) 이 법에 따른 한국소비자원이 아닌 자는 한국소비자원 또는 이와 유사한 한국소비자보호원 등의 명칭을 사용하여서는 아니 된다.",https://www.law.go.kr/법령/소비자기본법
001589,소비자기본법,법률,공정거래위원회,20260911,20260310,38,,임원 및 임기,제38조(임원 및 임기),"①한국소비자원에 원장ㆍ부원장 및 제51조의 규정에 따른 소비자안전센터의 소장(이하 ""소장""이라 한다) 각 1인을 포함한 10인 이내의 이사와 감사 1인을 둔다.
②원장ㆍ부원장ㆍ소장 및 대통령령이 정하는 이사는 상임으로 하고 그 밖의 임원은 비상임으로 한다.
③ 원장은 「공공기관의 운영에 관한 법률」 제29조에 따른 임원추천위원회(이하 이 조에서 ""임원추천위원회""라 한다)가 복수로 추천한 사람 중에서 공정거래위원회 위원장의 제청으로 대통령이 임명한다. <개정 2016.3.29>
④ 부원장, 소장 및 상임이사는 원장이 임명한다. <개정 2016.3.29>
⑤ 비상임이사는 임원추천위원회가 복수로 추천한 사람 중에서 공정거래위원회 위원장이 임명한다. <개정 2016.3.29>
⑥ 감사는 임원추천위원회가 복수로 추천하여 「공공기관의 운영에 관한 법률」 제8조에 따른 공공기관운영위원회의 심의ㆍ의결을 거친 사람 중에서 재정경제부장관의 제청으로 대통령이 임명한다. <개정 2016.3.29, 2025.10.1>
⑦ 원장의 임기는 3년으로 하고, 부원장, 소장, 이사 및 감사의 임기는 2년으로 한다. <신설 2016.3.29>","제38조(임원 및 임기)
①한국소비자원에 원장ㆍ부원장 및 제51조의 규정에 따른 소비자안전센터의 소장(이하 ""소장""이라 한다) 각 1인을 포함한 10인 이내의 이사와 감사 1인을 둔다.
②원장ㆍ부원장ㆍ소장 및 대통령령이 정하는 이사는 상임으로 하고 그 밖의 임원은 비상임으로 한다.
③ 원장은 「공공기관의 운영에 관한 법률」 제29조에 따른 임원추천위원회(이하 이 조에서 ""임원추천위원회""라 한다)가 복수로 추천한 사람 중에서 공정거래위원회 위원장의 제청으로 대통령이 임명한다. <개정 2016.3.29>
④ 부원장, 소장 및 상임이사는 원장이 임명한다. <개정 2016.3.29>
⑤ 비상임이사는 임원추천위원회가 복수로 추천한 사람 중에서 공정거래위원회 위원장이 임명한다. <개정 2016.3.29>
⑥ 감사는 임원추천위원회가 복수로 추천하여 「공공기관의 운영에 관한 법률」 제8조에 따른 공공기관운영위원회의 심의ㆍ의결을 거친 사람 중에서 재정경제부장관의 제청으로 대통령이 임명한다. <개정 2016.3.29, 2025.10.1>
⑦ 원장의 임기는 3년으로 하고, 부원장, 소장, 이사 및 감사의 임기는 2년으로 한다. <신설 2016.3.29>","법령명: 소비자기본법
조문: 제38조 (임원 및 임기)
내용: 제38조(임원 및 임기)
①한국소비자원에 원장ㆍ부원장 및 제51조의 규정에 따른 소비자안전센터의 소장(이하 ""소장""이라 한다) 각 1인을 포함한 10인 이내의 이사와 감사 1인을 둔다.
②원장ㆍ부원장ㆍ소장 및 대통령령이 정하는 이사는 상임으로 하고 그 밖의 임원은 비상임으로 한다.
③ 원장은 「공공기관의 운영에 관한 법률」 제29조에 따른 임원추천위원회(이하 이 조에서 ""임원추천위원회""라 한다)가 복수로 추천한 사람 중에서 공정거래위원회 위원장의 제청으로 대통령이 임명한다. <개정 2016.3.29>
④ 부원장, 소장 및 상임이사는 원장이 임명한다. <개정 2016.3.29>
⑤ 비상임이사는 임원추천위원회가 복수로 추천한 사람 중에서 공정거래위원회 위원장이 임명한다. <개정 2016.3.29>
⑥ 감사는 임원추천위원회가 복수로 추천하여 「공공기관의 운영에 관한 법률」 제8조에 따른 공공기관운영위원회의 심의ㆍ의결을 거친 사람 중에서 재정경제부장관의 제청으로 대통령이 임명한다. <개정 2016.3.29, 2025.10.1>
⑦ 원장의 임기는 3년으로 하고, 부원장, 소장, 이사 및 감사의 임기는 2년으로 한다. <신설 2016.3.29>",https://www.law.go.kr/법령/소비자기본법
001589,소비자기본법,법률,공정거래위원회,20260911,20260310,39,,임원의 직무,제39조(임원의 직무),"①원장은 한국소비자원을 대표하고 한국소비자원의 업무를 총괄한다.
②부원장은 원장을 보좌하며, 원장이 부득이한 사유로 직무를 수행할 수 없는 경우에 그 직무를 대행한다.
③소장은 원장의 지휘를 받아 제51조제1항의 규정에 따라 설치되는 소비자안전센터의 업무를 총괄하며, 원장ㆍ부원장 및 소장이 아닌 이사는 정관이 정하는 바에 따라 한국소비자원의 업무를 분장한다.
④원장ㆍ부원장이 모두 부득이한 사유로 직무를 수행할 수 없는 때에는 상임이사ㆍ비상임이사의 순으로 정관이 정하는 순서에 따라 그 직무를 대행한다.
⑤감사는 한국소비자원의 업무 및 회계를 감사한다.","제39조(임원의 직무)
①원장은 한국소비자원을 대표하고 한국소비자원의 업무를 총괄한다.
②부원장은 원장을 보좌하며, 원장이 부득이한 사유로 직무를 수행할 수 없는 경우에 그 직무를 대행한다.
③소장은 원장의 지휘를 받아 제51조제1항의 규정에 따라 설치되는 소비자안전센터의 업무를 총괄하며, 원장ㆍ부원장 및 소장이 아닌 이사는 정관이 정하는 바에 따라 한국소비자원의 업무를 분장한다.
④원장ㆍ부원장이 모두 부득이한 사유로 직무를 수행할 수 없는 때에는 상임이사ㆍ비상임이사의 순으로 정관이 정하는 순서에 따라 그 직무를 대행한다.
⑤감사는 한국소비자원의 업무 및 회계를 감사한다.","법령명: 소비자기본법
조문: 제39조 (임원의 직무)
내용: 제39조(임원의 직무)
①원장은 한국소비자원을 대표하고 한국소비자원의 업무를 총괄한다.
②부원장은 원장을 보좌하며, 원장이 부득이한 사유로 직무를 수행할 수 없는 경우에 그 직무를 대행한다.
③소장은 원장의 지휘를 받아 제51조제1항의 규정에 따라 설치되는 소비자안전센터의 업무를 총괄하며, 원장ㆍ부원장 및 소장이 아닌 이사는 정관이 정하는 바에 따라 한국소비자원의 업무를 분장한다.
④원장ㆍ부원장이 모두 부득이한 사유로 직무를 수행할 수 없는 때에는 상임이사ㆍ비상임이사의 순으로 정관이 정하는 순서에 따라 그 직무를 대행한다.
⑤감사는 한국소비자원의 업무 및 회계를 감사한다.",https://www.law.go.kr/법령/소비자기본법
001589,소비자기본법,법률,공정거래위원회,20260911,20260310,40,,이사회,제40조(이사회),"①한국소비자원의 업무와 운영에 관한 중요사항을 심의ㆍ의결하기 위하여 한국소비자원에 이사회를 둔다.
②이사회는 원장ㆍ부원장ㆍ소장 그 밖의 이사로 구성한다.
③원장은 이사회를 소집하고 이사회의 의장이 된다.
④감사는 이사회에 출석하여 의견을 진술할 수 있다.","제40조(이사회)
①한국소비자원의 업무와 운영에 관한 중요사항을 심의ㆍ의결하기 위하여 한국소비자원에 이사회를 둔다.
②이사회는 원장ㆍ부원장ㆍ소장 그 밖의 이사로 구성한다.
③원장은 이사회를 소집하고 이사회의 의장이 된다.
④감사는 이사회에 출석하여 의견을 진술할 수 있다.","법령명: 소비자기본법
조문: 제40조 (이사회)
내용: 제40조(이사회)
①한국소비자원의 업무와 운영에 관한 중요사항을 심의ㆍ의결하기 위하여 한국소비자원에 이사회를 둔다.
②이사회는 원장ㆍ부원장ㆍ소장 그 밖의 이사로 구성한다.
③원장은 이사회를 소집하고 이사회의 의장이 된다.
④감사는 이사회에 출석하여 의견을 진술할 수 있다.",https://www.law.go.kr/법령/소비자기본법
001589,소비자기본법,법률,공정거래위원회,20260911,20260310,41,,재원,제41조(재원) 한국소비자원의 설립ㆍ시설ㆍ운영 및 업무에 필요한 경비는 다음 각 호의 재원으로 충당한다.,"1. 국가 및 지방자치단체의 출연금
2. 그 밖에 한국소비자원의 운영에 따른 수입금","제41조(재원) 한국소비자원의 설립ㆍ시설ㆍ운영 및 업무에 필요한 경비는 다음 각 호의 재원으로 충당한다.
1. 국가 및 지방자치단체의 출연금
2. 그 밖에 한국소비자원의 운영에 따른 수입금","법령명: 소비자기본법
조문: 제41조 (재원)
내용: 제41조(재원) 한국소비자원의 설립ㆍ시설ㆍ운영 및 업무에 필요한 경비는 다음 각 호의 재원으로 충당한다.
1. 국가 및 지방자치단체의 출연금
2. 그 밖에 한국소비자원의 운영에 따른 수입금",https://www.law.go.kr/법령/소비자기본법
001589,소비자기본법,법률,공정거래위원회,20260911,20260310,42,,감독,제42조(감독),"①공정거래위원회는 한국소비자원(제51조의 규정에 따른 소비자안전센터를 포함한다. 이하 이 절에서 같다)을 지도ㆍ감독하고, 필요하다고 인정되는 때에는 한국소비자원에 대하여 그 사업에 관한 지시 또는 명령을 할 수 있다.
②한국소비자원은 매년 업무계획서와 예산서를 작성하여 공정거래위원회의 승인을 얻어야 하며, 매년 결산보고서와 이에 대한 감사의 의견서를 작성하여 공정거래위원회에 보고하여야 한다. 이 경우 그 절차 등에 관하여는 대통령령으로 정한다.
③공정거래위원회는 필요하다고 인정되는 때에는 한국소비자원에 대하여 그 업무ㆍ회계 및 재산에 관한 사항을 보고하게 하거나 감사할 수 있다.","제42조(감독)
①공정거래위원회는 한국소비자원(제51조의 규정에 따른 소비자안전센터를 포함한다. 이하 이 절에서 같다)을 지도ㆍ감독하고, 필요하다고 인정되는 때에는 한국소비자원에 대하여 그 사업에 관한 지시 또는 명령을 할 수 있다.
②한국소비자원은 매년 업무계획서와 예산서를 작성하여 공정거래위원회의 승인을 얻어야 하며, 매년 결산보고서와 이에 대한 감사의 의견서를 작성하여 공정거래위원회에 보고하여야 한다. 이 경우 그 절차 등에 관하여는 대통령령으로 정한다.
③공정거래위원회는 필요하다고 인정되는 때에는 한국소비자원에 대하여 그 업무ㆍ회계 및 재산에 관한 사항을 보고하게 하거나 감사할 수 있다.","법령명: 소비자기본법
조문: 제42조 (감독)
내용: 제42조(감독)
①공정거래위원회는 한국소비자원(제51조의 규정에 따른 소비자안전센터를 포함한다. 이하 이 절에서 같다)을 지도ㆍ감독하고, 필요하다고 인정되는 때에는 한국소비자원에 대하여 그 사업에 관한 지시 또는 명령을 할 수 있다.
②한국소비자원은 매년 업무계획서와 예산서를 작성하여 공정거래위원회의 승인을 얻어야 하며, 매년 결산보고서와 이에 대한 감사의 의견서를 작성하여 공정거래위원회에 보고하여야 한다. 이 경우 그 절차 등에 관하여는 대통령령으로 정한다.
③공정거래위원회는 필요하다고 인정되는 때에는 한국소비자원에 대하여 그 업무ㆍ회계 및 재산에 관한 사항을 보고하게 하거나 감사할 수 있다.",https://www.law.go.kr/법령/소비자기본법
001589,소비자기본법,법률,공정거래위원회,20260911,20260310,43,,벌칙 적용에서 공무원 의제,제43조(벌칙 적용에서 공무원 의제) 다음 각 호의 어느 하나에 해당하는 사람은 「형법」 제129조부터 제132조까지의 규정에 따른 벌칙을 적용할 때에는 공무원으로 본다.,"1. 한국소비자원의 임원
2. 제35조제1항제2호ㆍ제5호의 업무에 종사하는 직원
3. 제52조제1항ㆍ제2항의 업무에 종사하는 직원
4. 제60조에 따른 소비자분쟁조정위원회의 위원","제43조(벌칙 적용에서 공무원 의제) 다음 각 호의 어느 하나에 해당하는 사람은 「형법」 제129조부터 제132조까지의 규정에 따른 벌칙을 적용할 때에는 공무원으로 본다.
1. 한국소비자원의 임원
2. 제35조제1항제2호ㆍ제5호의 업무에 종사하는 직원
3. 제52조제1항ㆍ제2항의 업무에 종사하는 직원
4. 제60조에 따른 소비자분쟁조정위원회의 위원","법령명: 소비자기본법
조문: 제43조 (벌칙 적용에서 공무원 의제)
내용: 제43조(벌칙 적용에서 공무원 의제) 다음 각 호의 어느 하나에 해당하는 사람은 「형법」 제129조부터 제132조까지의 규정에 따른 벌칙을 적용할 때에는 공무원으로 본다.
1. 한국소비자원의 임원
2. 제35조제1항제2호ㆍ제5호의 업무에 종사하는 직원
3. 제52조제1항ㆍ제2항의 업무에 종사하는 직원
4. 제60조에 따른 소비자분쟁조정위원회의 위원",https://www.law.go.kr/법령/소비자기본법
001589,소비자기본법,법률,공정거래위원회,20260911,20260310,44,,준용,제44조(준용) 한국소비자원에 관하여 이 법 및 「공공기관의 운영에 관한 법률」에 규정하지 아니한 사항에 관하여는 「민법」 중 재단법인에 관한 규정을 준용한다. <개정 2016.3.29>,,제44조(준용) 한국소비자원에 관하여 이 법 및 「공공기관의 운영에 관한 법률」에 규정하지 아니한 사항에 관하여는 「민법」 중 재단법인에 관한 규정을 준용한다. <개정 2016.3.29>,"법령명: 소비자기본법
조문: 제44조 (준용)
내용: 제44조(준용) 한국소비자원에 관하여 이 법 및 「공공기관의 운영에 관한 법률」에 규정하지 아니한 사항에 관하여는 「민법」 중 재단법인에 관한 규정을 준용한다. <개정 2016.3.29>",https://www.law.go.kr/법령/소비자기본법
001589,소비자기본법,법률,공정거래위원회,20260911,20260310,45,,취약계층의 보호,제45조(취약계층의 보호),"①국가 및 지방자치단체는 어린이ㆍ노약자ㆍ장애인 및 결혼이민자(「재한외국인 처우 기본법」 제2조제3호에 따른 결혼이민자를 말한다. 이하 같다) 등 안전취약계층에 대하여 우선적으로 보호시책을 강구하여야 한다. <개정 2016.3.29>
②사업자는 어린이ㆍ노약자ㆍ장애인 및 결혼이민자 등 안전취약계층에 대하여 물품등을 판매ㆍ광고 또는 제공하는 경우에는 그 취약계층에게 위해가 발생하지 아니하도록 제19조제1항의 규정에 따른 조치와 더불어 필요한 예방조치를 취하여야 한다. <개정 2016.3.29>","제45조(취약계층의 보호)
①국가 및 지방자치단체는 어린이ㆍ노약자ㆍ장애인 및 결혼이민자(「재한외국인 처우 기본법」 제2조제3호에 따른 결혼이민자를 말한다. 이하 같다) 등 안전취약계층에 대하여 우선적으로 보호시책을 강구하여야 한다. <개정 2016.3.29>
②사업자는 어린이ㆍ노약자ㆍ장애인 및 결혼이민자 등 안전취약계층에 대하여 물품등을 판매ㆍ광고 또는 제공하는 경우에는 그 취약계층에게 위해가 발생하지 아니하도록 제19조제1항의 규정에 따른 조치와 더불어 필요한 예방조치를 취하여야 한다. <개정 2016.3.29>","법령명: 소비자기본법
조문: 제45조 (취약계층의 보호)
내용: 제45조(취약계층의 보호)
①국가 및 지방자치단체는 어린이ㆍ노약자ㆍ장애인 및 결혼이민자(「재한외국인 처우 기본법」 제2조제3호에 따른 결혼이민자를 말한다. 이하 같다) 등 안전취약계층에 대하여 우선적으로 보호시책을 강구하여야 한다. <개정 2016.3.29>
②사업자는 어린이ㆍ노약자ㆍ장애인 및 결혼이민자 등 안전취약계층에 대하여 물품등을 판매ㆍ광고 또는 제공하는 경우에는 그 취약계층에게 위해가 발생하지 아니하도록 제19조제1항의 규정에 따른 조치와 더불어 필요한 예방조치를 취하여야 한다. <개정 2016.3.29>",https://www.law.go.kr/법령/소비자기본법
001589,소비자기본법,법률,공정거래위원회,20260911,20260310,46,,시정요청 등,제46조(시정요청 등),"① 공정거래위원회 또는 시ㆍ도지사는 사업자가 제공한 물품등으로 인하여 소비자에게 위해발생이 우려되는 경우에는 관계중앙행정기관의 장에게 다음 각 호의 조치를 요청할 수 있다. <개정 2008.2.29, 2016.3.29, 2018.3.13>
1. 사업자가 다른 법령에서 정한 안전조치를 취하지 아니하는 경우에는 그 법령의 규정에 따른 조치
2. 다른 법령에서 안전기준이나 규격을 정하고 있지 아니하는 경우에는 다음 각 목의 조치
가. 제49조의 규정에 따른 수거ㆍ파기 등의 권고
나. 제50조의 규정에 따른 수거ㆍ파기 등의 명령
다. 제86조제1항제1호의 규정에 따른 과태료 처분
3. 그 밖에 물품등에 대한 위해방지대책의 강구
② 제1항에 따라 공정거래위원회 또는 시ㆍ도지사의 요청을 받은 관계 중앙행정기관의 장은 조치 여부 및 그 내용을 신속히 공정거래위원회 또는 시ㆍ도지사에게 통보하여야 한다. <신설 2018.3.13>","제46조(시정요청 등)
① 공정거래위원회 또는 시ㆍ도지사는 사업자가 제공한 물품등으로 인하여 소비자에게 위해발생이 우려되는 경우에는 관계중앙행정기관의 장에게 다음 각 호의 조치를 요청할 수 있다. <개정 2008.2.29, 2016.3.29, 2018.3.13>
1. 사업자가 다른 법령에서 정한 안전조치를 취하지 아니하는 경우에는 그 법령의 규정에 따른 조치
2. 다른 법령에서 안전기준이나 규격을 정하고 있지 아니하는 경우에는 다음 각 목의 조치
가. 제49조의 규정에 따른 수거ㆍ파기 등의 권고
나. 제50조의 규정에 따른 수거ㆍ파기 등의 명령
다. 제86조제1항제1호의 규정에 따른 과태료 처분
3. 그 밖에 물품등에 대한 위해방지대책의 강구
② 제1항에 따라 공정거래위원회 또는 시ㆍ도지사의 요청을 받은 관계 중앙행정기관의 장은 조치 여부 및 그 내용을 신속히 공정거래위원회 또는 시ㆍ도지사에게 통보하여야 한다. <신설 2018.3.13>","법령명: 소비자기본법
조문: 제46조 (시정요청 등)
내용: 제46조(시정요청 등)
① 공정거래위원회 또는 시ㆍ도지사는 사업자가 제공한 물품등으로 인하여 소비자에게 위해발생이 우려되는 경우에는 관계중앙행정기관의 장에게 다음 각 호의 조치를 요청할 수 있다. <개정 2008.2.29, 2016.3.29, 2018.3.13>
1. 사업자가 다른 법령에서 정한 안전조치를 취하지 아니하는 경우에는 그 법령의 규정에 따른 조치
2. 다른 법령에서 안전기준이나 규격을 정하고 있지 아니하는 경우에는 다음 각 목의 조치
가. 제49조의 규정에 따른 수거ㆍ파기 등의 권고
나. 제50조의 규정에 따른 수거ㆍ파기 등의 명령
다. 제86조제1항제1호의 규정에 따른 과태료 처분
3. 그 밖에 물품등에 대한 위해방지대책의 강구
② 제1항에 따라 공정거래위원회 또는 시ㆍ도지사의 요청을 받은 관계 중앙행정기관의 장은 조치 여부 및 그 내용을 신속히 공정거래위원회 또는 시ㆍ도지사에게 통보하여야 한다. <신설 2018.3.13>",https://www.law.go.kr/법령/소비자기본법
001589,소비자기본법,법률,공정거래위원회,20260911,20260310,47,,결함정보의 보고의무,제47조(결함정보의 보고의무),"①사업자는 다음 각 호의 어느 하나에 해당하는 경우에는 제조ㆍ수입ㆍ판매 또는 제공한 물품등의 결함을 소관 중앙행정기관의 장에게 보고(전자적 보고를 포함한다. 이하 같다)하여야 한다. 다만, 제2호에 해당하는 경우로서 사업자가 제48조에 따라 해당 물품등의 수거ㆍ파기ㆍ수리ㆍ교환ㆍ환급 또는 제조ㆍ수입ㆍ판매ㆍ제공의 금지 및 그 밖의 필요한 조치(이하 이 조에서 ""수거ㆍ파기등""이라 한다)를 한 경우에는 그러하지 아니하다. <개정 2017.10.31>
1. 제조ㆍ수입ㆍ판매 또는 제공한 물품등에 소비자의 생명ㆍ신체 또는 재산에 위해를 끼치거나 끼칠 우려가 있는 제조ㆍ설계 또는 표시 등의 중대한 결함이 있다는 사실을 알게 된 경우
2. 제조ㆍ수입ㆍ판매 또는 제공한 물품등과 동일한 물품등에 대하여 외국에서 결함이 발견되어 사업자가 다음 각 목의 어느 하나에 해당하는 조치를 한 경우 또는 외국의 다른 사업자가 해당 조치를 한 사실을 알게 된 경우
가. 외국 정부로부터 수거ㆍ파기등의 권고 또는 명령을 받고 한 수거ㆍ파기등
나. 자발적으로 한 수거ㆍ파기등
②제1항의 규정에 따른 보고를 받은 중앙행정기관의 장은 사업자가 보고한 결함의 내용에 관하여 제17조의 규정에 따른 시험ㆍ검사기관 또는 한국소비자원 등에 시험ㆍ검사를 의뢰하고, 시험ㆍ검사의 결과 그 물품등이 제49조 또는 제50조의 요건에 해당하는 경우에는 사업자에게 각각에 해당하는 규정에 따른 필요한 조치를 취하여야 한다.
③제1항의 규정에 따라 결함의 내용을 보고하여야 할 사업자는 다음 각 호와 같다.
1. 물품등을 제조ㆍ수입 또는 제공하는 자
2. 물품에 성명ㆍ상호 그 밖에 식별 가능한 기호 등을 부착함으로써 자신을 제조자로 표시한 자
3. 「유통산업발전법」 제2조제3호의 규정에 따른 대규모점포 중 대통령령이 정하는 대규모점포를 설치하여 운영하는 자
4. 그 밖에 소비자의 생명ㆍ신체 및 재산에 위해를 끼치거나 끼칠 우려가 있는 물품등을 제조ㆍ수입ㆍ판매 또는 제공하는 자로서 대통령령이 정하는 자
④제1항의 규정에 따라 사업자가 보고하여야 할 중대한 결함의 범위, 보고기한 및 보고절차 등에 관하여 필요한 사항은 대통령령으로 정한다.","제47조(결함정보의 보고의무)
①사업자는 다음 각 호의 어느 하나에 해당하는 경우에는 제조ㆍ수입ㆍ판매 또는 제공한 물품등의 결함을 소관 중앙행정기관의 장에게 보고(전자적 보고를 포함한다. 이하 같다)하여야 한다. 다만, 제2호에 해당하는 경우로서 사업자가 제48조에 따라 해당 물품등의 수거ㆍ파기ㆍ수리ㆍ교환ㆍ환급 또는 제조ㆍ수입ㆍ판매ㆍ제공의 금지 및 그 밖의 필요한 조치(이하 이 조에서 ""수거ㆍ파기등""이라 한다)를 한 경우에는 그러하지 아니하다. <개정 2017.10.31>
1. 제조ㆍ수입ㆍ판매 또는 제공한 물품등에 소비자의 생명ㆍ신체 또는 재산에 위해를 끼치거나 끼칠 우려가 있는 제조ㆍ설계 또는 표시 등의 중대한 결함이 있다는 사실을 알게 된 경우
2. 제조ㆍ수입ㆍ판매 또는 제공한 물품등과 동일한 물품등에 대하여 외국에서 결함이 발견되어 사업자가 다음 각 목의 어느 하나에 해당하는 조치를 한 경우 또는 외국의 다른 사업자가 해당 조치를 한 사실을 알게 된 경우
가. 외국 정부로부터 수거ㆍ파기등의 권고 또는 명령을 받고 한 수거ㆍ파기등
나. 자발적으로 한 수거ㆍ파기등
②제1항의 규정에 따른 보고를 받은 중앙행정기관의 장은 사업자가 보고한 결함의 내용에 관하여 제17조의 규정에 따른 시험ㆍ검사기관 또는 한국소비자원 등에 시험ㆍ검사를 의뢰하고, 시험ㆍ검사의 결과 그 물품등이 제49조 또는 제50조의 요건에 해당하는 경우에는 사업자에게 각각에 해당하는 규정에 따른 필요한 조치를 취하여야 한다.
③제1항의 규정에 따라 결함의 내용을 보고하여야 할 사업자는 다음 각 호와 같다.
1. 물품등을 제조ㆍ수입 또는 제공하는 자
2. 물품에 성명ㆍ상호 그 밖에 식별 가능한 기호 등을 부착함으로써 자신을 제조자로 표시한 자
3. 「유통산업발전법」 제2조제3호의 규정에 따른 대규모점포 중 대통령령이 정하는 대규모점포를 설치하여 운영하는 자
4. 그 밖에 소비자의 생명ㆍ신체 및 재산에 위해를 끼치거나 끼칠 우려가 있는 물품등을 제조ㆍ수입ㆍ판매 또는 제공하는 자로서 대통령령이 정하는 자
④제1항의 규정에 따라 사업자가 보고하여야 할 중대한 결함의 범위, 보고기한 및 보고절차 등에 관하여 필요한 사항은 대통령령으로 정한다.","법령명: 소비자기본법
조문: 제47조 (결함정보의 보고의무)
내용: 제47조(결함정보의 보고의무)
①사업자는 다음 각 호의 어느 하나에 해당하는 경우에는 제조ㆍ수입ㆍ판매 또는 제공한 물품등의 결함을 소관 중앙행정기관의 장에게 보고(전자적 보고를 포함한다. 이하 같다)하여야 한다. 다만, 제2호에 해당하는 경우로서 사업자가 제48조에 따라 해당 물품등의 수거ㆍ파기ㆍ수리ㆍ교환ㆍ환급 또는 제조ㆍ수입ㆍ판매ㆍ제공의 금지 및 그 밖의 필요한 조치(이하 이 조에서 ""수거ㆍ파기등""이라 한다)를 한 경우에는 그러하지 아니하다. <개정 2017.10.31>
1. 제조ㆍ수입ㆍ판매 또는 제공한 물품등에 소비자의 생명ㆍ신체 또는 재산에 위해를 끼치거나 끼칠 우려가 있는 제조ㆍ설계 또는 표시 등의 중대한 결함이 있다는 사실을 알게 된 경우
2. 제조ㆍ수입ㆍ판매 또는 제공한 물품등과 동일한 물품등에 대하여 외국에서 결함이 발견되어 사업자가 다음 각 목의 어느 하나에 해당하는 조치를 한 경우 또는 외국의 다른 사업자가 해당 조치를 한 사실을 알게 된 경우
가. 외국 정부로부터 수거ㆍ파기등의 권고 또는 명령을 받고 한 수거ㆍ파기등
나. 자발적으로 한 수거ㆍ파기등
②제1항의 규정에 따른 보고를 받은 중앙행정기관의 장은 사업자가 보고한 결함의 내용에 관하여 제17조의 규정에 따른 시험ㆍ검사기관 또는 한국소비자원 등에 시험ㆍ검사를 의뢰하고, 시험ㆍ검사의 결과 그 물품등이 제49조 또는 제50조의 요건에 해당하는 경우에는 사업자에게 각각에 해당하는 규정에 따른 필요한 조치를 취하여야 한다.
③제1항의 규정에 따라 결함의 내용을 보고하여야 할 사업자는 다음 각 호와 같다.
1. 물품등을 제조ㆍ수입 또는 제공하는 자
2. 물품에 성명ㆍ상호 그 밖에 식별 가능한 기호 등을 부착함으로써 자신을 제조자로 표시한 자
3. 「유통산업발전법」 제2조제3호의 규정에 따른 대규모점포 중 대통령령이 정하는 대규모점포를 설치하여 운영하는 자
4. 그 밖에 소비자의 생명ㆍ신체 및 재산에 위해를 끼치거나 끼칠 우려가 있는 물품등을 제조ㆍ수입ㆍ판매 또는 제공하는 자로서 대통령령이 정하는 자
④제1항의 규정에 따라 사업자가 보고하여야 할 중대한 결함의 범위, 보고기한 및 보고절차 등에 관하여 필요한 사항은 대통령령으로 정한다.",https://www.law.go.kr/법령/소비자기본법
001589,소비자기본법,법률,공정거래위원회,20260911,20260310,48,,물품등의 자진수거 등,제48조(물품등의 자진수거 등) 사업자는 소비자에게 제공한 물품등의 결함으로 인하여 소비자의 생명ㆍ신체 또는 재산에 위해를 끼치거나 끼칠 우려가 있는 경우에는 대통령령이 정하는 바에 따라 당해 물품등의 수거ㆍ파기ㆍ수리ㆍ교환ㆍ환급 또는 제조ㆍ수입ㆍ판매ㆍ제공의 금지 그 밖의 필요한 조치를 취하여야 한다.,,제48조(물품등의 자진수거 등) 사업자는 소비자에게 제공한 물품등의 결함으로 인하여 소비자의 생명ㆍ신체 또는 재산에 위해를 끼치거나 끼칠 우려가 있는 경우에는 대통령령이 정하는 바에 따라 당해 물품등의 수거ㆍ파기ㆍ수리ㆍ교환ㆍ환급 또는 제조ㆍ수입ㆍ판매ㆍ제공의 금지 그 밖의 필요한 조치를 취하여야 한다.,"법령명: 소비자기본법
조문: 제48조 (물품등의 자진수거 등)
내용: 제48조(물품등의 자진수거 등) 사업자는 소비자에게 제공한 물품등의 결함으로 인하여 소비자의 생명ㆍ신체 또는 재산에 위해를 끼치거나 끼칠 우려가 있는 경우에는 대통령령이 정하는 바에 따라 당해 물품등의 수거ㆍ파기ㆍ수리ㆍ교환ㆍ환급 또는 제조ㆍ수입ㆍ판매ㆍ제공의 금지 그 밖의 필요한 조치를 취하여야 한다.",https://www.law.go.kr/법령/소비자기본법
001589,소비자기본법,법률,공정거래위원회,20260911,20260310,49,,수거ㆍ파기 등의 권고 등,제49조(수거ㆍ파기 등의 권고 등),"①중앙행정기관의 장은 사업자가 제공한 물품등의 결함으로 인하여 소비자의 생명ㆍ신체 또는 재산에 위해를 끼치거나 끼칠 우려가 있다고 인정되는 경우에는 그 사업자에 대하여 당해 물품등의 수거ㆍ파기ㆍ수리ㆍ교환ㆍ환급 또는 제조ㆍ수입ㆍ판매ㆍ제공의 금지 그 밖의 필요한 조치를 권고할 수 있다.
②제1항의 규정에 따른 권고를 받은 사업자는 그 권고의 수락 여부를 소관 중앙행정기관의 장에게 통지하여야 한다.
③사업자는 제1항의 규정에 따른 권고를 수락한 경우에는 제48조의 규정에 따른 조치를 취하여야 한다.
④중앙행정기관의 장은 제1항의 규정에 따른 권고를 받은 사업자가 정당한 사유 없이 그 권고를 따르지 아니하는 때에는 사업자가 권고를 받은 사실을 공표할 수 있다.
⑤제1항 내지 제4항의 규정에 따른 권고, 권고의 수락 및 공표의 절차에 관하여 필요한 사항은 대통령령으로 정한다.","제49조(수거ㆍ파기 등의 권고 등)
①중앙행정기관의 장은 사업자가 제공한 물품등의 결함으로 인하여 소비자의 생명ㆍ신체 또는 재산에 위해를 끼치거나 끼칠 우려가 있다고 인정되는 경우에는 그 사업자에 대하여 당해 물품등의 수거ㆍ파기ㆍ수리ㆍ교환ㆍ환급 또는 제조ㆍ수입ㆍ판매ㆍ제공의 금지 그 밖의 필요한 조치를 권고할 수 있다.
②제1항의 규정에 따른 권고를 받은 사업자는 그 권고의 수락 여부를 소관 중앙행정기관의 장에게 통지하여야 한다.
③사업자는 제1항의 규정에 따른 권고를 수락한 경우에는 제48조의 규정에 따른 조치를 취하여야 한다.
④중앙행정기관의 장은 제1항의 규정에 따른 권고를 받은 사업자가 정당한 사유 없이 그 권고를 따르지 아니하는 때에는 사업자가 권고를 받은 사실을 공표할 수 있다.
⑤제1항 내지 제4항의 규정에 따른 권고, 권고의 수락 및 공표의 절차에 관하여 필요한 사항은 대통령령으로 정한다.","법령명: 소비자기본법
조문: 제49조 (수거ㆍ파기 등의 권고 등)
내용: 제49조(수거ㆍ파기 등의 권고 등)
①중앙행정기관의 장은 사업자가 제공한 물품등의 결함으로 인하여 소비자의 생명ㆍ신체 또는 재산에 위해를 끼치거나 끼칠 우려가 있다고 인정되는 경우에는 그 사업자에 대하여 당해 물품등의 수거ㆍ파기ㆍ수리ㆍ교환ㆍ환급 또는 제조ㆍ수입ㆍ판매ㆍ제공의 금지 그 밖의 필요한 조치를 권고할 수 있다.
②제1항의 규정에 따른 권고를 받은 사업자는 그 권고의 수락 여부를 소관 중앙행정기관의 장에게 통지하여야 한다.
③사업자는 제1항의 규정에 따른 권고를 수락한 경우에는 제48조의 규정에 따른 조치를 취하여야 한다.
④중앙행정기관의 장은 제1항의 규정에 따른 권고를 받은 사업자가 정당한 사유 없이 그 권고를 따르지 아니하는 때에는 사업자가 권고를 받은 사실을 공표할 수 있다.
⑤제1항 내지 제4항의 규정에 따른 권고, 권고의 수락 및 공표의 절차에 관하여 필요한 사항은 대통령령으로 정한다.",https://www.law.go.kr/법령/소비자기본법
001589,소비자기본법,법률,공정거래위원회,20260911,20260310,50,,수거ㆍ파기 등의 명령 등,제50조(수거ㆍ파기 등의 명령 등),"①중앙행정기관의 장은 사업자가 제공한 물품등의 결함으로 인하여 소비자의 생명ㆍ신체 또는 재산에 위해를 끼치거나 끼칠 우려가 있다고 인정되는 경우에는 대통령령이 정하는 절차에 따라 그 물품등의 수거ㆍ파기ㆍ수리ㆍ교환ㆍ환급을 명하거나 제조ㆍ수입ㆍ판매 또는 제공의 금지를 명할 수 있고, 그 물품등과 관련된 시설의 개수(改修) 그 밖의 필요한 조치를 명할 수 있다. 다만, 소비자의 생명ㆍ신체 또는 재산에 긴급하고 현저한 위해를 끼치거나 끼칠 우려가 있다고 인정되는 경우로서 그 위해의 발생 또는 확산을 방지하기 위하여 불가피하다고 인정되는 경우에는 그 절차를 생략할 수 있다.
②중앙행정기관의 장은 사업자가 제1항의 규정에 따른 명령에 따르지 아니하는 경우에는 대통령령이 정하는 바에 따라 직접 그 물품등의 수거ㆍ파기 또는 제공금지 등 필요한 조치를 취할 수 있다.
③ 중앙행정기관의 장은 사업자에게 제1항에 따른 명령을 하는 경우 그 사실을 공표할 수 있다. <신설 2017.10.31>
④ 제3항에 따른 공표방법 등 공표에 관하여 필요한 사항은 대통령령으로 정한다. <신설 2017.10.31>","제50조(수거ㆍ파기 등의 명령 등)
①중앙행정기관의 장은 사업자가 제공한 물품등의 결함으로 인하여 소비자의 생명ㆍ신체 또는 재산에 위해를 끼치거나 끼칠 우려가 있다고 인정되는 경우에는 대통령령이 정하는 절차에 따라 그 물품등의 수거ㆍ파기ㆍ수리ㆍ교환ㆍ환급을 명하거나 제조ㆍ수입ㆍ판매 또는 제공의 금지를 명할 수 있고, 그 물품등과 관련된 시설의 개수(改修) 그 밖의 필요한 조치를 명할 수 있다. 다만, 소비자의 생명ㆍ신체 또는 재산에 긴급하고 현저한 위해를 끼치거나 끼칠 우려가 있다고 인정되는 경우로서 그 위해의 발생 또는 확산을 방지하기 위하여 불가피하다고 인정되는 경우에는 그 절차를 생략할 수 있다.
②중앙행정기관의 장은 사업자가 제1항의 규정에 따른 명령에 따르지 아니하는 경우에는 대통령령이 정하는 바에 따라 직접 그 물품등의 수거ㆍ파기 또는 제공금지 등 필요한 조치를 취할 수 있다.
③ 중앙행정기관의 장은 사업자에게 제1항에 따른 명령을 하는 경우 그 사실을 공표할 수 있다. <신설 2017.10.31>
④ 제3항에 따른 공표방법 등 공표에 관하여 필요한 사항은 대통령령으로 정한다. <신설 2017.10.31>","법령명: 소비자기본법
조문: 제50조 (수거ㆍ파기 등의 명령 등)
내용: 제50조(수거ㆍ파기 등의 명령 등)
①중앙행정기관의 장은 사업자가 제공한 물품등의 결함으로 인하여 소비자의 생명ㆍ신체 또는 재산에 위해를 끼치거나 끼칠 우려가 있다고 인정되는 경우에는 대통령령이 정하는 절차에 따라 그 물품등의 수거ㆍ파기ㆍ수리ㆍ교환ㆍ환급을 명하거나 제조ㆍ수입ㆍ판매 또는 제공의 금지를 명할 수 있고, 그 물품등과 관련된 시설의 개수(改修) 그 밖의 필요한 조치를 명할 수 있다. 다만, 소비자의 생명ㆍ신체 또는 재산에 긴급하고 현저한 위해를 끼치거나 끼칠 우려가 있다고 인정되는 경우로서 그 위해의 발생 또는 확산을 방지하기 위하여 불가피하다고 인정되는 경우에는 그 절차를 생략할 수 있다.
②중앙행정기관의 장은 사업자가 제1항의 규정에 따른 명령에 따르지 아니하는 경우에는 대통령령이 정하는 바에 따라 직접 그 물품등의 수거ㆍ파기 또는 제공금지 등 필요한 조치를 취할 수 있다.
③ 중앙행정기관의 장은 사업자에게 제1항에 따른 명령을 하는 경우 그 사실을 공표할 수 있다. <신설 2017.10.31>
④ 제3항에 따른 공표방법 등 공표에 관하여 필요한 사항은 대통령령으로 정한다. <신설 2017.10.31>",https://www.law.go.kr/법령/소비자기본법
001589,소비자기본법,법률,공정거래위원회,20260911,20260310,51,,소비자안전센터의 설치,제51조(소비자안전센터의 설치),"①소비자안전시책을 지원하기 위하여 한국소비자원에 소비자안전센터를 둔다.
②소비자안전센터에 소장 1인을 두고, 그 조직에 관한 사항은 정관으로 정한다.
③소비자안전센터의 업무는 다음 각 호와 같다.
1. 제52조의 규정에 따른 위해정보의 수집 및 처리
2. 소비자안전을 확보하기 위한 조사 및 연구
3. 소비자안전과 관련된 교육 및 홍보
4. 위해 물품등에 대한 시정 건의
5. 소비자안전에 관한 국제협력
6. 그 밖에 소비자안전에 관한 업무","제51조(소비자안전센터의 설치)
①소비자안전시책을 지원하기 위하여 한국소비자원에 소비자안전센터를 둔다.
②소비자안전센터에 소장 1인을 두고, 그 조직에 관한 사항은 정관으로 정한다.
③소비자안전센터의 업무는 다음 각 호와 같다.
1. 제52조의 규정에 따른 위해정보의 수집 및 처리
2. 소비자안전을 확보하기 위한 조사 및 연구
3. 소비자안전과 관련된 교육 및 홍보
4. 위해 물품등에 대한 시정 건의
5. 소비자안전에 관한 국제협력
6. 그 밖에 소비자안전에 관한 업무","법령명: 소비자기본법
조문: 제51조 (소비자안전센터의 설치)
내용: 제51조(소비자안전센터의 설치)
①소비자안전시책을 지원하기 위하여 한국소비자원에 소비자안전센터를 둔다.
②소비자안전센터에 소장 1인을 두고, 그 조직에 관한 사항은 정관으로 정한다.
③소비자안전센터의 업무는 다음 각 호와 같다.
1. 제52조의 규정에 따른 위해정보의 수집 및 처리
2. 소비자안전을 확보하기 위한 조사 및 연구
3. 소비자안전과 관련된 교육 및 홍보
4. 위해 물품등에 대한 시정 건의
5. 소비자안전에 관한 국제협력
6. 그 밖에 소비자안전에 관한 업무",https://www.law.go.kr/법령/소비자기본법
001589,소비자기본법,법률,공정거래위원회,20260911,20260310,52,,위해정보의 수집 및 처리,제52조(위해정보의 수집 및 처리),"①소비자안전센터는 물품등으로 인하여 소비자의 생명ㆍ신체 또는 재산에 위해가 발생하였거나 발생할 우려가 있는 사안에 대한 정보(이하 ""위해정보""라 한다)를 수집할 수 있다.
②소장은 제1항의 규정에 따라 수집한 위해정보를 분석하여 그 결과를 원장에게 보고하여야 하고, 원장은 위해정보의 분석결과에 따라 필요한 경우에는 다음 각 호의 조치를 할 수 있다.
1. 위해방지 및 사고예방을 위한 소비자안전경보의 발령
2. 물품등의 안전성에 관한 사실의 공표
3. 위해 물품등을 제공하는 사업자에 대한 시정 권고
4. 국가 또는 지방자치단체에의 시정조치ㆍ제도개선 건의
5. 그 밖에 소비자안전을 확보하기 위하여 필요한 조치로서 대통령령이 정하는 사항
③ 원장은 제2항제3호에 따라 시정 권고를 받은 사업자에게 수락 여부 및 다음 각 호의 사항을 포함한 이행 결과 등의 제출을 요청할 수 있다. 이 경우 사업자는 특별한 사유가 없으면 이에 따라야 한다. <신설 2018.3.13>
1. 시정 권고에 따른 이행 내용과 실적
2. 시정 권고를 이행하지 못한 물품등에 대한 조치계획
3. 위해의 재발방지를 위한 대책
④ 원장은 물품등으로 인하여 소비자의 생명ㆍ신체 또는 재산에 위해가 발생하거나 발생할 우려가 높다고 판단되는 경우로서 사업자가 제2항제3호에 따른 시정 권고를 이행하지 않는 경우에는 공정거래위원회에 제46조제1항에 따른 시정요청을 해 줄 것을 건의할 수 있다. <신설 2018.3.13>
⑤제1항 및 제2항의 규정에 따라 위해정보를 수집ㆍ처리하는 자는 물품등의 위해성이 판명되어 공표되기 전까지 사업자명ㆍ상품명ㆍ피해정도ㆍ사건경위에 관한 사항을 누설하여서는 아니 된다. 다만, 다음 각 호의 어느 하나에 해당하는 경우에는 그러하지 아니하다. <개정 2018.3.13, 2026.3.10>
1. 원장이 소비자의 생명ㆍ신체 또는 재산에 긴급하고 현저한 위해를 끼치거나 끼칠 우려가 있어 긴급한 조치가 필요하다고 인정하여 소관 중앙행정기관의 장에게 위해정보를 제출하는 경우
2. 중앙행정기관의 장이 소관 물품등의 위해로부터 소비자의 생명ㆍ신체 또는 재산상의 안전을 보호하기 위하여 긴급한 조치가 필요하다고 인정하여 원장에게 위해정보의 제출을 요청하는 경우
⑥ 제5항 각 호에 따라 위해정보를 제출받은 중앙행정기관의 장은 해당 위해정보를 활용한 긴급한 조치 결과를 원장에게 통보하여야 한다. <신설 2026.3.10>
⑦공정거래위원회는 소비자안전센터가 위해정보를 효율적으로 수집할 수 있도록 하기 위하여 필요한 경우에는 행정기관ㆍ병원ㆍ학교ㆍ소비자단체 등을 위해정보 제출기관으로 지정ㆍ운영할 수 있다. <개정 2008.2.29, 2018.3.13, 2026.3.10>
⑧제1항 및 제2항의 규정에 따른 위해정보의 수집 및 처리 등에 관하여 필요한 사항은 대통령령으로 정한다. <개정 2018.3.13, 2026.3.10>","제52조(위해정보의 수집 및 처리)
①소비자안전센터는 물품등으로 인하여 소비자의 생명ㆍ신체 또는 재산에 위해가 발생하였거나 발생할 우려가 있는 사안에 대한 정보(이하 ""위해정보""라 한다)를 수집할 수 있다.
②소장은 제1항의 규정에 따라 수집한 위해정보를 분석하여 그 결과를 원장에게 보고하여야 하고, 원장은 위해정보의 분석결과에 따라 필요한 경우에는 다음 각 호의 조치를 할 수 있다.
1. 위해방지 및 사고예방을 위한 소비자안전경보의 발령
2. 물품등의 안전성에 관한 사실의 공표
3. 위해 물품등을 제공하는 사업자에 대한 시정 권고
4. 국가 또는 지방자치단체에의 시정조치ㆍ제도개선 건의
5. 그 밖에 소비자안전을 확보하기 위하여 필요한 조치로서 대통령령이 정하는 사항
③ 원장은 제2항제3호에 따라 시정 권고를 받은 사업자에게 수락 여부 및 다음 각 호의 사항을 포함한 이행 결과 등의 제출을 요청할 수 있다. 이 경우 사업자는 특별한 사유가 없으면 이에 따라야 한다. <신설 2018.3.13>
1. 시정 권고에 따른 이행 내용과 실적
2. 시정 권고를 이행하지 못한 물품등에 대한 조치계획
3. 위해의 재발방지를 위한 대책
④ 원장은 물품등으로 인하여 소비자의 생명ㆍ신체 또는 재산에 위해가 발생하거나 발생할 우려가 높다고 판단되는 경우로서 사업자가 제2항제3호에 따른 시정 권고를 이행하지 않는 경우에는 공정거래위원회에 제46조제1항에 따른 시정요청을 해 줄 것을 건의할 수 있다. <신설 2018.3.13>
⑤제1항 및 제2항의 규정에 따라 위해정보를 수집ㆍ처리하는 자는 물품등의 위해성이 판명되어 공표되기 전까지 사업자명ㆍ상품명ㆍ피해정도ㆍ사건경위에 관한 사항을 누설하여서는 아니 된다. 다만, 다음 각 호의 어느 하나에 해당하는 경우에는 그러하지 아니하다. <개정 2018.3.13, 2026.3.10>
1. 원장이 소비자의 생명ㆍ신체 또는 재산에 긴급하고 현저한 위해를 끼치거나 끼칠 우려가 있어 긴급한 조치가 필요하다고 인정하여 소관 중앙행정기관의 장에게 위해정보를 제출하는 경우
2. 중앙행정기관의 장이 소관 물품등의 위해로부터 소비자의 생명ㆍ신체 또는 재산상의 안전을 보호하기 위하여 긴급한 조치가 필요하다고 인정하여 원장에게 위해정보의 제출을 요청하는 경우
⑥ 제5항 각 호에 따라 위해정보를 제출받은 중앙행정기관의 장은 해당 위해정보를 활용한 긴급한 조치 결과를 원장에게 통보하여야 한다. <신설 2026.3.10>
⑦공정거래위원회는 소비자안전센터가 위해정보를 효율적으로 수집할 수 있도록 하기 위하여 필요한 경우에는 행정기관ㆍ병원ㆍ학교ㆍ소비자단체 등을 위해정보 제출기관으로 지정ㆍ운영할 수 있다. <개정 2008.2.29, 2018.3.13, 2026.3.10>
⑧제1항 및 제2항의 규정에 따른 위해정보의 수집 및 처리 등에 관하여 필요한 사항은 대통령령으로 정한다. <개정 2018.3.13, 2026.3.10>","법령명: 소비자기본법
조문: 제52조 (위해정보의 수집 및 처리)
내용: 제52조(위해정보의 수집 및 처리)
①소비자안전센터는 물품등으로 인하여 소비자의 생명ㆍ신체 또는 재산에 위해가 발생하였거나 발생할 우려가 있는 사안에 대한 정보(이하 ""위해정보""라 한다)를 수집할 수 있다.
②소장은 제1항의 규정에 따라 수집한 위해정보를 분석하여 그 결과를 원장에게 보고하여야 하고, 원장은 위해정보의 분석결과에 따라 필요한 경우에는 다음 각 호의 조치를 할 수 있다.
1. 위해방지 및 사고예방을 위한 소비자안전경보의 발령
2. 물품등의 안전성에 관한 사실의 공표
3. 위해 물품등을 제공하는 사업자에 대한 시정 권고
4. 국가 또는 지방자치단체에의 시정조치ㆍ제도개선 건의
5. 그 밖에 소비자안전을 확보하기 위하여 필요한 조치로서 대통령령이 정하는 사항
③ 원장은 제2항제3호에 따라 시정 권고를 받은 사업자에게 수락 여부 및 다음 각 호의 사항을 포함한 이행 결과 등의 제출을 요청할 수 있다. 이 경우 사업자는 특별한 사유가 없으면 이에 따라야 한다. <신설 2018.3.13>
1. 시정 권고에 따른 이행 내용과 실적
2. 시정 권고를 이행하지 못한 물품등에 대한 조치계획
3. 위해의 재발방지를 위한 대책
④ 원장은 물품등으로 인하여 소비자의 생명ㆍ신체 또는 재산에 위해가 발생하거나 발생할 우려가 높다고 판단되는 경우로서 사업자가 제2항제3호에 따른 시정 권고를 이행하지 않는 경우에는 공정거래위원회에 제46조제1항에 따른 시정요청을 해 줄 것을 건의할 수 있다. <신설 2018.3.13>
⑤제1항 및 제2항의 규정에 따라 위해정보를 수집ㆍ처리하는 자는 물품등의 위해성이 판명되어 공표되기 전까지 사업자명ㆍ상품명ㆍ피해정도ㆍ사건경위에 관한 사항을 누설하여서는 아니 된다. 다만, 다음 각 호의 어느 하나에 해당하는 경우에는 그러하지 아니하다. <개정 2018.3.13, 2026.3.10>
1. 원장이 소비자의 생명ㆍ신체 또는 재산에 긴급하고 현저한 위해를 끼치거나 끼칠 우려가 있어 긴급한 조치가 필요하다고 인정하여 소관 중앙행정기관의 장에게 위해정보를 제출하는 경우
2. 중앙행정기관의 장이 소관 물품등의 위해로부터 소비자의 생명ㆍ신체 또는 재산상의 안전을 보호하기 위하여 긴급한 조치가 필요하다고 인정하여 원장에게 위해정보의 제출을 요청하는 경우
⑥ 제5항 각 호에 따라 위해정보를 제출받은 중앙행정기관의 장은 해당 위해정보를 활용한 긴급한 조치 결과를 원장에게 통보하여야 한다. <신설 2026.3.10>
⑦공정거래위원회는 소비자안전센터가 위해정보를 효율적으로 수집할 수 있도록 하기 위하여 필요한 경우에는 행정기관ㆍ병원ㆍ학교ㆍ소비자단체 등을 위해정보 제출기관으로 지정ㆍ운영할 수 있다. <개정 2008.2.29, 2018.3.13, 2026.3.10>
⑧제1항 및 제2항의 규정에 따른 위해정보의 수집 및 처리 등에 관하여 필요한 사항은 대통령령으로 정한다. <개정 2018.3.13, 2026.3.10>",https://www.law.go.kr/법령/소비자기본법
001589,소비자기본법,법률,공정거래위원회,20260911,20260310,53,,소비자상담기구의 설치ㆍ운영,제53조(소비자상담기구의 설치ㆍ운영),"①사업자 및 사업자단체는 소비자로부터 제기되는 의견이나 불만 등을 기업경영에 반영하고, 소비자의 피해를 신속하게 처리하기 위한 기구(이하 ""소비자상담기구""라 한다)의 설치ㆍ운영에 적극 노력하여야 한다.
②사업자 및 사업자단체는 소비자의 불만 또는 피해의 상담을 위하여 「국가기술자격법」에 따른 관련 자격이 있는 자 등 전담직원을 고용ㆍ배치하도록 적극 노력하여야 한다.","제53조(소비자상담기구의 설치ㆍ운영)
①사업자 및 사업자단체는 소비자로부터 제기되는 의견이나 불만 등을 기업경영에 반영하고, 소비자의 피해를 신속하게 처리하기 위한 기구(이하 ""소비자상담기구""라 한다)의 설치ㆍ운영에 적극 노력하여야 한다.
②사업자 및 사업자단체는 소비자의 불만 또는 피해의 상담을 위하여 「국가기술자격법」에 따른 관련 자격이 있는 자 등 전담직원을 고용ㆍ배치하도록 적극 노력하여야 한다.","법령명: 소비자기본법
조문: 제53조 (소비자상담기구의 설치ㆍ운영)
내용: 제53조(소비자상담기구의 설치ㆍ운영)
①사업자 및 사업자단체는 소비자로부터 제기되는 의견이나 불만 등을 기업경영에 반영하고, 소비자의 피해를 신속하게 처리하기 위한 기구(이하 ""소비자상담기구""라 한다)의 설치ㆍ운영에 적극 노력하여야 한다.
②사업자 및 사업자단체는 소비자의 불만 또는 피해의 상담을 위하여 「국가기술자격법」에 따른 관련 자격이 있는 자 등 전담직원을 고용ㆍ배치하도록 적극 노력하여야 한다.",https://www.law.go.kr/법령/소비자기본법
001589,소비자기본법,법률,공정거래위원회,20260911,20260310,54,,소비자상담기구의 설치 권장,제54조(소비자상담기구의 설치 권장),"①중앙행정기관의 장 또는 시ㆍ도지사는 사업자 또는 사업자단체에 소비자상담기구의 설치ㆍ운영을 권장하거나 그 설치ㆍ운영에 필요한 지원을 할 수 있다. <개정 2016.3.29>
②공정거래위원회는 소비자상담기구의 설치ㆍ운영에 관한 권장기준을 정하여 고시할 수 있다. <개정 2008.2.29>","제54조(소비자상담기구의 설치 권장)
①중앙행정기관의 장 또는 시ㆍ도지사는 사업자 또는 사업자단체에 소비자상담기구의 설치ㆍ운영을 권장하거나 그 설치ㆍ운영에 필요한 지원을 할 수 있다. <개정 2016.3.29>
②공정거래위원회는 소비자상담기구의 설치ㆍ운영에 관한 권장기준을 정하여 고시할 수 있다. <개정 2008.2.29>","법령명: 소비자기본법
조문: 제54조 (소비자상담기구의 설치 권장)
내용: 제54조(소비자상담기구의 설치 권장)
①중앙행정기관의 장 또는 시ㆍ도지사는 사업자 또는 사업자단체에 소비자상담기구의 설치ㆍ운영을 권장하거나 그 설치ㆍ운영에 필요한 지원을 할 수 있다. <개정 2016.3.29>
②공정거래위원회는 소비자상담기구의 설치ㆍ운영에 관한 권장기준을 정하여 고시할 수 있다. <개정 2008.2.29>",https://www.law.go.kr/법령/소비자기본법
001589,소비자기본법,법률,공정거래위원회,20260911,20260310,55,,피해구제의 신청 등,제55조(피해구제의 신청 등),"①소비자는 물품등의 사용으로 인한 피해의 구제를 한국소비자원에 신청할 수 있다.
②국가ㆍ지방자치단체 또는 소비자단체는 소비자로부터 피해구제의 신청을 받은 때에는 한국소비자원에 그 처리를 의뢰할 수 있다.
③사업자는 소비자로부터 피해구제의 신청을 받은 때에는 다음 각 호의 어느 하나에 해당하는 경우에 한하여 한국소비자원에 그 처리를 의뢰할 수 있다.
1. 소비자로부터 피해구제의 신청을 받은 날부터 30일이 경과하여도 합의에 이르지 못하는 경우
2. 한국소비자원에 피해구제의 처리를 의뢰하기로 소비자와 합의한 경우
3. 그 밖에 한국소비자원의 피해구제의 처리가 필요한 경우로서 대통령령이 정하는 사유에 해당하는 경우
④원장은 제1항의 규정에 따른 피해구제의 신청(제2항 및 제3항의 규정에 따른 피해구제의 의뢰를 포함한다. 이하 이 절에서 같다)을 받은 경우 그 내용이 한국소비자원에서 처리하는 것이 부적합하다고 판단되는 때에는 신청인에게 그 사유를 통보하고 그 사건의 처리를 중지할 수 있다.","제55조(피해구제의 신청 등)
①소비자는 물품등의 사용으로 인한 피해의 구제를 한국소비자원에 신청할 수 있다.
②국가ㆍ지방자치단체 또는 소비자단체는 소비자로부터 피해구제의 신청을 받은 때에는 한국소비자원에 그 처리를 의뢰할 수 있다.
③사업자는 소비자로부터 피해구제의 신청을 받은 때에는 다음 각 호의 어느 하나에 해당하는 경우에 한하여 한국소비자원에 그 처리를 의뢰할 수 있다.
1. 소비자로부터 피해구제의 신청을 받은 날부터 30일이 경과하여도 합의에 이르지 못하는 경우
2. 한국소비자원에 피해구제의 처리를 의뢰하기로 소비자와 합의한 경우
3. 그 밖에 한국소비자원의 피해구제의 처리가 필요한 경우로서 대통령령이 정하는 사유에 해당하는 경우
④원장은 제1항의 규정에 따른 피해구제의 신청(제2항 및 제3항의 규정에 따른 피해구제의 의뢰를 포함한다. 이하 이 절에서 같다)을 받은 경우 그 내용이 한국소비자원에서 처리하는 것이 부적합하다고 판단되는 때에는 신청인에게 그 사유를 통보하고 그 사건의 처리를 중지할 수 있다.","법령명: 소비자기본법
조문: 제55조 (피해구제의 신청 등)
내용: 제55조(피해구제의 신청 등)
①소비자는 물품등의 사용으로 인한 피해의 구제를 한국소비자원에 신청할 수 있다.
②국가ㆍ지방자치단체 또는 소비자단체는 소비자로부터 피해구제의 신청을 받은 때에는 한국소비자원에 그 처리를 의뢰할 수 있다.
③사업자는 소비자로부터 피해구제의 신청을 받은 때에는 다음 각 호의 어느 하나에 해당하는 경우에 한하여 한국소비자원에 그 처리를 의뢰할 수 있다.
1. 소비자로부터 피해구제의 신청을 받은 날부터 30일이 경과하여도 합의에 이르지 못하는 경우
2. 한국소비자원에 피해구제의 처리를 의뢰하기로 소비자와 합의한 경우
3. 그 밖에 한국소비자원의 피해구제의 처리가 필요한 경우로서 대통령령이 정하는 사유에 해당하는 경우
④원장은 제1항의 규정에 따른 피해구제의 신청(제2항 및 제3항의 규정에 따른 피해구제의 의뢰를 포함한다. 이하 이 절에서 같다)을 받은 경우 그 내용이 한국소비자원에서 처리하는 것이 부적합하다고 판단되는 때에는 신청인에게 그 사유를 통보하고 그 사건의 처리를 중지할 수 있다.",https://www.law.go.kr/법령/소비자기본법
001589,소비자기본법,법률,공정거래위원회,20260911,20260310,56,,위법사실의 통보 등,"제56조(위법사실의 통보 등) 원장은 피해구제신청사건을 처리함에 있어서 당사자 또는 관계인이 법령을 위반한 것으로 판단되는 때에는 관계기관에 이를 통보하고 적절한 조치를 의뢰하여야 한다. 다만, 다음 각 호의 경우에는 그러하지 아니하다. <개정 2011.5.19>","1. 피해구제신청사건의 당사자가 피해보상에 관한 합의를 하고 법령위반행위를 시정한 경우
2. 관계 기관에서 위법사실을 이미 인지하여 조사하고 있는 경우","제56조(위법사실의 통보 등) 원장은 피해구제신청사건을 처리함에 있어서 당사자 또는 관계인이 법령을 위반한 것으로 판단되는 때에는 관계기관에 이를 통보하고 적절한 조치를 의뢰하여야 한다. 다만, 다음 각 호의 경우에는 그러하지 아니하다. <개정 2011.5.19>
1. 피해구제신청사건의 당사자가 피해보상에 관한 합의를 하고 법령위반행위를 시정한 경우
2. 관계 기관에서 위법사실을 이미 인지하여 조사하고 있는 경우","법령명: 소비자기본법
조문: 제56조 (위법사실의 통보 등)
내용: 제56조(위법사실의 통보 등) 원장은 피해구제신청사건을 처리함에 있어서 당사자 또는 관계인이 법령을 위반한 것으로 판단되는 때에는 관계기관에 이를 통보하고 적절한 조치를 의뢰하여야 한다. 다만, 다음 각 호의 경우에는 그러하지 아니하다. <개정 2011.5.19>
1. 피해구제신청사건의 당사자가 피해보상에 관한 합의를 하고 법령위반행위를 시정한 경우
2. 관계 기관에서 위법사실을 이미 인지하여 조사하고 있는 경우",https://www.law.go.kr/법령/소비자기본법
001589,소비자기본법,법률,공정거래위원회,20260911,20260310,57,,합의권고,제57조(합의권고) 원장은 피해구제신청의 당사자에 대하여 피해보상에 관한 합의를 권고할 수 있다.,,제57조(합의권고) 원장은 피해구제신청의 당사자에 대하여 피해보상에 관한 합의를 권고할 수 있다.,"법령명: 소비자기본법
조문: 제57조 (합의권고)
내용: 제57조(합의권고) 원장은 피해구제신청의 당사자에 대하여 피해보상에 관한 합의를 권고할 수 있다.",https://www.law.go.kr/법령/소비자기본법
001589,소비자기본법,법률,공정거래위원회,20260911,20260310,58,,처리기간,제58조(처리기간),"① 원장은 제55조제1항 내지 제3항의 규정에 따라 피해구제의 신청을 받은 날부터 30일 이내에 제57조의 규정에 따른 합의가 이루어지지 아니하는 때에는 지체 없이 제60조의 규정에 따른 소비자분쟁조정위원회에 분쟁조정을 신청하여야 한다. <개정 2026.3.10>
② 원장은 제1항에도 불구하고 피해의 원인규명 등에 상당한 시일이 요구되는 피해구제신청사건으로서 대통령령으로 정하는 사건에 대하여는 60일 이내의 범위에서 처리기간을 연장할 수 있다. 이 경우 그 사유와 기한을 명시하여 신청인에게 통지하여야 한다. <신설 2026.3.10>","제58조(처리기간)
① 원장은 제55조제1항 내지 제3항의 규정에 따라 피해구제의 신청을 받은 날부터 30일 이내에 제57조의 규정에 따른 합의가 이루어지지 아니하는 때에는 지체 없이 제60조의 규정에 따른 소비자분쟁조정위원회에 분쟁조정을 신청하여야 한다. <개정 2026.3.10>
② 원장은 제1항에도 불구하고 피해의 원인규명 등에 상당한 시일이 요구되는 피해구제신청사건으로서 대통령령으로 정하는 사건에 대하여는 60일 이내의 범위에서 처리기간을 연장할 수 있다. 이 경우 그 사유와 기한을 명시하여 신청인에게 통지하여야 한다. <신설 2026.3.10>","법령명: 소비자기본법
조문: 제58조 (처리기간)
내용: 제58조(처리기간)
① 원장은 제55조제1항 내지 제3항의 규정에 따라 피해구제의 신청을 받은 날부터 30일 이내에 제57조의 규정에 따른 합의가 이루어지지 아니하는 때에는 지체 없이 제60조의 규정에 따른 소비자분쟁조정위원회에 분쟁조정을 신청하여야 한다. <개정 2026.3.10>
② 원장은 제1항에도 불구하고 피해의 원인규명 등에 상당한 시일이 요구되는 피해구제신청사건으로서 대통령령으로 정하는 사건에 대하여는 60일 이내의 범위에서 처리기간을 연장할 수 있다. 이 경우 그 사유와 기한을 명시하여 신청인에게 통지하여야 한다. <신설 2026.3.10>",https://www.law.go.kr/법령/소비자기본법
001589,소비자기본법,법률,공정거래위원회,20260911,20260310,59,,피해구제절차의 중지,제59조(피해구제절차의 중지),"①한국소비자원의 피해구제 처리절차 중에 법원에 소를 제기한 당사자는 그 사실을 한국소비자원에 통보하여야 한다.
②한국소비자원은 당사자의 소제기 사실을 알게 된 때에는 지체 없이 피해구제절차를 중지하고, 당사자에게 이를 통지하여야 한다.","제59조(피해구제절차의 중지)
①한국소비자원의 피해구제 처리절차 중에 법원에 소를 제기한 당사자는 그 사실을 한국소비자원에 통보하여야 한다.
②한국소비자원은 당사자의 소제기 사실을 알게 된 때에는 지체 없이 피해구제절차를 중지하고, 당사자에게 이를 통지하여야 한다.","법령명: 소비자기본법
조문: 제59조 (피해구제절차의 중지)
내용: 제59조(피해구제절차의 중지)
①한국소비자원의 피해구제 처리절차 중에 법원에 소를 제기한 당사자는 그 사실을 한국소비자원에 통보하여야 한다.
②한국소비자원은 당사자의 소제기 사실을 알게 된 때에는 지체 없이 피해구제절차를 중지하고, 당사자에게 이를 통지하여야 한다.",https://www.law.go.kr/법령/소비자기본법
001589,소비자기본법,법률,공정거래위원회,20260911,20260310,60,,소비자분쟁조정위원회의 설치,제60조(소비자분쟁조정위원회의 설치),"①소비자와 사업자 사이에 발생한 분쟁을 조정하기 위하여 한국소비자원에 소비자분쟁조정위원회(이하 ""조정위원회""라 한다)를 둔다.
②조정위원회는 다음 각 호의 사항을 심의ㆍ의결한다.
1. 소비자분쟁에 대한 조정결정
2. 조정위원회의 의사(議事)에 관한 규칙의 제정 및 개정ㆍ폐지
3. 그 밖에 조정위원회의 위원장이 토의에 부치는 사항
③조정위원회의 운영 및 조정절차 등에 관하여 필요한 사항은 대통령령으로 정한다.","제60조(소비자분쟁조정위원회의 설치)
①소비자와 사업자 사이에 발생한 분쟁을 조정하기 위하여 한국소비자원에 소비자분쟁조정위원회(이하 ""조정위원회""라 한다)를 둔다.
②조정위원회는 다음 각 호의 사항을 심의ㆍ의결한다.
1. 소비자분쟁에 대한 조정결정
2. 조정위원회의 의사(議事)에 관한 규칙의 제정 및 개정ㆍ폐지
3. 그 밖에 조정위원회의 위원장이 토의에 부치는 사항
③조정위원회의 운영 및 조정절차 등에 관하여 필요한 사항은 대통령령으로 정한다.","법령명: 소비자기본법
조문: 제60조 (소비자분쟁조정위원회의 설치)
내용: 제60조(소비자분쟁조정위원회의 설치)
①소비자와 사업자 사이에 발생한 분쟁을 조정하기 위하여 한국소비자원에 소비자분쟁조정위원회(이하 ""조정위원회""라 한다)를 둔다.
②조정위원회는 다음 각 호의 사항을 심의ㆍ의결한다.
1. 소비자분쟁에 대한 조정결정
2. 조정위원회의 의사(議事)에 관한 규칙의 제정 및 개정ㆍ폐지
3. 그 밖에 조정위원회의 위원장이 토의에 부치는 사항
③조정위원회의 운영 및 조정절차 등에 관하여 필요한 사항은 대통령령으로 정한다.",https://www.law.go.kr/법령/소비자기본법
001589,소비자기본법,법률,공정거래위원회,20260911,20260310,61,,조정위원회의 구성,제61조(조정위원회의 구성),"①조정위원회는 위원장 1명을 포함한 150명 이내의 위원으로 구성하며, 위원장을 포함한 5명은 상임으로 하고, 나머지는 비상임으로 한다. <개정 2017.10.31>
②위원은 다음 각 호의 어느 하나에 해당하는 자 중에서 대통령령이 정하는 바에 따라 원장의 제청에 의하여 공정거래위원회위원장이 임명 또는 위촉한다.
1. 대학이나 공인된 연구기관에서 부교수 이상 또는 이에 상당하는 직에 있거나 있었던 자로서 소비자권익 관련분야를 전공한 자
2. 4급 이상의 공무원 또는 이에 상당하는 공공기관의 직에 있거나 있었던 자로서 소비자권익과 관련된 업무에 실무경험이 있는 자
3. 판사ㆍ검사 또는 변호사의 자격이 있는 자
4. 소비자단체의 임원의 직에 있거나 있었던 자
5. 사업자 또는 사업자단체의 임원의 직에 있거나 있었던 자
6. 그 밖에 소비자권익과 관련된 업무에 관한 학식과 경험이 풍부한 자
③위원장은 상임위원 중에서 공정거래위원회위원장이 임명한다.
④위원장이 부득이한 사유로 직무를 수행할 수 없는 때에는 위원장이 아닌 상임위원이 위원장의 직무를 대행하고, 위원장이 아닌 상임위원이 부득이한 사유로 위원장의 직무를 대행할 수 없는 때에는 공정거래위원회위원장이 지정하는 위원이 그 직무를 대행한다.
⑤위원의 임기는 3년으로 하며, 연임할 수 있다.
⑥조정위원회의 업무를 효율적으로 수행하기 위하여 조정위원회에 분야별 전문위원회를 둘 수 있다.
⑦제6항의 규정에 따른 전문위원회의 구성 및 운영에 관하여 필요한 사항은 대통령령으로 정한다.","제61조(조정위원회의 구성)
①조정위원회는 위원장 1명을 포함한 150명 이내의 위원으로 구성하며, 위원장을 포함한 5명은 상임으로 하고, 나머지는 비상임으로 한다. <개정 2017.10.31>
②위원은 다음 각 호의 어느 하나에 해당하는 자 중에서 대통령령이 정하는 바에 따라 원장의 제청에 의하여 공정거래위원회위원장이 임명 또는 위촉한다.
1. 대학이나 공인된 연구기관에서 부교수 이상 또는 이에 상당하는 직에 있거나 있었던 자로서 소비자권익 관련분야를 전공한 자
2. 4급 이상의 공무원 또는 이에 상당하는 공공기관의 직에 있거나 있었던 자로서 소비자권익과 관련된 업무에 실무경험이 있는 자
3. 판사ㆍ검사 또는 변호사의 자격이 있는 자
4. 소비자단체의 임원의 직에 있거나 있었던 자
5. 사업자 또는 사업자단체의 임원의 직에 있거나 있었던 자
6. 그 밖에 소비자권익과 관련된 업무에 관한 학식과 경험이 풍부한 자
③위원장은 상임위원 중에서 공정거래위원회위원장이 임명한다.
④위원장이 부득이한 사유로 직무를 수행할 수 없는 때에는 위원장이 아닌 상임위원이 위원장의 직무를 대행하고, 위원장이 아닌 상임위원이 부득이한 사유로 위원장의 직무를 대행할 수 없는 때에는 공정거래위원회위원장이 지정하는 위원이 그 직무를 대행한다.
⑤위원의 임기는 3년으로 하며, 연임할 수 있다.
⑥조정위원회의 업무를 효율적으로 수행하기 위하여 조정위원회에 분야별 전문위원회를 둘 수 있다.
⑦제6항의 규정에 따른 전문위원회의 구성 및 운영에 관하여 필요한 사항은 대통령령으로 정한다.","법령명: 소비자기본법
조문: 제61조 (조정위원회의 구성)
내용: 제61조(조정위원회의 구성)
①조정위원회는 위원장 1명을 포함한 150명 이내의 위원으로 구성하며, 위원장을 포함한 5명은 상임으로 하고, 나머지는 비상임으로 한다. <개정 2017.10.31>
②위원은 다음 각 호의 어느 하나에 해당하는 자 중에서 대통령령이 정하는 바에 따라 원장의 제청에 의하여 공정거래위원회위원장이 임명 또는 위촉한다.
1. 대학이나 공인된 연구기관에서 부교수 이상 또는 이에 상당하는 직에 있거나 있었던 자로서 소비자권익 관련분야를 전공한 자
2. 4급 이상의 공무원 또는 이에 상당하는 공공기관의 직에 있거나 있었던 자로서 소비자권익과 관련된 업무에 실무경험이 있는 자
3. 판사ㆍ검사 또는 변호사의 자격이 있는 자
4. 소비자단체의 임원의 직에 있거나 있었던 자
5. 사업자 또는 사업자단체의 임원의 직에 있거나 있었던 자
6. 그 밖에 소비자권익과 관련된 업무에 관한 학식과 경험이 풍부한 자
③위원장은 상임위원 중에서 공정거래위원회위원장이 임명한다.
④위원장이 부득이한 사유로 직무를 수행할 수 없는 때에는 위원장이 아닌 상임위원이 위원장의 직무를 대행하고, 위원장이 아닌 상임위원이 부득이한 사유로 위원장의 직무를 대행할 수 없는 때에는 공정거래위원회위원장이 지정하는 위원이 그 직무를 대행한다.
⑤위원의 임기는 3년으로 하며, 연임할 수 있다.
⑥조정위원회의 업무를 효율적으로 수행하기 위하여 조정위원회에 분야별 전문위원회를 둘 수 있다.
⑦제6항의 규정에 따른 전문위원회의 구성 및 운영에 관하여 필요한 사항은 대통령령으로 정한다.",https://www.law.go.kr/법령/소비자기본법
001589,소비자기본법,법률,공정거래위원회,20260911,20260310,62,,위원의 신분보장,제62조(위원의 신분보장) 조정위원회의 위원은 다음 각 호의 어느 하나에 해당하는 경우를 제외하고는 그의 의사와 다르게 면직되지 아니한다.,"1. 자격정지 이상의 형을 선고받은 경우
2. 신체상ㆍ정신상 또는 그 밖의 사유로 직무를 수행할 수 없는 경우","제62조(위원의 신분보장) 조정위원회의 위원은 다음 각 호의 어느 하나에 해당하는 경우를 제외하고는 그의 의사와 다르게 면직되지 아니한다.
1. 자격정지 이상의 형을 선고받은 경우
2. 신체상ㆍ정신상 또는 그 밖의 사유로 직무를 수행할 수 없는 경우","법령명: 소비자기본법
조문: 제62조 (위원의 신분보장)
내용: 제62조(위원의 신분보장) 조정위원회의 위원은 다음 각 호의 어느 하나에 해당하는 경우를 제외하고는 그의 의사와 다르게 면직되지 아니한다.
1. 자격정지 이상의 형을 선고받은 경우
2. 신체상ㆍ정신상 또는 그 밖의 사유로 직무를 수행할 수 없는 경우",https://www.law.go.kr/법령/소비자기본법
001589,소비자기본법,법률,공정거래위원회,20260911,20260310,63,,조정위원회의 회의,제63조(조정위원회의 회의),"① 조정위원회의 회의는 다음 각 호에 따라 구분한다.
1. 분쟁조정회의: 위원장, 상임위원과 위원장이 회의마다 지명하는 5명 이상 9명 이하의 위원으로 구성하는 회의
2. 조정부: 위원장 또는 상임위원과 위원장이 회의마다 지명하는 2명 이상 4명 이하의 위원으로 구성하는 회의
② 조정위원회의 회의는 다음 각 호의 구분에 따라 주재한다.
1. 분쟁조정회의: 위원장
2. 조정부: 위원장 또는 상임위원
③ 조정위원회의 회의는 위원 과반수 출석과 출석위원 과반수의 찬성으로 의결한다. 이 경우 조정위원회의 회의에는 소비자 및 사업자를 대표하는 위원이 각 1명 이상 균등하게 포함되어야 한다.","제63조(조정위원회의 회의)
① 조정위원회의 회의는 다음 각 호에 따라 구분한다.
1. 분쟁조정회의: 위원장, 상임위원과 위원장이 회의마다 지명하는 5명 이상 9명 이하의 위원으로 구성하는 회의
2. 조정부: 위원장 또는 상임위원과 위원장이 회의마다 지명하는 2명 이상 4명 이하의 위원으로 구성하는 회의
② 조정위원회의 회의는 다음 각 호의 구분에 따라 주재한다.
1. 분쟁조정회의: 위원장
2. 조정부: 위원장 또는 상임위원
③ 조정위원회의 회의는 위원 과반수 출석과 출석위원 과반수의 찬성으로 의결한다. 이 경우 조정위원회의 회의에는 소비자 및 사업자를 대표하는 위원이 각 1명 이상 균등하게 포함되어야 한다.","법령명: 소비자기본법
조문: 제63조 (조정위원회의 회의)
내용: 제63조(조정위원회의 회의)
① 조정위원회의 회의는 다음 각 호에 따라 구분한다.
1. 분쟁조정회의: 위원장, 상임위원과 위원장이 회의마다 지명하는 5명 이상 9명 이하의 위원으로 구성하는 회의
2. 조정부: 위원장 또는 상임위원과 위원장이 회의마다 지명하는 2명 이상 4명 이하의 위원으로 구성하는 회의
② 조정위원회의 회의는 다음 각 호의 구분에 따라 주재한다.
1. 분쟁조정회의: 위원장
2. 조정부: 위원장 또는 상임위원
③ 조정위원회의 회의는 위원 과반수 출석과 출석위원 과반수의 찬성으로 의결한다. 이 경우 조정위원회의 회의에는 소비자 및 사업자를 대표하는 위원이 각 1명 이상 균등하게 포함되어야 한다.",https://www.law.go.kr/법령/소비자기본법
001589,소비자기본법,법률,공정거래위원회,20260911,20260310,63,2,분쟁조정회의와 조정부의 관장사항,제63조의2(분쟁조정회의와 조정부의 관장사항),"① 분쟁조정회의는 다음 각 호의 사항을 심의ㆍ의결한다.
1. 제60조제2항제1호에 따른 소비자분쟁 중 대통령령으로 정하는 금액 이상의 소비자분쟁에 대한 조정
2. 제60조제2항제2호에 따른 조정위원회의 의사에 관한 규칙의 제정 및 개정ㆍ폐지
3. 제68조제1항에 따라 조정위원회에 의뢰 또는 신청된 분쟁조정
4. 조정부가 분쟁조정회의에서 처리하도록 결정한 사항
② 조정부는 제1항 각 호의 사항 외의 사항을 심의ㆍ의결한다.","제63조의2(분쟁조정회의와 조정부의 관장사항)
① 분쟁조정회의는 다음 각 호의 사항을 심의ㆍ의결한다.
1. 제60조제2항제1호에 따른 소비자분쟁 중 대통령령으로 정하는 금액 이상의 소비자분쟁에 대한 조정
2. 제60조제2항제2호에 따른 조정위원회의 의사에 관한 규칙의 제정 및 개정ㆍ폐지
3. 제68조제1항에 따라 조정위원회에 의뢰 또는 신청된 분쟁조정
4. 조정부가 분쟁조정회의에서 처리하도록 결정한 사항
② 조정부는 제1항 각 호의 사항 외의 사항을 심의ㆍ의결한다.","법령명: 소비자기본법
조문: 제63조의2 (분쟁조정회의와 조정부의 관장사항)
내용: 제63조의2(분쟁조정회의와 조정부의 관장사항)
① 분쟁조정회의는 다음 각 호의 사항을 심의ㆍ의결한다.
1. 제60조제2항제1호에 따른 소비자분쟁 중 대통령령으로 정하는 금액 이상의 소비자분쟁에 대한 조정
2. 제60조제2항제2호에 따른 조정위원회의 의사에 관한 규칙의 제정 및 개정ㆍ폐지
3. 제68조제1항에 따라 조정위원회에 의뢰 또는 신청된 분쟁조정
4. 조정부가 분쟁조정회의에서 처리하도록 결정한 사항
② 조정부는 제1항 각 호의 사항 외의 사항을 심의ㆍ의결한다.",https://www.law.go.kr/법령/소비자기본법
001589,소비자기본법,법률,공정거래위원회,20260911,20260310,63,3,단독조정,제63조의3(단독조정),"① 제63조 및 제63조의2에도 불구하고 제63조의2제2항의 사건이 다음 각 호의 어느 하나에 해당하는 경우에는 조정위원회 위원장이 지명하는 조정위원회 위원(이하 ""단독조정인""이라 한다)에게 분쟁조정을 하게 할 수 있다.
1. 소비자분쟁의 사실관계 및 법률관계 등에 대하여 당사자 간에 큰 이견이 없는 경우
2. 소비자분쟁의 사실관계 및 쟁점이 간단한 경우
3. 당사자 모두가 합의의사를 명백히 밝힌 경우
4. 그 밖에 제1호부터 제3호까지에 준하는 경우로서 대통령령으로 정하는 경우
② 제1항에 따른 단독조정인의 소비자분쟁 조정결정은 제63조제3항에 따른 조정위원회의 심의ㆍ의결로 본다.","제63조의3(단독조정)
① 제63조 및 제63조의2에도 불구하고 제63조의2제2항의 사건이 다음 각 호의 어느 하나에 해당하는 경우에는 조정위원회 위원장이 지명하는 조정위원회 위원(이하 ""단독조정인""이라 한다)에게 분쟁조정을 하게 할 수 있다.
1. 소비자분쟁의 사실관계 및 법률관계 등에 대하여 당사자 간에 큰 이견이 없는 경우
2. 소비자분쟁의 사실관계 및 쟁점이 간단한 경우
3. 당사자 모두가 합의의사를 명백히 밝힌 경우
4. 그 밖에 제1호부터 제3호까지에 준하는 경우로서 대통령령으로 정하는 경우
② 제1항에 따른 단독조정인의 소비자분쟁 조정결정은 제63조제3항에 따른 조정위원회의 심의ㆍ의결로 본다.","법령명: 소비자기본법
조문: 제63조의3 (단독조정)
내용: 제63조의3(단독조정)
① 제63조 및 제63조의2에도 불구하고 제63조의2제2항의 사건이 다음 각 호의 어느 하나에 해당하는 경우에는 조정위원회 위원장이 지명하는 조정위원회 위원(이하 ""단독조정인""이라 한다)에게 분쟁조정을 하게 할 수 있다.
1. 소비자분쟁의 사실관계 및 법률관계 등에 대하여 당사자 간에 큰 이견이 없는 경우
2. 소비자분쟁의 사실관계 및 쟁점이 간단한 경우
3. 당사자 모두가 합의의사를 명백히 밝힌 경우
4. 그 밖에 제1호부터 제3호까지에 준하는 경우로서 대통령령으로 정하는 경우
② 제1항에 따른 단독조정인의 소비자분쟁 조정결정은 제63조제3항에 따른 조정위원회의 심의ㆍ의결로 본다.",https://www.law.go.kr/법령/소비자기본법
001589,소비자기본법,법률,공정거래위원회,20260911,20260310,64,,위원의 제척ㆍ기피ㆍ회피,제64조(위원의 제척ㆍ기피ㆍ회피),"①조정위원회의 위원은 다음 각 호의 어느 하나에 해당하는 경우에는 제58조제1항 또는 제65조제1항의 규정에 따라 조정위원회에 신청된 그 분쟁조정사건(이하 이 조에서 ""사건""이라 한다)의 심의ㆍ의결에서 제척된다. <개정 2026.3.10>
1. 위원 또는 그 배우자나 배우자이었던 자가 그 사건의 당사자가 되거나 그 사건에 관하여 공동의 권리자 또는 의무자의 관계에 있는 경우
2. 위원이 그 사건의 당사자와 친족관계에 있거나 있었던 경우
3. 위원이 그 사건에 관하여 증언이나 감정을 한 경우
4. 위원이 그 사건에 관하여 당사자의 대리인으로서 관여하거나 관여하였던 경우
②당사자는 위원에게 심의ㆍ의결의 공정을 기대하기 어려운 사정이 있는 경우에는 원장에게 기피신청을 할 수 있다. 이 경우 원장은 기피신청에 대하여 조정위원회의 의결을 거치지 아니하고 결정한다.
③위원이 제1항 또는 제2항의 사유에 해당하는 경우에는 스스로 그 사건의 심의ㆍ의결에서 회피할 수 있다.","제64조(위원의 제척ㆍ기피ㆍ회피)
①조정위원회의 위원은 다음 각 호의 어느 하나에 해당하는 경우에는 제58조제1항 또는 제65조제1항의 규정에 따라 조정위원회에 신청된 그 분쟁조정사건(이하 이 조에서 ""사건""이라 한다)의 심의ㆍ의결에서 제척된다. <개정 2026.3.10>
1. 위원 또는 그 배우자나 배우자이었던 자가 그 사건의 당사자가 되거나 그 사건에 관하여 공동의 권리자 또는 의무자의 관계에 있는 경우
2. 위원이 그 사건의 당사자와 친족관계에 있거나 있었던 경우
3. 위원이 그 사건에 관하여 증언이나 감정을 한 경우
4. 위원이 그 사건에 관하여 당사자의 대리인으로서 관여하거나 관여하였던 경우
②당사자는 위원에게 심의ㆍ의결의 공정을 기대하기 어려운 사정이 있는 경우에는 원장에게 기피신청을 할 수 있다. 이 경우 원장은 기피신청에 대하여 조정위원회의 의결을 거치지 아니하고 결정한다.
③위원이 제1항 또는 제2항의 사유에 해당하는 경우에는 스스로 그 사건의 심의ㆍ의결에서 회피할 수 있다.","법령명: 소비자기본법
조문: 제64조 (위원의 제척ㆍ기피ㆍ회피)
내용: 제64조(위원의 제척ㆍ기피ㆍ회피)
①조정위원회의 위원은 다음 각 호의 어느 하나에 해당하는 경우에는 제58조제1항 또는 제65조제1항의 규정에 따라 조정위원회에 신청된 그 분쟁조정사건(이하 이 조에서 ""사건""이라 한다)의 심의ㆍ의결에서 제척된다. <개정 2026.3.10>
1. 위원 또는 그 배우자나 배우자이었던 자가 그 사건의 당사자가 되거나 그 사건에 관하여 공동의 권리자 또는 의무자의 관계에 있는 경우
2. 위원이 그 사건의 당사자와 친족관계에 있거나 있었던 경우
3. 위원이 그 사건에 관하여 증언이나 감정을 한 경우
4. 위원이 그 사건에 관하여 당사자의 대리인으로서 관여하거나 관여하였던 경우
②당사자는 위원에게 심의ㆍ의결의 공정을 기대하기 어려운 사정이 있는 경우에는 원장에게 기피신청을 할 수 있다. 이 경우 원장은 기피신청에 대하여 조정위원회의 의결을 거치지 아니하고 결정한다.
③위원이 제1항 또는 제2항의 사유에 해당하는 경우에는 스스로 그 사건의 심의ㆍ의결에서 회피할 수 있다.",https://www.law.go.kr/법령/소비자기본법
001589,소비자기본법,법률,공정거래위원회,20260911,20260310,65,,분쟁조정,제65조(분쟁조정),"①소비자와 사업자 사이에 발생한 분쟁에 관하여 제16조제1항의 규정에 따라 설치된 기구에서 소비자분쟁이 해결되지 아니하거나 제28조제1항제5호의 규정에 따른 합의권고에 따른 합의가 이루어지지 아니한 경우 당사자나 그 기구 또는 단체의 장은 조정위원회에 분쟁조정을 신청할 수 있다.
②조정위원회는 제58조제1항 또는 제1항의 규정에 따라 분쟁조정을 신청받은 경우에는 대통령령이 정하는 바에 따라 지체 없이 분쟁조정절차를 개시하여야 한다. <개정 2026.3.10>
③조정위원회는 제2항의 규정에 따른 분쟁조정을 위하여 필요한 경우에는 제61조제6항의 규정에 따른 전문위원회에 자문할 수 있다.
④조정위원회는 제2항의 규정에 따른 분쟁조정절차에 앞서 이해관계인ㆍ소비자단체 또는 관계기관의 의견을 들을 수 있다.
⑤제59조의 규정은 분쟁조정절차의 중지에 관하여 이를 준용한다.","제65조(분쟁조정)
①소비자와 사업자 사이에 발생한 분쟁에 관하여 제16조제1항의 규정에 따라 설치된 기구에서 소비자분쟁이 해결되지 아니하거나 제28조제1항제5호의 규정에 따른 합의권고에 따른 합의가 이루어지지 아니한 경우 당사자나 그 기구 또는 단체의 장은 조정위원회에 분쟁조정을 신청할 수 있다.
②조정위원회는 제58조제1항 또는 제1항의 규정에 따라 분쟁조정을 신청받은 경우에는 대통령령이 정하는 바에 따라 지체 없이 분쟁조정절차를 개시하여야 한다. <개정 2026.3.10>
③조정위원회는 제2항의 규정에 따른 분쟁조정을 위하여 필요한 경우에는 제61조제6항의 규정에 따른 전문위원회에 자문할 수 있다.
④조정위원회는 제2항의 규정에 따른 분쟁조정절차에 앞서 이해관계인ㆍ소비자단체 또는 관계기관의 의견을 들을 수 있다.
⑤제59조의 규정은 분쟁조정절차의 중지에 관하여 이를 준용한다.","법령명: 소비자기본법
조문: 제65조 (분쟁조정)
내용: 제65조(분쟁조정)
①소비자와 사업자 사이에 발생한 분쟁에 관하여 제16조제1항의 규정에 따라 설치된 기구에서 소비자분쟁이 해결되지 아니하거나 제28조제1항제5호의 규정에 따른 합의권고에 따른 합의가 이루어지지 아니한 경우 당사자나 그 기구 또는 단체의 장은 조정위원회에 분쟁조정을 신청할 수 있다.
②조정위원회는 제58조제1항 또는 제1항의 규정에 따라 분쟁조정을 신청받은 경우에는 대통령령이 정하는 바에 따라 지체 없이 분쟁조정절차를 개시하여야 한다. <개정 2026.3.10>
③조정위원회는 제2항의 규정에 따른 분쟁조정을 위하여 필요한 경우에는 제61조제6항의 규정에 따른 전문위원회에 자문할 수 있다.
④조정위원회는 제2항의 규정에 따른 분쟁조정절차에 앞서 이해관계인ㆍ소비자단체 또는 관계기관의 의견을 들을 수 있다.
⑤제59조의 규정은 분쟁조정절차의 중지에 관하여 이를 준용한다.",https://www.law.go.kr/법령/소비자기본법
001589,소비자기본법,법률,공정거래위원회,20260911,20260310,66,,분쟁조정의 기간,제66조(분쟁조정의 기간),"①조정위원회는 제58조제1항 또는 제65조제1항의 규정에 따라 분쟁조정을 신청받은 때에는 그 신청을 받은 날부터 30일 이내에 그 분쟁조정을 마쳐야 한다. <개정 2026.3.10>
②조정위원회는 제1항의 규정에 불구하고 정당한 사유가 있는 경우로서 30일 이내에 그 분쟁조정을 마칠 수 없는 때에는 그 기간을 연장할 수 있다. 이 경우 그 사유와 기한을 명시하여 당사자 및 그 대리인에게 통지하여야 한다. <개정 2017.10.31>","제66조(분쟁조정의 기간)
①조정위원회는 제58조제1항 또는 제65조제1항의 규정에 따라 분쟁조정을 신청받은 때에는 그 신청을 받은 날부터 30일 이내에 그 분쟁조정을 마쳐야 한다. <개정 2026.3.10>
②조정위원회는 제1항의 규정에 불구하고 정당한 사유가 있는 경우로서 30일 이내에 그 분쟁조정을 마칠 수 없는 때에는 그 기간을 연장할 수 있다. 이 경우 그 사유와 기한을 명시하여 당사자 및 그 대리인에게 통지하여야 한다. <개정 2017.10.31>","법령명: 소비자기본법
조문: 제66조 (분쟁조정의 기간)
내용: 제66조(분쟁조정의 기간)
①조정위원회는 제58조제1항 또는 제65조제1항의 규정에 따라 분쟁조정을 신청받은 때에는 그 신청을 받은 날부터 30일 이내에 그 분쟁조정을 마쳐야 한다. <개정 2026.3.10>
②조정위원회는 제1항의 규정에 불구하고 정당한 사유가 있는 경우로서 30일 이내에 그 분쟁조정을 마칠 수 없는 때에는 그 기간을 연장할 수 있다. 이 경우 그 사유와 기한을 명시하여 당사자 및 그 대리인에게 통지하여야 한다. <개정 2017.10.31>",https://www.law.go.kr/법령/소비자기본법
001589,소비자기본법,법률,공정거래위원회,20260911,20260310,67,,분쟁조정의 효력 등,제67조(분쟁조정의 효력 등),"①조정위원회의 위원장은 제66조의 규정에 따라 분쟁조정을 마친 때에는 지체 없이 당사자에게 그 분쟁조정의 내용을 통지하여야 한다.
②제1항의 규정에 따른 통지를 받은 당사자는 그 통지를 받은 날부터 15일 이내에 분쟁조정의 내용에 대한 수락 여부를 조정위원회에 통보하여야 한다. 이 경우 15일 이내에 의사표시가 없는 때에는 수락한 것으로 본다.
③제2항의 규정에 따라 당사자가 분쟁조정의 내용을 수락하거나 수락한 것으로 보는 경우 조정위원회는 조정조서를 작성하고, 조정위원회의 위원장 및 각 당사자가 기명날인하거나 서명하여야 한다. 다만, 수락한 것으로 보는 경우에는 각 당사자의 기명날인 또는 서명을 생략할 수 있다. <개정 2018.6.12>
④제2항의 규정에 따라 당사자가 분쟁조정의 내용을 수락하거나 수락한 것으로 보는 때에는 그 분쟁조정의 내용은 재판상 화해와 동일한 효력을 갖는다.","제67조(분쟁조정의 효력 등)
①조정위원회의 위원장은 제66조의 규정에 따라 분쟁조정을 마친 때에는 지체 없이 당사자에게 그 분쟁조정의 내용을 통지하여야 한다.
②제1항의 규정에 따른 통지를 받은 당사자는 그 통지를 받은 날부터 15일 이내에 분쟁조정의 내용에 대한 수락 여부를 조정위원회에 통보하여야 한다. 이 경우 15일 이내에 의사표시가 없는 때에는 수락한 것으로 본다.
③제2항의 규정에 따라 당사자가 분쟁조정의 내용을 수락하거나 수락한 것으로 보는 경우 조정위원회는 조정조서를 작성하고, 조정위원회의 위원장 및 각 당사자가 기명날인하거나 서명하여야 한다. 다만, 수락한 것으로 보는 경우에는 각 당사자의 기명날인 또는 서명을 생략할 수 있다. <개정 2018.6.12>
④제2항의 규정에 따라 당사자가 분쟁조정의 내용을 수락하거나 수락한 것으로 보는 때에는 그 분쟁조정의 내용은 재판상 화해와 동일한 효력을 갖는다.","법령명: 소비자기본법
조문: 제67조 (분쟁조정의 효력 등)
내용: 제67조(분쟁조정의 효력 등)
①조정위원회의 위원장은 제66조의 규정에 따라 분쟁조정을 마친 때에는 지체 없이 당사자에게 그 분쟁조정의 내용을 통지하여야 한다.
②제1항의 규정에 따른 통지를 받은 당사자는 그 통지를 받은 날부터 15일 이내에 분쟁조정의 내용에 대한 수락 여부를 조정위원회에 통보하여야 한다. 이 경우 15일 이내에 의사표시가 없는 때에는 수락한 것으로 본다.
③제2항의 규정에 따라 당사자가 분쟁조정의 내용을 수락하거나 수락한 것으로 보는 경우 조정위원회는 조정조서를 작성하고, 조정위원회의 위원장 및 각 당사자가 기명날인하거나 서명하여야 한다. 다만, 수락한 것으로 보는 경우에는 각 당사자의 기명날인 또는 서명을 생략할 수 있다. <개정 2018.6.12>
④제2항의 규정에 따라 당사자가 분쟁조정의 내용을 수락하거나 수락한 것으로 보는 때에는 그 분쟁조정의 내용은 재판상 화해와 동일한 효력을 갖는다.",https://www.law.go.kr/법령/소비자기본법
001589,소비자기본법,법률,공정거래위원회,20260911,20260310,68,,분쟁조정의 특례,제68조(분쟁조정의 특례),"①제65조제1항의 규정에 불구하고, 국가ㆍ지방자치단체ㆍ한국소비자원ㆍ소비자단체ㆍ소비자 또는 사업자는 소비자의 피해가 다수의 소비자에게 같거나 비슷한 유형으로 발생하는 경우로서 대통령령이 정하는 사건에 대하여는 조정위원회에 일괄적인 분쟁조정(이하 ""집단분쟁조정""이라 한다)을 의뢰 또는 신청할 수 있다. <개정 2016.3.29>
②제1항의 규정에 따라 집단분쟁조정을 의뢰받거나 신청받은 조정위원회는 다음 각 호의 어느 하나에 해당하는 사건을 제외하고는 조정위원회의 의결로써 의뢰받거나 신청받은 날부터 60일 이내에 제4항부터 제7항까지의 규정에 따른 집단분쟁조정의 절차를 개시하여야 한다. 이 경우 조정위원회는 대통령령이 정하는 기간동안 그 절차의 개시를 공고하여야 한다. <개정 2011.5.19, 2018.6.12>
1. 제1항의 요건을 갖추지 못한 사건
2. 기존의 집단분쟁조정결정이 있는 사건으로서 개시의결을 반복할 필요가 없다고 인정되는 사건
3. 신청인의 신청내용이 이유가 없다고 명백하게 인정되는 사건
③ 제2항에도 불구하고 조정위원회는 다음 각 호의 어느 하나에 해당하는 사건에 대하여는 제2항에 따른 개시결정기간 내에 조정위원회의 의결로써 집단분쟁조정 절차개시의 결정을 보류할 수 있다. 이 경우 그 사유와 기한을 명시하여 의뢰 또는 신청한 자에게 통지하여야 하고, 그 보류기간은 제2항에 따른 개시결정기간이 경과한 날부터 60일을 넘을 수 없다. <신설 2018.6.12>
1. 피해의 원인규명에 시험, 검사 또는 조사가 필요한 사건
2. 피해의 원인규명을 위하여 제68조의2에 따른 대표당사자가 집단분쟁조정 절차개시 결정의 보류를 신청하는 사건
④조정위원회는 집단분쟁조정의 당사자가 아닌 소비자 또는 사업자로부터 그 분쟁조정의 당사자에 추가로 포함될 수 있도록 하는 신청을 받을 수 있다. <개정 2018.6.12>
⑤조정위원회는 사업자가 조정위원회의 집단분쟁조정의 내용을 수락한 경우에는 집단분쟁조정의 당사자가 아닌 자로서 피해를 입은 소비자에 대한 보상계획서를 작성하여 조정위원회에 제출하도록 권고할 수 있다.
⑥제65조제5항의 규정에 불구하고 조정위원회는 집단분쟁조정의 당사자인 다수의 소비자 중 일부의 소비자가 법원에 소를 제기한 경우에는 그 절차를 중지하지 아니하고, 소를 제기한 일부의 소비자를 그 절차에서 제외한다.
⑦ 제66조제1항에도 불구하고 집단분쟁조정은 제2항에 따른 공고가 종료된 날의 다음 날부터 30일 이내에 마쳐야 한다. 다만, 정당한 사유가 있는 경우로서 해당 기간 내에 분쟁조정을 마칠 수 없는 때에는 2회에 한하여 각각 30일의 범위에서 그 기간을 연장할 수 있으며, 이 경우 그 사유와 기한을 구체적으로 밝혀 당사자 및 그 대리인에게 통지하여야 한다. <개정 2011.5.19, 2017.10.31>
⑧집단분쟁조정의 절차 등에 관하여 필요한 사항은 대통령령으로 정한다.","제68조(분쟁조정의 특례)
①제65조제1항의 규정에 불구하고, 국가ㆍ지방자치단체ㆍ한국소비자원ㆍ소비자단체ㆍ소비자 또는 사업자는 소비자의 피해가 다수의 소비자에게 같거나 비슷한 유형으로 발생하는 경우로서 대통령령이 정하는 사건에 대하여는 조정위원회에 일괄적인 분쟁조정(이하 ""집단분쟁조정""이라 한다)을 의뢰 또는 신청할 수 있다. <개정 2016.3.29>
②제1항의 규정에 따라 집단분쟁조정을 의뢰받거나 신청받은 조정위원회는 다음 각 호의 어느 하나에 해당하는 사건을 제외하고는 조정위원회의 의결로써 의뢰받거나 신청받은 날부터 60일 이내에 제4항부터 제7항까지의 규정에 따른 집단분쟁조정의 절차를 개시하여야 한다. 이 경우 조정위원회는 대통령령이 정하는 기간동안 그 절차의 개시를 공고하여야 한다. <개정 2011.5.19, 2018.6.12>
1. 제1항의 요건을 갖추지 못한 사건
2. 기존의 집단분쟁조정결정이 있는 사건으로서 개시의결을 반복할 필요가 없다고 인정되는 사건
3. 신청인의 신청내용이 이유가 없다고 명백하게 인정되는 사건
③ 제2항에도 불구하고 조정위원회는 다음 각 호의 어느 하나에 해당하는 사건에 대하여는 제2항에 따른 개시결정기간 내에 조정위원회의 의결로써 집단분쟁조정 절차개시의 결정을 보류할 수 있다. 이 경우 그 사유와 기한을 명시하여 의뢰 또는 신청한 자에게 통지하여야 하고, 그 보류기간은 제2항에 따른 개시결정기간이 경과한 날부터 60일을 넘을 수 없다. <신설 2018.6.12>
1. 피해의 원인규명에 시험, 검사 또는 조사가 필요한 사건
2. 피해의 원인규명을 위하여 제68조의2에 따른 대표당사자가 집단분쟁조정 절차개시 결정의 보류를 신청하는 사건
④조정위원회는 집단분쟁조정의 당사자가 아닌 소비자 또는 사업자로부터 그 분쟁조정의 당사자에 추가로 포함될 수 있도록 하는 신청을 받을 수 있다. <개정 2018.6.12>
⑤조정위원회는 사업자가 조정위원회의 집단분쟁조정의 내용을 수락한 경우에는 집단분쟁조정의 당사자가 아닌 자로서 피해를 입은 소비자에 대한 보상계획서를 작성하여 조정위원회에 제출하도록 권고할 수 있다.
⑥제65조제5항의 규정에 불구하고 조정위원회는 집단분쟁조정의 당사자인 다수의 소비자 중 일부의 소비자가 법원에 소를 제기한 경우에는 그 절차를 중지하지 아니하고, 소를 제기한 일부의 소비자를 그 절차에서 제외한다.
⑦ 제66조제1항에도 불구하고 집단분쟁조정은 제2항에 따른 공고가 종료된 날의 다음 날부터 30일 이내에 마쳐야 한다. 다만, 정당한 사유가 있는 경우로서 해당 기간 내에 분쟁조정을 마칠 수 없는 때에는 2회에 한하여 각각 30일의 범위에서 그 기간을 연장할 수 있으며, 이 경우 그 사유와 기한을 구체적으로 밝혀 당사자 및 그 대리인에게 통지하여야 한다. <개정 2011.5.19, 2017.10.31>
⑧집단분쟁조정의 절차 등에 관하여 필요한 사항은 대통령령으로 정한다.","법령명: 소비자기본법
조문: 제68조 (분쟁조정의 특례)
내용: 제68조(분쟁조정의 특례)
①제65조제1항의 규정에 불구하고, 국가ㆍ지방자치단체ㆍ한국소비자원ㆍ소비자단체ㆍ소비자 또는 사업자는 소비자의 피해가 다수의 소비자에게 같거나 비슷한 유형으로 발생하는 경우로서 대통령령이 정하는 사건에 대하여는 조정위원회에 일괄적인 분쟁조정(이하 ""집단분쟁조정""이라 한다)을 의뢰 또는 신청할 수 있다. <개정 2016.3.29>
②제1항의 규정에 따라 집단분쟁조정을 의뢰받거나 신청받은 조정위원회는 다음 각 호의 어느 하나에 해당하는 사건을 제외하고는 조정위원회의 의결로써 의뢰받거나 신청받은 날부터 60일 이내에 제4항부터 제7항까지의 규정에 따른 집단분쟁조정의 절차를 개시하여야 한다. 이 경우 조정위원회는 대통령령이 정하는 기간동안 그 절차의 개시를 공고하여야 한다. <개정 2011.5.19, 2018.6.12>
1. 제1항의 요건을 갖추지 못한 사건
2. 기존의 집단분쟁조정결정이 있는 사건으로서 개시의결을 반복할 필요가 없다고 인정되는 사건
3. 신청인의 신청내용이 이유가 없다고 명백하게 인정되는 사건
③ 제2항에도 불구하고 조정위원회는 다음 각 호의 어느 하나에 해당하는 사건에 대하여는 제2항에 따른 개시결정기간 내에 조정위원회의 의결로써 집단분쟁조정 절차개시의 결정을 보류할 수 있다. 이 경우 그 사유와 기한을 명시하여 의뢰 또는 신청한 자에게 통지하여야 하고, 그 보류기간은 제2항에 따른 개시결정기간이 경과한 날부터 60일을 넘을 수 없다. <신설 2018.6.12>
1. 피해의 원인규명에 시험, 검사 또는 조사가 필요한 사건
2. 피해의 원인규명을 위하여 제68조의2에 따른 대표당사자가 집단분쟁조정 절차개시 결정의 보류를 신청하는 사건
④조정위원회는 집단분쟁조정의 당사자가 아닌 소비자 또는 사업자로부터 그 분쟁조정의 당사자에 추가로 포함될 수 있도록 하는 신청을 받을 수 있다. <개정 2018.6.12>
⑤조정위원회는 사업자가 조정위원회의 집단분쟁조정의 내용을 수락한 경우에는 집단분쟁조정의 당사자가 아닌 자로서 피해를 입은 소비자에 대한 보상계획서를 작성하여 조정위원회에 제출하도록 권고할 수 있다.
⑥제65조제5항의 규정에 불구하고 조정위원회는 집단분쟁조정의 당사자인 다수의 소비자 중 일부의 소비자가 법원에 소를 제기한 경우에는 그 절차를 중지하지 아니하고, 소를 제기한 일부의 소비자를 그 절차에서 제외한다.
⑦ 제66조제1항에도 불구하고 집단분쟁조정은 제2항에 따른 공고가 종료된 날의 다음 날부터 30일 이내에 마쳐야 한다. 다만, 정당한 사유가 있는 경우로서 해당 기간 내에 분쟁조정을 마칠 수 없는 때에는 2회에 한하여 각각 30일의 범위에서 그 기간을 연장할 수 있으며, 이 경우 그 사유와 기한을 구체적으로 밝혀 당사자 및 그 대리인에게 통지하여야 한다. <개정 2011.5.19, 2017.10.31>
⑧집단분쟁조정의 절차 등에 관하여 필요한 사항은 대통령령으로 정한다.",https://www.law.go.kr/법령/소비자기본법
001589,소비자기본법,법률,공정거래위원회,20260911,20260310,68,2,대표당사자의 선임 등,제68조의2(대표당사자의 선임 등),"① 집단분쟁조정에 이해관계가 있는 당사자들은 그 중 3명 이하를 대표당사자로 선임할 수 있다.
② 조정위원회는 당사자들이 제1항에 따라 대표당사자를 선임하지 아니한 경우에 필요하다고 인정하는 때에는 당사자들에게 대표당사자를 선임할 것을 권고할 수 있다.
③ 대표당사자는 자기를 선임한 당사자들을 위하여 그 사건의 조정에 관한 모든 행위를 할 수 있다. 다만, 조정신청의 철회 및 조정안의 수락ㆍ거부는 자기를 선임한 당사자들의 서면에 의한 동의를 받아야 한다.
④ 대표당사자를 선임한 당사자들은 대표당사자를 통하여서만 그 사건의 조정에 관한 행위를 할 수 있다.
⑤ 대표당사자를 선임한 당사자들은 필요하다고 인정하는 경우에는 대표당사자를 해임하거나 변경할 수 있다. 이 경우 당사자들은 그 사실을 지체 없이 조정위원회에 통지하여야 한다.","제68조의2(대표당사자의 선임 등)
① 집단분쟁조정에 이해관계가 있는 당사자들은 그 중 3명 이하를 대표당사자로 선임할 수 있다.
② 조정위원회는 당사자들이 제1항에 따라 대표당사자를 선임하지 아니한 경우에 필요하다고 인정하는 때에는 당사자들에게 대표당사자를 선임할 것을 권고할 수 있다.
③ 대표당사자는 자기를 선임한 당사자들을 위하여 그 사건의 조정에 관한 모든 행위를 할 수 있다. 다만, 조정신청의 철회 및 조정안의 수락ㆍ거부는 자기를 선임한 당사자들의 서면에 의한 동의를 받아야 한다.
④ 대표당사자를 선임한 당사자들은 대표당사자를 통하여서만 그 사건의 조정에 관한 행위를 할 수 있다.
⑤ 대표당사자를 선임한 당사자들은 필요하다고 인정하는 경우에는 대표당사자를 해임하거나 변경할 수 있다. 이 경우 당사자들은 그 사실을 지체 없이 조정위원회에 통지하여야 한다.","법령명: 소비자기본법
조문: 제68조의2 (대표당사자의 선임 등)
내용: 제68조의2(대표당사자의 선임 등)
① 집단분쟁조정에 이해관계가 있는 당사자들은 그 중 3명 이하를 대표당사자로 선임할 수 있다.
② 조정위원회는 당사자들이 제1항에 따라 대표당사자를 선임하지 아니한 경우에 필요하다고 인정하는 때에는 당사자들에게 대표당사자를 선임할 것을 권고할 수 있다.
③ 대표당사자는 자기를 선임한 당사자들을 위하여 그 사건의 조정에 관한 모든 행위를 할 수 있다. 다만, 조정신청의 철회 및 조정안의 수락ㆍ거부는 자기를 선임한 당사자들의 서면에 의한 동의를 받아야 한다.
④ 대표당사자를 선임한 당사자들은 대표당사자를 통하여서만 그 사건의 조정에 관한 행위를 할 수 있다.
⑤ 대표당사자를 선임한 당사자들은 필요하다고 인정하는 경우에는 대표당사자를 해임하거나 변경할 수 있다. 이 경우 당사자들은 그 사실을 지체 없이 조정위원회에 통지하여야 한다.",https://www.law.go.kr/법령/소비자기본법
001589,소비자기본법,법률,공정거래위원회,20260911,20260310,68,3,시효의 중단,제68조의3(시효의 중단),"① 제58조제1항 및 제65조제1항에 따른 분쟁조정의 신청과 제68조제1항 및 제4항에 따른 집단분쟁조정의 의뢰 또는 신청은 시효중단의 효력이 있다. 다만, 다음 각 호의 어느 하나에 해당하는 경우 외의 경우로 분쟁조정절차 또는 집단분쟁조정절차가 종료된 경우에는 그 조정절차가 종료된 날부터 1개월 이내에 소를 제기하지 아니하면 시효중단의 효력이 없다. <개정 2018.6.12, 2026.3.10>
1. 당사자가 분쟁조정 또는 집단분쟁조정의 내용을 수락하거나 수락한 것으로 보는 경우
2. 당사자의 일방 또는 쌍방이 분쟁조정 또는 집단분쟁조정의 내용을 수락하지 아니한 경우
② 제1항 각 호 외의 부분 본문에 따라 중단된 시효는 같은 항 각 호의 어느 하나에 해당하는 때부터 새로이 진행한다.","제68조의3(시효의 중단)
① 제58조제1항 및 제65조제1항에 따른 분쟁조정의 신청과 제68조제1항 및 제4항에 따른 집단분쟁조정의 의뢰 또는 신청은 시효중단의 효력이 있다. 다만, 다음 각 호의 어느 하나에 해당하는 경우 외의 경우로 분쟁조정절차 또는 집단분쟁조정절차가 종료된 경우에는 그 조정절차가 종료된 날부터 1개월 이내에 소를 제기하지 아니하면 시효중단의 효력이 없다. <개정 2018.6.12, 2026.3.10>
1. 당사자가 분쟁조정 또는 집단분쟁조정의 내용을 수락하거나 수락한 것으로 보는 경우
2. 당사자의 일방 또는 쌍방이 분쟁조정 또는 집단분쟁조정의 내용을 수락하지 아니한 경우
② 제1항 각 호 외의 부분 본문에 따라 중단된 시효는 같은 항 각 호의 어느 하나에 해당하는 때부터 새로이 진행한다.","법령명: 소비자기본법
조문: 제68조의3 (시효의 중단)
내용: 제68조의3(시효의 중단)
① 제58조제1항 및 제65조제1항에 따른 분쟁조정의 신청과 제68조제1항 및 제4항에 따른 집단분쟁조정의 의뢰 또는 신청은 시효중단의 효력이 있다. 다만, 다음 각 호의 어느 하나에 해당하는 경우 외의 경우로 분쟁조정절차 또는 집단분쟁조정절차가 종료된 경우에는 그 조정절차가 종료된 날부터 1개월 이내에 소를 제기하지 아니하면 시효중단의 효력이 없다. <개정 2018.6.12, 2026.3.10>
1. 당사자가 분쟁조정 또는 집단분쟁조정의 내용을 수락하거나 수락한 것으로 보는 경우
2. 당사자의 일방 또는 쌍방이 분쟁조정 또는 집단분쟁조정의 내용을 수락하지 아니한 경우
② 제1항 각 호 외의 부분 본문에 따라 중단된 시효는 같은 항 각 호의 어느 하나에 해당하는 때부터 새로이 진행한다.",https://www.law.go.kr/법령/소비자기본법
001589,소비자기본법,법률,공정거래위원회,20260911,20260310,68,4,소송과의 관계,제68조의4(소송과의 관계),"① 제58조제1항 또는 제65조제1항에 따라 분쟁조정이 신청된 사건에 대하여 신청 전 또는 신청 후 소가 제기되어 소송이 진행 중일 때에는 수소법원(受訴法院)은 조정이 있을 때까지 소송절차를 중지할 수 있다. <개정 2026.3.10>
② 제1항에 따라 소송절차가 중지된 경우 조정위원회는 해당 사건의 조정절차를 재개한다.
③ 조정위원회는 조정이 신청된 사건과 동일한 원인으로 다수인이 관련되는 동종ㆍ유사 사건에 대한 소송이 진행 중인 경우에는 조정위원회의 결정으로 조정절차를 중지할 수 있다.","제68조의4(소송과의 관계)
① 제58조제1항 또는 제65조제1항에 따라 분쟁조정이 신청된 사건에 대하여 신청 전 또는 신청 후 소가 제기되어 소송이 진행 중일 때에는 수소법원(受訴法院)은 조정이 있을 때까지 소송절차를 중지할 수 있다. <개정 2026.3.10>
② 제1항에 따라 소송절차가 중지된 경우 조정위원회는 해당 사건의 조정절차를 재개한다.
③ 조정위원회는 조정이 신청된 사건과 동일한 원인으로 다수인이 관련되는 동종ㆍ유사 사건에 대한 소송이 진행 중인 경우에는 조정위원회의 결정으로 조정절차를 중지할 수 있다.","법령명: 소비자기본법
조문: 제68조의4 (소송과의 관계)
내용: 제68조의4(소송과의 관계)
① 제58조제1항 또는 제65조제1항에 따라 분쟁조정이 신청된 사건에 대하여 신청 전 또는 신청 후 소가 제기되어 소송이 진행 중일 때에는 수소법원(受訴法院)은 조정이 있을 때까지 소송절차를 중지할 수 있다. <개정 2026.3.10>
② 제1항에 따라 소송절차가 중지된 경우 조정위원회는 해당 사건의 조정절차를 재개한다.
③ 조정위원회는 조정이 신청된 사건과 동일한 원인으로 다수인이 관련되는 동종ㆍ유사 사건에 대한 소송이 진행 중인 경우에는 조정위원회의 결정으로 조정절차를 중지할 수 있다.",https://www.law.go.kr/법령/소비자기본법
001589,소비자기본법,법률,공정거래위원회,20260911,20260310,68,5,소송지원,제68조의5(소송지원),"① 원장은 다음 각 호의 어느 하나에 해당하는 사건에 대하여 소비자의 피해구제를 위하여 소송의 필요성이 인정되는 경우 위촉 변호사를 통한 소송대리 또는 소장작성 대행 등의 방법으로 소비자의 소송을 지원할 수 있다.
1. 사업자가 제67조제1항에 따라 통지받은 분쟁조정의 내용을 수락하지 아니한 사건
2. 사업자가 법원에 소를 제기하여 제59조제2항에 따라 피해구제절차가 중지된 사건 또는 제65조제5항에 따라 분쟁조정절차가 중지된 사건
② 제1항의 소송지원 대상 및 절차 등 소송지원과 관련하여 필요한 사항은 공정거래위원회의 승인을 받아 원장이 정한다.","제68조의5(소송지원)
① 원장은 다음 각 호의 어느 하나에 해당하는 사건에 대하여 소비자의 피해구제를 위하여 소송의 필요성이 인정되는 경우 위촉 변호사를 통한 소송대리 또는 소장작성 대행 등의 방법으로 소비자의 소송을 지원할 수 있다.
1. 사업자가 제67조제1항에 따라 통지받은 분쟁조정의 내용을 수락하지 아니한 사건
2. 사업자가 법원에 소를 제기하여 제59조제2항에 따라 피해구제절차가 중지된 사건 또는 제65조제5항에 따라 분쟁조정절차가 중지된 사건
② 제1항의 소송지원 대상 및 절차 등 소송지원과 관련하여 필요한 사항은 공정거래위원회의 승인을 받아 원장이 정한다.","법령명: 소비자기본법
조문: 제68조의5 (소송지원)
내용: 제68조의5(소송지원)
① 원장은 다음 각 호의 어느 하나에 해당하는 사건에 대하여 소비자의 피해구제를 위하여 소송의 필요성이 인정되는 경우 위촉 변호사를 통한 소송대리 또는 소장작성 대행 등의 방법으로 소비자의 소송을 지원할 수 있다.
1. 사업자가 제67조제1항에 따라 통지받은 분쟁조정의 내용을 수락하지 아니한 사건
2. 사업자가 법원에 소를 제기하여 제59조제2항에 따라 피해구제절차가 중지된 사건 또는 제65조제5항에 따라 분쟁조정절차가 중지된 사건
② 제1항의 소송지원 대상 및 절차 등 소송지원과 관련하여 필요한 사항은 공정거래위원회의 승인을 받아 원장이 정한다.",https://www.law.go.kr/법령/소비자기본법
001589,소비자기본법,법률,공정거래위원회,20260911,20260310,69,,「민사조정법」의 준용,제69조(「민사조정법」의 준용) 조정위원회의 운영 및 조정절차에 관하여 이 법에서 규정하지 아니한 사항에 대하여는 「민사조정법」을 준용한다.,,제69조(「민사조정법」의 준용) 조정위원회의 운영 및 조정절차에 관하여 이 법에서 규정하지 아니한 사항에 대하여는 「민사조정법」을 준용한다.,"법령명: 소비자기본법
조문: 제69조 (「민사조정법」의 준용)
내용: 제69조(「민사조정법」의 준용) 조정위원회의 운영 및 조정절차에 관하여 이 법에서 규정하지 아니한 사항에 대하여는 「민사조정법」을 준용한다.",https://www.law.go.kr/법령/소비자기본법
001589,소비자기본법,법률,공정거래위원회,20260911,20260310,70,,단체소송의 대상등,"제70조(단체소송의 대상등) 다음 각 호의 어느 하나에 해당하는 단체는 사업자가 제20조의 규정을 위반하여 소비자의 생명ㆍ신체 또는 재산에 대한 권익을 직접적으로 침해하고 그 침해가 계속되는 경우 법원에 소비자권익침해행위의 금지ㆍ중지를 구하는 소송(이하 ""단체소송""이라 한다)을 제기할 수 있다. <개정 2016.3.29>","1. 제29조의 규정에 따라 공정거래위원회에 등록한 소비자단체로서 다음 각 목의 요건을 모두 갖춘 단체
가. 정관에 따라 상시적으로 소비자의 권익증진을 주된 목적으로 하는 단체일 것
나. 단체의 정회원수가 1천명 이상일 것
다. 제29조의 규정에 따른 등록 후 3년이 경과하였을 것
2. 제33조에 따라 설립된 한국소비자원
3. 「상공회의소법」에 따른 대한상공회의소, 「중소기업협동조합법」에 따른 중소기업협동조합중앙회 및 전국 단위의 경제단체로서 대통령령이 정하는 단체
4. 「비영리민간단체 지원법」 제2조의 규정에 따른 비영리민간단체로서 다음 각 목의 요건을 모두 갖춘 단체
가. 법률상 또는 사실상 동일한 침해를 입은 50인 이상의 소비자로부터 단체소송의 제기를 요청받을 것
나. 정관에 소비자의 권익증진을 단체의 목적으로 명시한 후 최근 3년 이상 이를 위한 활동실적이 있을 것
다. 단체의 상시 구성원수가 5천명 이상일 것
라. 중앙행정기관에 등록되어 있을 것","제70조(단체소송의 대상등) 다음 각 호의 어느 하나에 해당하는 단체는 사업자가 제20조의 규정을 위반하여 소비자의 생명ㆍ신체 또는 재산에 대한 권익을 직접적으로 침해하고 그 침해가 계속되는 경우 법원에 소비자권익침해행위의 금지ㆍ중지를 구하는 소송(이하 ""단체소송""이라 한다)을 제기할 수 있다. <개정 2016.3.29>
1. 제29조의 규정에 따라 공정거래위원회에 등록한 소비자단체로서 다음 각 목의 요건을 모두 갖춘 단체
가. 정관에 따라 상시적으로 소비자의 권익증진을 주된 목적으로 하는 단체일 것
나. 단체의 정회원수가 1천명 이상일 것
다. 제29조의 규정에 따른 등록 후 3년이 경과하였을 것
2. 제33조에 따라 설립된 한국소비자원
3. 「상공회의소법」에 따른 대한상공회의소, 「중소기업협동조합법」에 따른 중소기업협동조합중앙회 및 전국 단위의 경제단체로서 대통령령이 정하는 단체
4. 「비영리민간단체 지원법」 제2조의 규정에 따른 비영리민간단체로서 다음 각 목의 요건을 모두 갖춘 단체
가. 법률상 또는 사실상 동일한 침해를 입은 50인 이상의 소비자로부터 단체소송의 제기를 요청받을 것
나. 정관에 소비자의 권익증진을 단체의 목적으로 명시한 후 최근 3년 이상 이를 위한 활동실적이 있을 것
다. 단체의 상시 구성원수가 5천명 이상일 것
라. 중앙행정기관에 등록되어 있을 것","법령명: 소비자기본법
조문: 제70조 (단체소송의 대상등)
내용: 제70조(단체소송의 대상등) 다음 각 호의 어느 하나에 해당하는 단체는 사업자가 제20조의 규정을 위반하여 소비자의 생명ㆍ신체 또는 재산에 대한 권익을 직접적으로 침해하고 그 침해가 계속되는 경우 법원에 소비자권익침해행위의 금지ㆍ중지를 구하는 소송(이하 ""단체소송""이라 한다)을 제기할 수 있다. <개정 2016.3.29>
1. 제29조의 규정에 따라 공정거래위원회에 등록한 소비자단체로서 다음 각 목의 요건을 모두 갖춘 단체
가. 정관에 따라 상시적으로 소비자의 권익증진을 주된 목적으로 하는 단체일 것
나. 단체의 정회원수가 1천명 이상일 것
다. 제29조의 규정에 따른 등록 후 3년이 경과하였을 것
2. 제33조에 따라 설립된 한국소비자원
3. 「상공회의소법」에 따른 대한상공회의소, 「중소기업협동조합법」에 따른 중소기업협동조합중앙회 및 전국 단위의 경제단체로서 대통령령이 정하는 단체
4. 「비영리민간단체 지원법」 제2조의 규정에 따른 비영리민간단체로서 다음 각 목의 요건을 모두 갖춘 단체
가. 법률상 또는 사실상 동일한 침해를 입은 50인 이상의 소비자로부터 단체소송의 제기를 요청받을 것
나. 정관에 소비자의 권익증진을 단체의 목적으로 명시한 후 최근 3년 이상 이를 위한 활동실적이 있을 것
다. 단체의 상시 구성원수가 5천명 이상일 것
라. 중앙행정기관에 등록되어 있을 것",https://www.law.go.kr/법령/소비자기본법
001589,소비자기본법,법률,공정거래위원회,20260911,20260310,71,,전속관할,제71조(전속관할),"①단체소송의 소는 피고의 주된 사무소 또는 영업소가 있는 곳, 주된 사무소나 영업소가 없는 경우에는 주된 업무담당자의 주소가 있는 곳의 지방법원 본원 합의부의 관할에 전속한다.
②제1항의 규정을 외국사업자에 적용하는 경우 대한민국에 있는 이들의 주된 사무소ㆍ영업소 또는 업무담당자의 주소에 따라 정한다.","제71조(전속관할)
①단체소송의 소는 피고의 주된 사무소 또는 영업소가 있는 곳, 주된 사무소나 영업소가 없는 경우에는 주된 업무담당자의 주소가 있는 곳의 지방법원 본원 합의부의 관할에 전속한다.
②제1항의 규정을 외국사업자에 적용하는 경우 대한민국에 있는 이들의 주된 사무소ㆍ영업소 또는 업무담당자의 주소에 따라 정한다.","법령명: 소비자기본법
조문: 제71조 (전속관할)
내용: 제71조(전속관할)
①단체소송의 소는 피고의 주된 사무소 또는 영업소가 있는 곳, 주된 사무소나 영업소가 없는 경우에는 주된 업무담당자의 주소가 있는 곳의 지방법원 본원 합의부의 관할에 전속한다.
②제1항의 규정을 외국사업자에 적용하는 경우 대한민국에 있는 이들의 주된 사무소ㆍ영업소 또는 업무담당자의 주소에 따라 정한다.",https://www.law.go.kr/법령/소비자기본법
001589,소비자기본법,법률,공정거래위원회,20260911,20260310,72,,소송대리인의 선임,제72조(소송대리인의 선임) 단체소송의 원고는 변호사를 소송대리인으로 선임하여야 한다.,,제72조(소송대리인의 선임) 단체소송의 원고는 변호사를 소송대리인으로 선임하여야 한다.,"법령명: 소비자기본법
조문: 제72조 (소송대리인의 선임)
내용: 제72조(소송대리인의 선임) 단체소송의 원고는 변호사를 소송대리인으로 선임하여야 한다.",https://www.law.go.kr/법령/소비자기본법
001589,소비자기본법,법률,공정거래위원회,20260911,20260310,73,,소송허가신청,제73조(소송허가신청),"①단체소송을 제기하는 단체는 소장과 함께 다음 각 호의 사항을 기재한 소송허가신청서를 법원에 제출하여야 한다.
1. 원고 및 그 소송대리인
2. 피고
3. 금지ㆍ중지를 구하는 사업자의 소비자권익 침해행위의 범위
②제1항의 규정에 따른 소송허가신청서에는 다음 각 호의 자료를 첨부하여야 한다.
1. 소제기단체가 제70조 각 호의 어느 하나에 해당하는 요건을 갖추고 있음을 소명하는 자료
2. 소제기단체가 제74조제1항제3호의 규정에 따라 요청한 서면 및 이에 대한 사업자의 의견서. 다만, 동호에서 정하는 기간 내에 사업자의 응답이 없을 경우에는 사업자의 의견서를 생략할 수 있다.","제73조(소송허가신청)
①단체소송을 제기하는 단체는 소장과 함께 다음 각 호의 사항을 기재한 소송허가신청서를 법원에 제출하여야 한다.
1. 원고 및 그 소송대리인
2. 피고
3. 금지ㆍ중지를 구하는 사업자의 소비자권익 침해행위의 범위
②제1항의 규정에 따른 소송허가신청서에는 다음 각 호의 자료를 첨부하여야 한다.
1. 소제기단체가 제70조 각 호의 어느 하나에 해당하는 요건을 갖추고 있음을 소명하는 자료
2. 소제기단체가 제74조제1항제3호의 규정에 따라 요청한 서면 및 이에 대한 사업자의 의견서. 다만, 동호에서 정하는 기간 내에 사업자의 응답이 없을 경우에는 사업자의 의견서를 생략할 수 있다.","법령명: 소비자기본법
조문: 제73조 (소송허가신청)
내용: 제73조(소송허가신청)
①단체소송을 제기하는 단체는 소장과 함께 다음 각 호의 사항을 기재한 소송허가신청서를 법원에 제출하여야 한다.
1. 원고 및 그 소송대리인
2. 피고
3. 금지ㆍ중지를 구하는 사업자의 소비자권익 침해행위의 범위
②제1항의 규정에 따른 소송허가신청서에는 다음 각 호의 자료를 첨부하여야 한다.
1. 소제기단체가 제70조 각 호의 어느 하나에 해당하는 요건을 갖추고 있음을 소명하는 자료
2. 소제기단체가 제74조제1항제3호의 규정에 따라 요청한 서면 및 이에 대한 사업자의 의견서. 다만, 동호에서 정하는 기간 내에 사업자의 응답이 없을 경우에는 사업자의 의견서를 생략할 수 있다.",https://www.law.go.kr/법령/소비자기본법
001589,소비자기본법,법률,공정거래위원회,20260911,20260310,74,,소송허가요건 등,제74조(소송허가요건 등),"①법원은 다음 각 호의 요건을 모두 갖춘 경우에 한하여 결정으로 단체소송을 허가한다.
1. 물품등의 사용으로 인하여 소비자의 생명ㆍ신체 또는 재산에 피해가 발생하거나 발생할 우려가 있는 등 다수 소비자의 권익보호 및 피해예방을 위한 공익상의 필요가 있을 것
2. 제73조의 규정에 따른 소송허가신청서의 기재사항에 흠결이 없을 것
3. 소제기단체가 사업자에게 소비자권익 침해행위를 금지ㆍ중지할 것을 서면으로 요청한 후 14일이 경과하였을 것
②단체소송을 허가하거나 불허가하는 결정에 대하여는 즉시항고할 수 있다.","제74조(소송허가요건 등)
①법원은 다음 각 호의 요건을 모두 갖춘 경우에 한하여 결정으로 단체소송을 허가한다.
1. 물품등의 사용으로 인하여 소비자의 생명ㆍ신체 또는 재산에 피해가 발생하거나 발생할 우려가 있는 등 다수 소비자의 권익보호 및 피해예방을 위한 공익상의 필요가 있을 것
2. 제73조의 규정에 따른 소송허가신청서의 기재사항에 흠결이 없을 것
3. 소제기단체가 사업자에게 소비자권익 침해행위를 금지ㆍ중지할 것을 서면으로 요청한 후 14일이 경과하였을 것
②단체소송을 허가하거나 불허가하는 결정에 대하여는 즉시항고할 수 있다.","법령명: 소비자기본법
조문: 제74조 (소송허가요건 등)
내용: 제74조(소송허가요건 등)
①법원은 다음 각 호의 요건을 모두 갖춘 경우에 한하여 결정으로 단체소송을 허가한다.
1. 물품등의 사용으로 인하여 소비자의 생명ㆍ신체 또는 재산에 피해가 발생하거나 발생할 우려가 있는 등 다수 소비자의 권익보호 및 피해예방을 위한 공익상의 필요가 있을 것
2. 제73조의 규정에 따른 소송허가신청서의 기재사항에 흠결이 없을 것
3. 소제기단체가 사업자에게 소비자권익 침해행위를 금지ㆍ중지할 것을 서면으로 요청한 후 14일이 경과하였을 것
②단체소송을 허가하거나 불허가하는 결정에 대하여는 즉시항고할 수 있다.",https://www.law.go.kr/법령/소비자기본법
001589,소비자기본법,법률,공정거래위원회,20260911,20260310,75,,확정판결의 효력,"제75조(확정판결의 효력) 원고의 청구를 기각하는 판결이 확정된 경우 이와 동일한 사안에 관하여는 제70조의 규정에 따른 다른 단체는 단체소송을 제기할 수 없다. 다만, 다음 각 호의 어느 하나에 해당하는 경우에는 그러하지 아니하다.","1. 판결이 확정된 후 그 사안과 관련하여 국가 또는 지방자치단체가 설립한 기관에 의하여 새로운 연구결과나 증거가 나타난 경우
2. 기각판결이 원고의 고의로 인한 것임이 밝혀진 경우","제75조(확정판결의 효력) 원고의 청구를 기각하는 판결이 확정된 경우 이와 동일한 사안에 관하여는 제70조의 규정에 따른 다른 단체는 단체소송을 제기할 수 없다. 다만, 다음 각 호의 어느 하나에 해당하는 경우에는 그러하지 아니하다.
1. 판결이 확정된 후 그 사안과 관련하여 국가 또는 지방자치단체가 설립한 기관에 의하여 새로운 연구결과나 증거가 나타난 경우
2. 기각판결이 원고의 고의로 인한 것임이 밝혀진 경우","법령명: 소비자기본법
조문: 제75조 (확정판결의 효력)
내용: 제75조(확정판결의 효력) 원고의 청구를 기각하는 판결이 확정된 경우 이와 동일한 사안에 관하여는 제70조의 규정에 따른 다른 단체는 단체소송을 제기할 수 없다. 다만, 다음 각 호의 어느 하나에 해당하는 경우에는 그러하지 아니하다.
1. 판결이 확정된 후 그 사안과 관련하여 국가 또는 지방자치단체가 설립한 기관에 의하여 새로운 연구결과나 증거가 나타난 경우
2. 기각판결이 원고의 고의로 인한 것임이 밝혀진 경우",https://www.law.go.kr/법령/소비자기본법
001589,소비자기본법,법률,공정거래위원회,20260911,20260310,76,,「민사소송법」의 적용 등,제76조(「민사소송법」의 적용 등),"①단체소송에 관하여 이 법에 특별한 규정이 없는 경우에는 「민사소송법」을 적용한다.
②제74조의 규정에 따른 단체소송의 허가결정이 있는 경우에는 「민사집행법」 제4편의 규정에 따른 보전처분을 할 수 있다.
③단체소송의 절차에 관하여 필요한 사항은 대법원규칙으로 정한다.","제76조(「민사소송법」의 적용 등)
①단체소송에 관하여 이 법에 특별한 규정이 없는 경우에는 「민사소송법」을 적용한다.
②제74조의 규정에 따른 단체소송의 허가결정이 있는 경우에는 「민사집행법」 제4편의 규정에 따른 보전처분을 할 수 있다.
③단체소송의 절차에 관하여 필요한 사항은 대법원규칙으로 정한다.","법령명: 소비자기본법
조문: 제76조 (「민사소송법」의 적용 등)
내용: 제76조(「민사소송법」의 적용 등)
①단체소송에 관하여 이 법에 특별한 규정이 없는 경우에는 「민사소송법」을 적용한다.
②제74조의 규정에 따른 단체소송의 허가결정이 있는 경우에는 「민사집행법」 제4편의 규정에 따른 보전처분을 할 수 있다.
③단체소송의 절차에 관하여 필요한 사항은 대법원규칙으로 정한다.",https://www.law.go.kr/법령/소비자기본법
001589,소비자기본법,법률,공정거래위원회,20260911,20260310,77,,검사ㆍ시료수거와 자료제출 등,제77조(검사ㆍ시료수거와 자료제출 등),"①중앙행정기관의 장은 다음 각 호의 어느 하나에 해당하는 경우에는 대통령령이 정하는 바에 따라 소속공무원으로 하여금 사업자의 물품ㆍ시설 및 제조공정 그 밖의 물건의 검사 또는 필요한 최소한의 시료수거를 하게 하거나 그 사업자에게 그 업무에 관한 보고 또는 관계 물품ㆍ서류 등의 제출을 명할 수 있다. <개정 2018.12.31>
1. 제8조제2항의 규정에 따라 국가가 정한 기준을 사업자가 준수하는지 여부를 시험ㆍ검사 또는 조사하기 위하여 필요한 경우
2. 제13조의 규정에 따라 소비자에게 정보제공을 하기 위하여 필요한 경우
3. 제16조제1항의 규정에 따라 소비자의 불만 및 피해를 처리하기 위하여 필요한 경우
4. 이 법의 위반 여부를 확인하기 위하여 필요한 경우
② 제1항의 규정에 따른 시료수거는 무상으로 할 수 있다. <신설 2018.12.31>
③중앙행정기관의 장은 물품등의 안전성을 의심할 만한 정당한 이유가 있는 경우로서 대통령령이 정하는 사유가 있는 때에는 소속 공무원으로 하여금 사업자의 영업장소, 제조장소, 창고 등 저장소, 사무소 그 밖의 이와 유사한 장소에 출입하여 제1항의 규정에 따른 검사 등을 할 수 있다. <개정 2018.12.31>
④제1항 또는 제2항의 규정에 따라 검사 등을 하는 공무원은 그 권한을 나타내는 증표를 지니고 이를 관계인에게 내보여야 한다. <개정 2018.12.31>
⑤이 법에 따른 직무에 종사하는 공무원은 제1항 또는 제2항의 규정에 따른 검사나 제출된 물품 또는 서류 등으로 알게 된 내용을 이 법의 시행을 위한 목적 아닌 용도로 사용하여서는 아니 된다. <개정 2018.12.31>
⑥중앙행정기관의 장은 소관 소비자권익 증진시책을 추진하기 위하여 필요한 경우에는 원장에게 소비자피해에 관한 정보 및 각종 실태조사 결과 등 소비자의 권익과 관련된 정보의 제공을 요청할 수 있다. <개정 2018.12.31>","제77조(검사ㆍ시료수거와 자료제출 등)
①중앙행정기관의 장은 다음 각 호의 어느 하나에 해당하는 경우에는 대통령령이 정하는 바에 따라 소속공무원으로 하여금 사업자의 물품ㆍ시설 및 제조공정 그 밖의 물건의 검사 또는 필요한 최소한의 시료수거를 하게 하거나 그 사업자에게 그 업무에 관한 보고 또는 관계 물품ㆍ서류 등의 제출을 명할 수 있다. <개정 2018.12.31>
1. 제8조제2항의 규정에 따라 국가가 정한 기준을 사업자가 준수하는지 여부를 시험ㆍ검사 또는 조사하기 위하여 필요한 경우
2. 제13조의 규정에 따라 소비자에게 정보제공을 하기 위하여 필요한 경우
3. 제16조제1항의 규정에 따라 소비자의 불만 및 피해를 처리하기 위하여 필요한 경우
4. 이 법의 위반 여부를 확인하기 위하여 필요한 경우
② 제1항의 규정에 따른 시료수거는 무상으로 할 수 있다. <신설 2018.12.31>
③중앙행정기관의 장은 물품등의 안전성을 의심할 만한 정당한 이유가 있는 경우로서 대통령령이 정하는 사유가 있는 때에는 소속 공무원으로 하여금 사업자의 영업장소, 제조장소, 창고 등 저장소, 사무소 그 밖의 이와 유사한 장소에 출입하여 제1항의 규정에 따른 검사 등을 할 수 있다. <개정 2018.12.31>
④제1항 또는 제2항의 규정에 따라 검사 등을 하는 공무원은 그 권한을 나타내는 증표를 지니고 이를 관계인에게 내보여야 한다. <개정 2018.12.31>
⑤이 법에 따른 직무에 종사하는 공무원은 제1항 또는 제2항의 규정에 따른 검사나 제출된 물품 또는 서류 등으로 알게 된 내용을 이 법의 시행을 위한 목적 아닌 용도로 사용하여서는 아니 된다. <개정 2018.12.31>
⑥중앙행정기관의 장은 소관 소비자권익 증진시책을 추진하기 위하여 필요한 경우에는 원장에게 소비자피해에 관한 정보 및 각종 실태조사 결과 등 소비자의 권익과 관련된 정보의 제공을 요청할 수 있다. <개정 2018.12.31>","법령명: 소비자기본법
조문: 제77조 (검사ㆍ시료수거와 자료제출 등)
내용: 제77조(검사ㆍ시료수거와 자료제출 등)
①중앙행정기관의 장은 다음 각 호의 어느 하나에 해당하는 경우에는 대통령령이 정하는 바에 따라 소속공무원으로 하여금 사업자의 물품ㆍ시설 및 제조공정 그 밖의 물건의 검사 또는 필요한 최소한의 시료수거를 하게 하거나 그 사업자에게 그 업무에 관한 보고 또는 관계 물품ㆍ서류 등의 제출을 명할 수 있다. <개정 2018.12.31>
1. 제8조제2항의 규정에 따라 국가가 정한 기준을 사업자가 준수하는지 여부를 시험ㆍ검사 또는 조사하기 위하여 필요한 경우
2. 제13조의 규정에 따라 소비자에게 정보제공을 하기 위하여 필요한 경우
3. 제16조제1항의 규정에 따라 소비자의 불만 및 피해를 처리하기 위하여 필요한 경우
4. 이 법의 위반 여부를 확인하기 위하여 필요한 경우
② 제1항의 규정에 따른 시료수거는 무상으로 할 수 있다. <신설 2018.12.31>
③중앙행정기관의 장은 물품등의 안전성을 의심할 만한 정당한 이유가 있는 경우로서 대통령령이 정하는 사유가 있는 때에는 소속 공무원으로 하여금 사업자의 영업장소, 제조장소, 창고 등 저장소, 사무소 그 밖의 이와 유사한 장소에 출입하여 제1항의 규정에 따른 검사 등을 할 수 있다. <개정 2018.12.31>
④제1항 또는 제2항의 규정에 따라 검사 등을 하는 공무원은 그 권한을 나타내는 증표를 지니고 이를 관계인에게 내보여야 한다. <개정 2018.12.31>
⑤이 법에 따른 직무에 종사하는 공무원은 제1항 또는 제2항의 규정에 따른 검사나 제출된 물품 또는 서류 등으로 알게 된 내용을 이 법의 시행을 위한 목적 아닌 용도로 사용하여서는 아니 된다. <개정 2018.12.31>
⑥중앙행정기관의 장은 소관 소비자권익 증진시책을 추진하기 위하여 필요한 경우에는 원장에게 소비자피해에 관한 정보 및 각종 실태조사 결과 등 소비자의 권익과 관련된 정보의 제공을 요청할 수 있다. <개정 2018.12.31>",https://www.law.go.kr/법령/소비자기본법
001589,소비자기본법,법률,공정거래위원회,20260911,20260310,78,,자료 및 정보제공요청 등,제78조(자료 및 정보제공요청 등),"①소비자단체 및 한국소비자원은 그 업무를 추진함에 있어서 필요한 자료 및 정보의 제공을 사업자 또는 사업자단체에 요청할 수 있다. 이 경우 그 사업자 또는 사업자단체는 정당한 사유가 없는 한 이에 응하여야 한다.
②제1항의 규정에 따라 자료 및 정보의 제공을 요청하는 소비자단체 및 한국소비자원은 그 자료 및 정보의 사용목적ㆍ사용절차 등을 미리 사업자 또는 사업자단체에 알려야 한다.
③제1항의 규정에 따라 소비자단체가 자료 및 정보를 요청하는 때에는 제79조의 규정에 따른 소비자정보요청협의회의 협의ㆍ조정을 미리 거쳐야 한다.
④제1항의 규정에 따라 자료 및 정보를 요청할 수 있는 소비자단체의 요건과 자료 및 정보의 범위 등에 관한 사항은 대통령령으로 정한다.
⑤제1항 내지 제4항의 규정에 따라 사업자 또는 사업자단체로부터 소비자단체에 제공된 자료 및 정보는 미리 사업자 또는 사업자단체에 알린 사용목적이 아닌 용도 및 사용절차가 아닌 방법으로 사용하여서는 아니 된다.","제78조(자료 및 정보제공요청 등)
①소비자단체 및 한국소비자원은 그 업무를 추진함에 있어서 필요한 자료 및 정보의 제공을 사업자 또는 사업자단체에 요청할 수 있다. 이 경우 그 사업자 또는 사업자단체는 정당한 사유가 없는 한 이에 응하여야 한다.
②제1항의 규정에 따라 자료 및 정보의 제공을 요청하는 소비자단체 및 한국소비자원은 그 자료 및 정보의 사용목적ㆍ사용절차 등을 미리 사업자 또는 사업자단체에 알려야 한다.
③제1항의 규정에 따라 소비자단체가 자료 및 정보를 요청하는 때에는 제79조의 규정에 따른 소비자정보요청협의회의 협의ㆍ조정을 미리 거쳐야 한다.
④제1항의 규정에 따라 자료 및 정보를 요청할 수 있는 소비자단체의 요건과 자료 및 정보의 범위 등에 관한 사항은 대통령령으로 정한다.
⑤제1항 내지 제4항의 규정에 따라 사업자 또는 사업자단체로부터 소비자단체에 제공된 자료 및 정보는 미리 사업자 또는 사업자단체에 알린 사용목적이 아닌 용도 및 사용절차가 아닌 방법으로 사용하여서는 아니 된다.","법령명: 소비자기본법
조문: 제78조 (자료 및 정보제공요청 등)
내용: 제78조(자료 및 정보제공요청 등)
①소비자단체 및 한국소비자원은 그 업무를 추진함에 있어서 필요한 자료 및 정보의 제공을 사업자 또는 사업자단체에 요청할 수 있다. 이 경우 그 사업자 또는 사업자단체는 정당한 사유가 없는 한 이에 응하여야 한다.
②제1항의 규정에 따라 자료 및 정보의 제공을 요청하는 소비자단체 및 한국소비자원은 그 자료 및 정보의 사용목적ㆍ사용절차 등을 미리 사업자 또는 사업자단체에 알려야 한다.
③제1항의 규정에 따라 소비자단체가 자료 및 정보를 요청하는 때에는 제79조의 규정에 따른 소비자정보요청협의회의 협의ㆍ조정을 미리 거쳐야 한다.
④제1항의 규정에 따라 자료 및 정보를 요청할 수 있는 소비자단체의 요건과 자료 및 정보의 범위 등에 관한 사항은 대통령령으로 정한다.
⑤제1항 내지 제4항의 규정에 따라 사업자 또는 사업자단체로부터 소비자단체에 제공된 자료 및 정보는 미리 사업자 또는 사업자단체에 알린 사용목적이 아닌 용도 및 사용절차가 아닌 방법으로 사용하여서는 아니 된다.",https://www.law.go.kr/법령/소비자기본법
001589,소비자기본법,법률,공정거래위원회,20260911,20260310,79,,소비자정보요청협의회,제79조(소비자정보요청협의회),"①제78조제1항의 규정에 따른 소비자단체의 자료 및 정보의 제공요청과 관련한 다음 각 호의 사항을 협의ㆍ조정하기 위하여 한국소비자원에 소비자정보요청협의회(이하 ""협의회""라 한다)를 둔다.
1. 소비자단체가 요청하는 자료 및 정보의 범위ㆍ사용목적ㆍ사용절차에 관한 사항
2. 그 밖에 대통령령이 정하는 사항
②협의회의 구성과 운영 그 밖에 필요한 사항은 대통령령으로 정한다.","제79조(소비자정보요청협의회)
①제78조제1항의 규정에 따른 소비자단체의 자료 및 정보의 제공요청과 관련한 다음 각 호의 사항을 협의ㆍ조정하기 위하여 한국소비자원에 소비자정보요청협의회(이하 ""협의회""라 한다)를 둔다.
1. 소비자단체가 요청하는 자료 및 정보의 범위ㆍ사용목적ㆍ사용절차에 관한 사항
2. 그 밖에 대통령령이 정하는 사항
②협의회의 구성과 운영 그 밖에 필요한 사항은 대통령령으로 정한다.","법령명: 소비자기본법
조문: 제79조 (소비자정보요청협의회)
내용: 제79조(소비자정보요청협의회)
①제78조제1항의 규정에 따른 소비자단체의 자료 및 정보의 제공요청과 관련한 다음 각 호의 사항을 협의ㆍ조정하기 위하여 한국소비자원에 소비자정보요청협의회(이하 ""협의회""라 한다)를 둔다.
1. 소비자단체가 요청하는 자료 및 정보의 범위ㆍ사용목적ㆍ사용절차에 관한 사항
2. 그 밖에 대통령령이 정하는 사항
②협의회의 구성과 운영 그 밖에 필요한 사항은 대통령령으로 정한다.",https://www.law.go.kr/법령/소비자기본법
001589,소비자기본법,법률,공정거래위원회,20260911,20260310,80,,시정조치 등,제80조(시정조치 등),"①중앙행정기관의 장은 사업자가 제20조의 규정을 위반하는 행위를 한 경우에는 그 사업자에게 그 행위의 중지 등 시정에 필요한 조치를 명할 수 있다.
②중앙행정기관의 장은 사업자에게 제1항의 규정에 따라 시정명령을 받은 사실을 공표하도록 명할 수 있다.","제80조(시정조치 등)
①중앙행정기관의 장은 사업자가 제20조의 규정을 위반하는 행위를 한 경우에는 그 사업자에게 그 행위의 중지 등 시정에 필요한 조치를 명할 수 있다.
②중앙행정기관의 장은 사업자에게 제1항의 규정에 따라 시정명령을 받은 사실을 공표하도록 명할 수 있다.","법령명: 소비자기본법
조문: 제80조 (시정조치 등)
내용: 제80조(시정조치 등)
①중앙행정기관의 장은 사업자가 제20조의 규정을 위반하는 행위를 한 경우에는 그 사업자에게 그 행위의 중지 등 시정에 필요한 조치를 명할 수 있다.
②중앙행정기관의 장은 사업자에게 제1항의 규정에 따라 시정명령을 받은 사실을 공표하도록 명할 수 있다.",https://www.law.go.kr/법령/소비자기본법
001589,소비자기본법,법률,공정거래위원회,20260911,20260310,81,,시정조치의 요청 등,제81조(시정조치의 요청 등),"①국가 및 지방자치단체는 사업자가 제20조의 규정을 위반하는지 여부를 판단하기 위하여 필요한 경우에는 등록소비자단체 또는 한국소비자원에 조사를 의뢰할 수 있다.
②공정거래위원회는 사업자가 제20조의 규정을 위반하는 행위를 한 사실을 알게 된 때에는 그 물품등을 주관하는 중앙행정기관의 장에게 위반행위의 시정에 필요한 적절한 조치를 요청할 수 있다. <개정 2008.2.29>","제81조(시정조치의 요청 등)
①국가 및 지방자치단체는 사업자가 제20조의 규정을 위반하는지 여부를 판단하기 위하여 필요한 경우에는 등록소비자단체 또는 한국소비자원에 조사를 의뢰할 수 있다.
②공정거래위원회는 사업자가 제20조의 규정을 위반하는 행위를 한 사실을 알게 된 때에는 그 물품등을 주관하는 중앙행정기관의 장에게 위반행위의 시정에 필요한 적절한 조치를 요청할 수 있다. <개정 2008.2.29>","법령명: 소비자기본법
조문: 제81조 (시정조치의 요청 등)
내용: 제81조(시정조치의 요청 등)
①국가 및 지방자치단체는 사업자가 제20조의 규정을 위반하는지 여부를 판단하기 위하여 필요한 경우에는 등록소비자단체 또는 한국소비자원에 조사를 의뢰할 수 있다.
②공정거래위원회는 사업자가 제20조의 규정을 위반하는 행위를 한 사실을 알게 된 때에는 그 물품등을 주관하는 중앙행정기관의 장에게 위반행위의 시정에 필요한 적절한 조치를 요청할 수 있다. <개정 2008.2.29>",https://www.law.go.kr/법령/소비자기본법
001589,소비자기본법,법률,공정거래위원회,20260911,20260310,81,2,실태조사,제81조의2(실태조사),"① 공정거래위원회는 소비자의 권익증진이나 소비자정책의 효율적 추진을 위하여 필요하다고 인정하는 경우 실태조사를 실시하고, 그 결과를 공표할 수 있다.
② 공정거래위원회는 제1항에 따른 실태조사를 위하여 필요한 경우에는 관계 소비자단체ㆍ사업자ㆍ사업자단체와 관계 행정기관ㆍ공공기관에 필요한 자료 또는 의견의 제출을 요청할 수 있다. 이 경우 해당 요청을 받은 자는 정당한 사유가 없으면 그 요청에 따라야 한다.
③ 공정거래위원회는 제1항에 따른 실태조사의 효율적 추진을 위하여 필요한 경우에는 해당 실태조사 업무를 한국소비자원이나 관계 법인ㆍ단체에 위탁할 수 있다.
④ 제1항에 따른 실태조사의 절차 및 방법, 그 밖에 필요한 사항은 대통령령으로 정한다.","제81조의2(실태조사)
① 공정거래위원회는 소비자의 권익증진이나 소비자정책의 효율적 추진을 위하여 필요하다고 인정하는 경우 실태조사를 실시하고, 그 결과를 공표할 수 있다.
② 공정거래위원회는 제1항에 따른 실태조사를 위하여 필요한 경우에는 관계 소비자단체ㆍ사업자ㆍ사업자단체와 관계 행정기관ㆍ공공기관에 필요한 자료 또는 의견의 제출을 요청할 수 있다. 이 경우 해당 요청을 받은 자는 정당한 사유가 없으면 그 요청에 따라야 한다.
③ 공정거래위원회는 제1항에 따른 실태조사의 효율적 추진을 위하여 필요한 경우에는 해당 실태조사 업무를 한국소비자원이나 관계 법인ㆍ단체에 위탁할 수 있다.
④ 제1항에 따른 실태조사의 절차 및 방법, 그 밖에 필요한 사항은 대통령령으로 정한다.","법령명: 소비자기본법
조문: 제81조의2 (실태조사)
내용: 제81조의2(실태조사)
① 공정거래위원회는 소비자의 권익증진이나 소비자정책의 효율적 추진을 위하여 필요하다고 인정하는 경우 실태조사를 실시하고, 그 결과를 공표할 수 있다.
② 공정거래위원회는 제1항에 따른 실태조사를 위하여 필요한 경우에는 관계 소비자단체ㆍ사업자ㆍ사업자단체와 관계 행정기관ㆍ공공기관에 필요한 자료 또는 의견의 제출을 요청할 수 있다. 이 경우 해당 요청을 받은 자는 정당한 사유가 없으면 그 요청에 따라야 한다.
③ 공정거래위원회는 제1항에 따른 실태조사의 효율적 추진을 위하여 필요한 경우에는 해당 실태조사 업무를 한국소비자원이나 관계 법인ㆍ단체에 위탁할 수 있다.
④ 제1항에 따른 실태조사의 절차 및 방법, 그 밖에 필요한 사항은 대통령령으로 정한다.",https://www.law.go.kr/법령/소비자기본법
001589,소비자기본법,법률,공정거래위원회,20260911,20260310,82,,청문,"제82조(청문) 중앙행정기관의 장은 제20조의3제3항ㆍ제20조의4제1항ㆍ제30조ㆍ제50조 또는 제80조의 규정에 따른 명령 등의 조치를 하고자 하는 경우에는 청문을 실시하여야 한다. 다만, 제50조제1항 단서의 경우에는 그러하지 아니하다. <개정 2017.10.31>",,"제82조(청문) 중앙행정기관의 장은 제20조의3제3항ㆍ제20조의4제1항ㆍ제30조ㆍ제50조 또는 제80조의 규정에 따른 명령 등의 조치를 하고자 하는 경우에는 청문을 실시하여야 한다. 다만, 제50조제1항 단서의 경우에는 그러하지 아니하다. <개정 2017.10.31>","법령명: 소비자기본법
조문: 제82조 (청문)
내용: 제82조(청문) 중앙행정기관의 장은 제20조의3제3항ㆍ제20조의4제1항ㆍ제30조ㆍ제50조 또는 제80조의 규정에 따른 명령 등의 조치를 하고자 하는 경우에는 청문을 실시하여야 한다. 다만, 제50조제1항 단서의 경우에는 그러하지 아니하다. <개정 2017.10.31>",https://www.law.go.kr/법령/소비자기본법
001589,소비자기본법,법률,공정거래위원회,20260911,20260310,83,,권한의 위임ㆍ위탁 등,제83조(권한의 위임ㆍ위탁 등),"①중앙행정기관의 장은 이 법에 따른 권한의 일부를 대통령령이 정하는 바에 따라 시ㆍ도지사에게 위임할 수 있다.
②중앙행정기관의 장은 다음 각 호의 어느 하나에 해당하는 경우에는 제77조제1항에 따른 권한을 한국소비자원에 위탁할 수 있다. <개정 2008.3.21, 2016.3.29>
1. 제17조제2항의 규정에 따라 한국소비자원에 시험ㆍ검사 또는 조사를 의뢰하는 경우
2. 제55조제1항 내지 제3항의 규정에 따라 한국소비자원에 신청 또는 의뢰된 피해구제사건을 처리함에 있어서 사실확인을 위하여 필요하다고 인정되는 경우
3. 원장이 제35조제1항제2호 및 제52조제2항제1호부터 제3호까지의 조치를 하기 위하여 필요하다고 요청하는 경우
4. 제81조제1항에 따라 한국소비자원에 조사를 의뢰하는 경우
③ 제77조제4항 및 제5항은 제2항에 따라 중앙행정기관의 장으로부터 제77조제1항에 따른 검사 등의 권한을 위탁받은 한국소비자원의 직원으로서 그 검사 등의 권한을 행하는 직원에 대하여 준용한다. <개정 2008.3.21, 2018.12.31>","제83조(권한의 위임ㆍ위탁 등)
①중앙행정기관의 장은 이 법에 따른 권한의 일부를 대통령령이 정하는 바에 따라 시ㆍ도지사에게 위임할 수 있다.
②중앙행정기관의 장은 다음 각 호의 어느 하나에 해당하는 경우에는 제77조제1항에 따른 권한을 한국소비자원에 위탁할 수 있다. <개정 2008.3.21, 2016.3.29>
1. 제17조제2항의 규정에 따라 한국소비자원에 시험ㆍ검사 또는 조사를 의뢰하는 경우
2. 제55조제1항 내지 제3항의 규정에 따라 한국소비자원에 신청 또는 의뢰된 피해구제사건을 처리함에 있어서 사실확인을 위하여 필요하다고 인정되는 경우
3. 원장이 제35조제1항제2호 및 제52조제2항제1호부터 제3호까지의 조치를 하기 위하여 필요하다고 요청하는 경우
4. 제81조제1항에 따라 한국소비자원에 조사를 의뢰하는 경우
③ 제77조제4항 및 제5항은 제2항에 따라 중앙행정기관의 장으로부터 제77조제1항에 따른 검사 등의 권한을 위탁받은 한국소비자원의 직원으로서 그 검사 등의 권한을 행하는 직원에 대하여 준용한다. <개정 2008.3.21, 2018.12.31>","법령명: 소비자기본법
조문: 제83조 (권한의 위임ㆍ위탁 등)
내용: 제83조(권한의 위임ㆍ위탁 등)
①중앙행정기관의 장은 이 법에 따른 권한의 일부를 대통령령이 정하는 바에 따라 시ㆍ도지사에게 위임할 수 있다.
②중앙행정기관의 장은 다음 각 호의 어느 하나에 해당하는 경우에는 제77조제1항에 따른 권한을 한국소비자원에 위탁할 수 있다. <개정 2008.3.21, 2016.3.29>
1. 제17조제2항의 규정에 따라 한국소비자원에 시험ㆍ검사 또는 조사를 의뢰하는 경우
2. 제55조제1항 내지 제3항의 규정에 따라 한국소비자원에 신청 또는 의뢰된 피해구제사건을 처리함에 있어서 사실확인을 위하여 필요하다고 인정되는 경우
3. 원장이 제35조제1항제2호 및 제52조제2항제1호부터 제3호까지의 조치를 하기 위하여 필요하다고 요청하는 경우
4. 제81조제1항에 따라 한국소비자원에 조사를 의뢰하는 경우
③ 제77조제4항 및 제5항은 제2항에 따라 중앙행정기관의 장으로부터 제77조제1항에 따른 검사 등의 권한을 위탁받은 한국소비자원의 직원으로서 그 검사 등의 권한을 행하는 직원에 대하여 준용한다. <개정 2008.3.21, 2018.12.31>",https://www.law.go.kr/법령/소비자기본법
001589,소비자기본법,법률,공정거래위원회,20260911,20260310,83,2,민감정보 및 고유식별정보의 처리,제83조의2(민감정보 및 고유식별정보의 처리),"① 공정거래위원회는 종합지원시스템을 통하여 소비자 피해의 예방 및 구제를 위한 사무를 수행하기 위하여 불가피한 경우 「개인정보 보호법」 제23조에 따른 건강에 관한 정보(의료분쟁조정과 관련된 정보에 한정한다. 이하 같다)나 같은 법 제24조에 따른 고유식별정보가 포함된 자료를 처리할 수 있다.
② 제16조의2제7항에 따라 종합지원시스템 운영의 전부 또는 일부를 위탁받은 자는 소비자 피해의 예방 및 구제를 위한 사무를 수행하기 위하여 불가피한 경우 당사자의 동의를 얻어 「개인정보 보호법」 제23조에 따른 건강에 관한 정보나 같은 법 제24조에 따른 고유식별정보가 포함된 자료를 처리할 수 있다.
③ 제1항 및 제2항에 따라 「개인정보 보호법」 제23조에 따른 건강에 관한 정보나 같은 법 제24조에 따른 고유식별정보가 포함된 자료를 처리할 때에는 해당 정보를 「개인정보 보호법」에 따라 보호하여야 한다.","제83조의2(민감정보 및 고유식별정보의 처리)
① 공정거래위원회는 종합지원시스템을 통하여 소비자 피해의 예방 및 구제를 위한 사무를 수행하기 위하여 불가피한 경우 「개인정보 보호법」 제23조에 따른 건강에 관한 정보(의료분쟁조정과 관련된 정보에 한정한다. 이하 같다)나 같은 법 제24조에 따른 고유식별정보가 포함된 자료를 처리할 수 있다.
② 제16조의2제7항에 따라 종합지원시스템 운영의 전부 또는 일부를 위탁받은 자는 소비자 피해의 예방 및 구제를 위한 사무를 수행하기 위하여 불가피한 경우 당사자의 동의를 얻어 「개인정보 보호법」 제23조에 따른 건강에 관한 정보나 같은 법 제24조에 따른 고유식별정보가 포함된 자료를 처리할 수 있다.
③ 제1항 및 제2항에 따라 「개인정보 보호법」 제23조에 따른 건강에 관한 정보나 같은 법 제24조에 따른 고유식별정보가 포함된 자료를 처리할 때에는 해당 정보를 「개인정보 보호법」에 따라 보호하여야 한다.","법령명: 소비자기본법
조문: 제83조의2 (민감정보 및 고유식별정보의 처리)
내용: 제83조의2(민감정보 및 고유식별정보의 처리)
① 공정거래위원회는 종합지원시스템을 통하여 소비자 피해의 예방 및 구제를 위한 사무를 수행하기 위하여 불가피한 경우 「개인정보 보호법」 제23조에 따른 건강에 관한 정보(의료분쟁조정과 관련된 정보에 한정한다. 이하 같다)나 같은 법 제24조에 따른 고유식별정보가 포함된 자료를 처리할 수 있다.
② 제16조의2제7항에 따라 종합지원시스템 운영의 전부 또는 일부를 위탁받은 자는 소비자 피해의 예방 및 구제를 위한 사무를 수행하기 위하여 불가피한 경우 당사자의 동의를 얻어 「개인정보 보호법」 제23조에 따른 건강에 관한 정보나 같은 법 제24조에 따른 고유식별정보가 포함된 자료를 처리할 수 있다.
③ 제1항 및 제2항에 따라 「개인정보 보호법」 제23조에 따른 건강에 관한 정보나 같은 법 제24조에 따른 고유식별정보가 포함된 자료를 처리할 때에는 해당 정보를 「개인정보 보호법」에 따라 보호하여야 한다.",https://www.law.go.kr/법령/소비자기본법
001589,소비자기본법,법률,공정거래위원회,20260911,20260310,84,,벌칙,제84조(벌칙),"①다음 각 호의 어느 하나에 해당하는 자는 3년 이하의 징역 또는 5천만원 이하의 벌금에 처한다. <개정 2018.12.31>
1. 제50조 또는 제80조의 규정에 따른 명령을 위반한 자
2. 제77조제5항(제83조제3항의 규정에 따라 준용되는 경우를 포함한다)의 규정을 위반하여 검사 등으로 알게 된 내용을 이 법의 시행을 위한 목적이 아닌 용도로 사용한 자
3. 제78조제5항의 규정을 위반하여 제공된 자료 및 정보를 사용목적이 아닌 용도 또는 사용절차가 아닌 방법으로 사용한 자
②제52조제5항 본문을 위반하여 위해정보에 관한 사항을 누설한 자는 1년 이하의 징역 또는 3천만원 이하의 벌금에 처한다. <개정 2018.3.13, 2026.3.10>
③제1항의 경우에 징역형과 벌금형은 이를 병과(倂科)할 수 있다.","제84조(벌칙)
①다음 각 호의 어느 하나에 해당하는 자는 3년 이하의 징역 또는 5천만원 이하의 벌금에 처한다. <개정 2018.12.31>
1. 제50조 또는 제80조의 규정에 따른 명령을 위반한 자
2. 제77조제5항(제83조제3항의 규정에 따라 준용되는 경우를 포함한다)의 규정을 위반하여 검사 등으로 알게 된 내용을 이 법의 시행을 위한 목적이 아닌 용도로 사용한 자
3. 제78조제5항의 규정을 위반하여 제공된 자료 및 정보를 사용목적이 아닌 용도 또는 사용절차가 아닌 방법으로 사용한 자
②제52조제5항 본문을 위반하여 위해정보에 관한 사항을 누설한 자는 1년 이하의 징역 또는 3천만원 이하의 벌금에 처한다. <개정 2018.3.13, 2026.3.10>
③제1항의 경우에 징역형과 벌금형은 이를 병과(倂科)할 수 있다.","법령명: 소비자기본법
조문: 제84조 (벌칙)
내용: 제84조(벌칙)
①다음 각 호의 어느 하나에 해당하는 자는 3년 이하의 징역 또는 5천만원 이하의 벌금에 처한다. <개정 2018.12.31>
1. 제50조 또는 제80조의 규정에 따른 명령을 위반한 자
2. 제77조제5항(제83조제3항의 규정에 따라 준용되는 경우를 포함한다)의 규정을 위반하여 검사 등으로 알게 된 내용을 이 법의 시행을 위한 목적이 아닌 용도로 사용한 자
3. 제78조제5항의 규정을 위반하여 제공된 자료 및 정보를 사용목적이 아닌 용도 또는 사용절차가 아닌 방법으로 사용한 자
②제52조제5항 본문을 위반하여 위해정보에 관한 사항을 누설한 자는 1년 이하의 징역 또는 3천만원 이하의 벌금에 처한다. <개정 2018.3.13, 2026.3.10>
③제1항의 경우에 징역형과 벌금형은 이를 병과(倂科)할 수 있다.",https://www.law.go.kr/법령/소비자기본법
001589,소비자기본법,법률,공정거래위원회,20260911,20260310,85,,양벌규정,"제85조(양벌규정) 법인의 대표자나 법인 또는 개인의 대리인, 사용인, 그 밖의 종업원이 그 법인 또는 개인의 업무에 관하여 제84조의 위반행위를 하면 그 행위자를 벌하는 외에 그 법인 또는 개인에게도 해당 조문의 벌금형을 과(科)한다. 다만, 법인 또는 개인이 그 위반행위를 방지하기 위하여 해당 업무에 관하여 상당한 주의와 감독을 게을리하지 아니한 경우에는 그러하지 아니하다.",,"제85조(양벌규정) 법인의 대표자나 법인 또는 개인의 대리인, 사용인, 그 밖의 종업원이 그 법인 또는 개인의 업무에 관하여 제84조의 위반행위를 하면 그 행위자를 벌하는 외에 그 법인 또는 개인에게도 해당 조문의 벌금형을 과(科)한다. 다만, 법인 또는 개인이 그 위반행위를 방지하기 위하여 해당 업무에 관하여 상당한 주의와 감독을 게을리하지 아니한 경우에는 그러하지 아니하다.","법령명: 소비자기본법
조문: 제85조 (양벌규정)
내용: 제85조(양벌규정) 법인의 대표자나 법인 또는 개인의 대리인, 사용인, 그 밖의 종업원이 그 법인 또는 개인의 업무에 관하여 제84조의 위반행위를 하면 그 행위자를 벌하는 외에 그 법인 또는 개인에게도 해당 조문의 벌금형을 과(科)한다. 다만, 법인 또는 개인이 그 위반행위를 방지하기 위하여 해당 업무에 관하여 상당한 주의와 감독을 게을리하지 아니한 경우에는 그러하지 아니하다.",https://www.law.go.kr/법령/소비자기본법
001589,소비자기본법,법률,공정거래위원회,20260911,20260310,86,,과태료,제86조(과태료),"①다음 각 호의 어느 하나에 해당하는 자는 3천만원 이하의 과태료에 처한다. <개정 2017.10.31, 2018.12.31>
1. 제20조의 규정을 위반한 자
2. 제37조의 규정을 위반하여 동일 또는 유사명칭을 사용한 자
3. 제47조제1항의 규정을 위반하여 보고의무를 이행하지 아니하거나 거짓으로 이행한 자
4. 제77조제1항 또는 제3항의 규정에 따른 검사ㆍ시료수거ㆍ출입을 거부ㆍ방해ㆍ기피한 자, 업무에 관한 보고를 하지 아니하거나 거짓으로 보고한 자 또는 관계 물품ㆍ서류 등을 제출하지 아니하거나 거짓으로 제출한 자
②제1항의 규정에 따른 과태료는 대통령령으로 정하는 바에 따라 중앙행정기관의 장 또는 시ㆍ도지사가 부과ㆍ징수한다. <개정 2010.3.22>
③ 삭제 <2010.3.22>
④ 삭제 <2010.3.22>
⑤ 삭제 <2010.3.22>
⑥ 삭제 <2010.3.22>","제86조(과태료)
①다음 각 호의 어느 하나에 해당하는 자는 3천만원 이하의 과태료에 처한다. <개정 2017.10.31, 2018.12.31>
1. 제20조의 규정을 위반한 자
2. 제37조의 규정을 위반하여 동일 또는 유사명칭을 사용한 자
3. 제47조제1항의 규정을 위반하여 보고의무를 이행하지 아니하거나 거짓으로 이행한 자
4. 제77조제1항 또는 제3항의 규정에 따른 검사ㆍ시료수거ㆍ출입을 거부ㆍ방해ㆍ기피한 자, 업무에 관한 보고를 하지 아니하거나 거짓으로 보고한 자 또는 관계 물품ㆍ서류 등을 제출하지 아니하거나 거짓으로 제출한 자
②제1항의 규정에 따른 과태료는 대통령령으로 정하는 바에 따라 중앙행정기관의 장 또는 시ㆍ도지사가 부과ㆍ징수한다. <개정 2010.3.22>
③ 삭제 <2010.3.22>
④ 삭제 <2010.3.22>
⑤ 삭제 <2010.3.22>
⑥ 삭제 <2010.3.22>","법령명: 소비자기본법
조문: 제86조 (과태료)
내용: 제86조(과태료)
①다음 각 호의 어느 하나에 해당하는 자는 3천만원 이하의 과태료에 처한다. <개정 2017.10.31, 2018.12.31>
1. 제20조의 규정을 위반한 자
2. 제37조의 규정을 위반하여 동일 또는 유사명칭을 사용한 자
3. 제47조제1항의 규정을 위반하여 보고의무를 이행하지 아니하거나 거짓으로 이행한 자
4. 제77조제1항 또는 제3항의 규정에 따른 검사ㆍ시료수거ㆍ출입을 거부ㆍ방해ㆍ기피한 자, 업무에 관한 보고를 하지 아니하거나 거짓으로 보고한 자 또는 관계 물품ㆍ서류 등을 제출하지 아니하거나 거짓으로 제출한 자
②제1항의 규정에 따른 과태료는 대통령령으로 정하는 바에 따라 중앙행정기관의 장 또는 시ㆍ도지사가 부과ㆍ징수한다. <개정 2010.3.22>
③ 삭제 <2010.3.22>
④ 삭제 <2010.3.22>
⑤ 삭제 <2010.3.22>
⑥ 삭제 <2010.3.22>",https://www.law.go.kr/법령/소비자기본법
000354,방문판매 등에 관한 법률,법률,공정거래위원회,20250121,20250121,1,,목적,"제1조(목적) 이 법은 방문판매, 전화권유판매, 다단계판매, 후원방문판매, 계속거래 및 사업권유거래 등에 의한 재화 또는 용역의 공정한 거래에 관한 사항을 규정함으로써 소비자의 권익을 보호하고 시장의 신뢰도를 높여 국민경제의 건전한 발전에 이바지함을 목적으로 한다.",,"제1조(목적) 이 법은 방문판매, 전화권유판매, 다단계판매, 후원방문판매, 계속거래 및 사업권유거래 등에 의한 재화 또는 용역의 공정한 거래에 관한 사항을 규정함으로써 소비자의 권익을 보호하고 시장의 신뢰도를 높여 국민경제의 건전한 발전에 이바지함을 목적으로 한다.","법령명: 방문판매 등에 관한 법률
조문: 제1조 (목적)
내용: 제1조(목적) 이 법은 방문판매, 전화권유판매, 다단계판매, 후원방문판매, 계속거래 및 사업권유거래 등에 의한 재화 또는 용역의 공정한 거래에 관한 사항을 규정함으로써 소비자의 권익을 보호하고 시장의 신뢰도를 높여 국민경제의 건전한 발전에 이바지함을 목적으로 한다.",https://www.law.go.kr/법령/방문판매 등에 관한 법률
000354,방문판매 등에 관한 법률,법률,공정거래위원회,20250121,20250121,2,,정의,제2조(정의) 이 법에서 사용하는 용어의 뜻은 다음과 같다. <개정 2023.3.21>,"1. ""방문판매""란 재화 또는 용역(일정한 시설을 이용하거나 용역을 제공받을 수 있는 권리를 포함한다. 이하 같다)의 판매(위탁 및 중개를 포함한다. 이하 같다)를 업(業)으로 하는 자(이하 ""판매업자""라 한다)가 방문을 하는 방법으로 그의 영업소, 대리점, 그 밖에 총리령으로 정하는 영업 장소(이하 ""사업장""이라 한다) 외의 장소에서 소비자에게 권유하여 계약의 청약을 받거나 계약을 체결(사업장 외의 장소에서 권유 등 총리령으로 정하는 방법으로 소비자를 유인하여 사업장에서 계약의 청약을 받거나 계약을 체결하는 경우를 포함한다)하여 재화 또는 용역(이하 ""재화등""이라 한다)을 판매하는 것을 말한다.
2. ""방문판매자""란 방문판매를 업으로 하기 위하여 방문판매조직을 개설하거나 관리ㆍ운영하는 자(이하 ""방문판매업자""라 한다)와 방문판매업자를 대신하여 방문판매업무를 수행하는 자(이하 ""방문판매원""이라 한다)를 말한다.
3. ""전화권유판매""란 전화를 이용하여 소비자에게 권유를 하거나 전화회신을 유도하는 방법으로 재화등을 판매하는 것을 말한다.
4. ""전화권유판매자""란 전화권유판매를 업으로 하기 위하여 전화권유판매조직을 개설하거나 관리ㆍ운영하는 자(이하 ""전화권유판매업자""라 한다)와 전화권유판매업자를 대신하여 전화권유판매업무를 수행하는 자(이하 ""전화권유판매원""이라 한다)를 말한다.
5. ""다단계판매""란 다음 각 목의 요건을 모두 충족하는 판매조직(이하 ""다단계판매조직""이라 한다)을 통하여 재화등을 판매하는 것을 말한다.
가. 판매업자에 속한 판매원이 특정인을 해당 판매원의 하위 판매원으로 가입하도록 권유하는 모집방식이 있을 것
나. 가목에 따른 판매원의 가입이 3단계(다른 판매원의 권유를 통하지 아니하고 가입한 판매원을 1단계 판매원으로 한다. 이하 같다) 이상 단계적으로 이루어질 것. 다만, 판매원의 단계가 2단계 이하라고 하더라도 사실상 3단계 이상으로 관리ㆍ운영되는 경우로서 대통령령으로 정하는 경우를 포함한다.
다. 판매업자가 판매원에게 제9호나목 또는 다목에 해당하는 후원수당을 지급하는 방식을 가지고 있을 것
6. ""다단계판매자""란 다단계판매를 업으로 하기 위하여 다단계판매조직을 개설하거나 관리ㆍ운영하는 자(이하 ""다단계판매업자""라 한다)와 다단계판매조직에 판매원으로 가입한 자(이하 ""다단계판매원""이라 한다)를 말한다.
7. ""후원방문판매""란 제1호(다음 각 목의 어느 하나에 해당하는 자가 개설ㆍ운영하는 사이버몰에서 「전자문서 및 전자거래 기본법」 제2조제5호에 따른 전자거래의 방법으로 소비자에게 판매하는 경우를 포함한다) 및 제5호의 요건에 해당하되, 대통령령으로 정하는 바에 따라 특정 판매원의 구매ㆍ판매 등의 실적이 그 직근 상위판매원 1인의 후원수당에만 영향을 미치는 후원수당 지급방식을 가진 경우를 말한다. 이 경우 제1호의 방문판매 및 제5호의 다단계판매에는 해당하지 아니하는 것으로 한다.
가. 재화등을 생산하는 제8호에 따른 후원방문판매업자
나. 제8호에 따른 후원방문판매업자가 판매하는 재화등의 주된 공급자
8. ""후원방문판매자""란 후원방문판매를 업으로 하기 위한 조직(이하 ""후원방문판매조직""이라 한다)을 개설하거나 관리ㆍ운영하는 자(이하 ""후원방문판매업자""라 한다)와 후원방문판매조직에 판매원으로 가입한 자(이하 ""후원방문판매원""이라 한다)를 말한다.
9. ""후원수당""이란 판매수당, 알선 수수료, 장려금, 후원금 등 그 명칭 및 지급 형태와 상관없이 판매업자가 다음 각 목의 사항과 관련하여 소속 판매원에게 지급하는 경제적 이익을 말한다.
가. 판매원 자신의 재화등의 거래실적
나. 판매원의 수당에 영향을 미치는 다른 판매원들의 재화등의 거래실적
다. 판매원의 수당에 영향을 미치는 다른 판매원들의 조직관리 및 교육훈련 실적
라. 그 밖에 가목부터 다목까지의 규정 외에 판매원들의 판매활동을 장려하거나 보상하기 위하여 지급되는 일체의 경제적 이익
10. ""계속거래""란 1개월 이상에 걸쳐 계속적으로 또는 부정기적으로 재화등을 공급하는 계약으로서 중도에 해지할 경우 대금 환급의 제한 또는 위약금에 관한 약정이 있는 거래를 말한다.
11. ""사업권유거래""란 사업자가 소득 기회를 알선ㆍ제공하는 방법으로 거래 상대방을 유인하여 금품을 수수하거나 재화등을 구입하게 하는 거래를 말한다.
12. ""소비자""란 사업자가 제공하는 재화등을 소비생활을 위하여 사용하거나 이용하는 자 또는 대통령령으로 정하는 자를 말한다.
13. ""지배주주""란 다음 각 목의 어느 하나에 해당하는 자를 말한다.
가. 대통령령으로 정하는 특수관계인과 함께 소유하고 있는 주식 또는 출자액의 합계가 해당 법인의 발행주식총수 또는 출자총액의 100분의 30 이상인 경우로서 그 합계가 가장 많은 주주 또는 출자자
나. 해당 법인의 경영을 사실상 지배하는 자. 이 경우 사실상 지배의 구체적인 내용은 대통령령으로 정한다.","제2조(정의) 이 법에서 사용하는 용어의 뜻은 다음과 같다. <개정 2023.3.21>
1. ""방문판매""란 재화 또는 용역(일정한 시설을 이용하거나 용역을 제공받을 수 있는 권리를 포함한다. 이하 같다)의 판매(위탁 및 중개를 포함한다. 이하 같다)를 업(業)으로 하는 자(이하 ""판매업자""라 한다)가 방문을 하는 방법으로 그의 영업소, 대리점, 그 밖에 총리령으로 정하는 영업 장소(이하 ""사업장""이라 한다) 외의 장소에서 소비자에게 권유하여 계약의 청약을 받거나 계약을 체결(사업장 외의 장소에서 권유 등 총리령으로 정하는 방법으로 소비자를 유인하여 사업장에서 계약의 청약을 받거나 계약을 체결하는 경우를 포함한다)하여 재화 또는 용역(이하 ""재화등""이라 한다)을 판매하는 것을 말한다.
2. ""방문판매자""란 방문판매를 업으로 하기 위하여 방문판매조직을 개설하거나 관리ㆍ운영하는 자(이하 ""방문판매업자""라 한다)와 방문판매업자를 대신하여 방문판매업무를 수행하는 자(이하 ""방문판매원""이라 한다)를 말한다.
3. ""전화권유판매""란 전화를 이용하여 소비자에게 권유를 하거나 전화회신을 유도하는 방법으로 재화등을 판매하는 것을 말한다.
4. ""전화권유판매자""란 전화권유판매를 업으로 하기 위하여 전화권유판매조직을 개설하거나 관리ㆍ운영하는 자(이하 ""전화권유판매업자""라 한다)와 전화권유판매업자를 대신하여 전화권유판매업무를 수행하는 자(이하 ""전화권유판매원""이라 한다)를 말한다.
5. ""다단계판매""란 다음 각 목의 요건을 모두 충족하는 판매조직(이하 ""다단계판매조직""이라 한다)을 통하여 재화등을 판매하는 것을 말한다.
가. 판매업자에 속한 판매원이 특정인을 해당 판매원의 하위 판매원으로 가입하도록 권유하는 모집방식이 있을 것
나. 가목에 따른 판매원의 가입이 3단계(다른 판매원의 권유를 통하지 아니하고 가입한 판매원을 1단계 판매원으로 한다. 이하 같다) 이상 단계적으로 이루어질 것. 다만, 판매원의 단계가 2단계 이하라고 하더라도 사실상 3단계 이상으로 관리ㆍ운영되는 경우로서 대통령령으로 정하는 경우를 포함한다.
다. 판매업자가 판매원에게 제9호나목 또는 다목에 해당하는 후원수당을 지급하는 방식을 가지고 있을 것
6. ""다단계판매자""란 다단계판매를 업으로 하기 위하여 다단계판매조직을 개설하거나 관리ㆍ운영하는 자(이하 ""다단계판매업자""라 한다)와 다단계판매조직에 판매원으로 가입한 자(이하 ""다단계판매원""이라 한다)를 말한다.
7. ""후원방문판매""란 제1호(다음 각 목의 어느 하나에 해당하는 자가 개설ㆍ운영하는 사이버몰에서 「전자문서 및 전자거래 기본법」 제2조제5호에 따른 전자거래의 방법으로 소비자에게 판매하는 경우를 포함한다) 및 제5호의 요건에 해당하되, 대통령령으로 정하는 바에 따라 특정 판매원의 구매ㆍ판매 등의 실적이 그 직근 상위판매원 1인의 후원수당에만 영향을 미치는 후원수당 지급방식을 가진 경우를 말한다. 이 경우 제1호의 방문판매 및 제5호의 다단계판매에는 해당하지 아니하는 것으로 한다.
가. 재화등을 생산하는 제8호에 따른 후원방문판매업자
나. 제8호에 따른 후원방문판매업자가 판매하는 재화등의 주된 공급자
8. ""후원방문판매자""란 후원방문판매를 업으로 하기 위한 조직(이하 ""후원방문판매조직""이라 한다)을 개설하거나 관리ㆍ운영하는 자(이하 ""후원방문판매업자""라 한다)와 후원방문판매조직에 판매원으로 가입한 자(이하 ""후원방문판매원""이라 한다)를 말한다.
9. ""후원수당""이란 판매수당, 알선 수수료, 장려금, 후원금 등 그 명칭 및 지급 형태와 상관없이 판매업자가 다음 각 목의 사항과 관련하여 소속 판매원에게 지급하는 경제적 이익을 말한다.
가. 판매원 자신의 재화등의 거래실적
나. 판매원의 수당에 영향을 미치는 다른 판매원들의 재화등의 거래실적
다. 판매원의 수당에 영향을 미치는 다른 판매원들의 조직관리 및 교육훈련 실적
라. 그 밖에 가목부터 다목까지의 규정 외에 판매원들의 판매활동을 장려하거나 보상하기 위하여 지급되는 일체의 경제적 이익
10. ""계속거래""란 1개월 이상에 걸쳐 계속적으로 또는 부정기적으로 재화등을 공급하는 계약으로서 중도에 해지할 경우 대금 환급의 제한 또는 위약금에 관한 약정이 있는 거래를 말한다.
11. ""사업권유거래""란 사업자가 소득 기회를 알선ㆍ제공하는 방법으로 거래 상대방을 유인하여 금품을 수수하거나 재화등을 구입하게 하는 거래를 말한다.
12. ""소비자""란 사업자가 제공하는 재화등을 소비생활을 위하여 사용하거나 이용하는 자 또는 대통령령으로 정하는 자를 말한다.
13. ""지배주주""란 다음 각 목의 어느 하나에 해당하는 자를 말한다.
가. 대통령령으로 정하는 특수관계인과 함께 소유하고 있는 주식 또는 출자액의 합계가 해당 법인의 발행주식총수 또는 출자총액의 100분의 30 이상인 경우로서 그 합계가 가장 많은 주주 또는 출자자
나. 해당 법인의 경영을 사실상 지배하는 자. 이 경우 사실상 지배의 구체적인 내용은 대통령령으로 정한다.","법령명: 방문판매 등에 관한 법률
조문: 제2조 (정의)
내용: 제2조(정의) 이 법에서 사용하는 용어의 뜻은 다음과 같다. <개정 2023.3.21>
1. ""방문판매""란 재화 또는 용역(일정한 시설을 이용하거나 용역을 제공받을 수 있는 권리를 포함한다. 이하 같다)의 판매(위탁 및 중개를 포함한다. 이하 같다)를 업(業)으로 하는 자(이하 ""판매업자""라 한다)가 방문을 하는 방법으로 그의 영업소, 대리점, 그 밖에 총리령으로 정하는 영업 장소(이하 ""사업장""이라 한다) 외의 장소에서 소비자에게 권유하여 계약의 청약을 받거나 계약을 체결(사업장 외의 장소에서 권유 등 총리령으로 정하는 방법으로 소비자를 유인하여 사업장에서 계약의 청약을 받거나 계약을 체결하는 경우를 포함한다)하여 재화 또는 용역(이하 ""재화등""이라 한다)을 판매하는 것을 말한다.
2. ""방문판매자""란 방문판매를 업으로 하기 위하여 방문판매조직을 개설하거나 관리ㆍ운영하는 자(이하 ""방문판매업자""라 한다)와 방문판매업자를 대신하여 방문판매업무를 수행하는 자(이하 ""방문판매원""이라 한다)를 말한다.
3. ""전화권유판매""란 전화를 이용하여 소비자에게 권유를 하거나 전화회신을 유도하는 방법으로 재화등을 판매하는 것을 말한다.
4. ""전화권유판매자""란 전화권유판매를 업으로 하기 위하여 전화권유판매조직을 개설하거나 관리ㆍ운영하는 자(이하 ""전화권유판매업자""라 한다)와 전화권유판매업자를 대신하여 전화권유판매업무를 수행하는 자(이하 ""전화권유판매원""이라 한다)를 말한다.
5. ""다단계판매""란 다음 각 목의 요건을 모두 충족하는 판매조직(이하 ""다단계판매조직""이라 한다)을 통하여 재화등을 판매하는 것을 말한다.
가. 판매업자에 속한 판매원이 특정인을 해당 판매원의 하위 판매원으로 가입하도록 권유하는 모집방식이 있을 것
나. 가목에 따른 판매원의 가입이 3단계(다른 판매원의 권유를 통하지 아니하고 가입한 판매원을 1단계 판매원으로 한다. 이하 같다) 이상 단계적으로 이루어질 것. 다만, 판매원의 단계가 2단계 이하라고 하더라도 사실상 3단계 이상으로 관리ㆍ운영되는 경우로서 대통령령으로 정하는 경우를 포함한다.
다. 판매업자가 판매원에게 제9호나목 또는 다목에 해당하는 후원수당을 지급하는 방식을 가지고 있을 것
6. ""다단계판매자""란 다단계판매를 업으로 하기 위하여 다단계판매조직을 개설하거나 관리ㆍ운영하는 자(이하 ""다단계판매업자""라 한다)와 다단계판매조직에 판매원으로 가입한 자(이하 ""다단계판매원""이라 한다)를 말한다.
7. ""후원방문판매""란 제1호(다음 각 목의 어느 하나에 해당하는 자가 개설ㆍ운영하는 사이버몰에서 「전자문서 및 전자거래 기본법」 제2조제5호에 따른 전자거래의 방법으로 소비자에게 판매하는 경우를 포함한다) 및 제5호의 요건에 해당하되, 대통령령으로 정하는 바에 따라 특정 판매원의 구매ㆍ판매 등의 실적이 그 직근 상위판매원 1인의 후원수당에만 영향을 미치는 후원수당 지급방식을 가진 경우를 말한다. 이 경우 제1호의 방문판매 및 제5호의 다단계판매에는 해당하지 아니하는 것으로 한다.
가. 재화등을 생산하는 제8호에 따른 후원방문판매업자
나. 제8호에 따른 후원방문판매업자가 판매하는 재화등의 주된 공급자
8. ""후원방문판매자""란 후원방문판매를 업으로 하기 위한 조직(이하 ""후원방문판매조직""이라 한다)을 개설하거나 관리ㆍ운영하는 자(이하 ""후원방문판매업자""라 한다)와 후원방문판매조직에 판매원으로 가입한 자(이하 ""후원방문판매원""이라 한다)를 말한다.
9. ""후원수당""이란 판매수당, 알선 수수료, 장려금, 후원금 등 그 명칭 및 지급 형태와 상관없이 판매업자가 다음 각 목의 사항과 관련하여 소속 판매원에게 지급하는 경제적 이익을 말한다.
가. 판매원 자신의 재화등의 거래실적
나. 판매원의 수당에 영향을 미치는 다른 판매원들의 재화등의 거래실적
다. 판매원의 수당에 영향을 미치는 다른 판매원들의 조직관리 및 교육훈련 실적
라. 그 밖에 가목부터 다목까지의 규정 외에 판매원들의 판매활동을 장려하거나 보상하기 위하여 지급되는 일체의 경제적 이익
10. ""계속거래""란 1개월 이상에 걸쳐 계속적으로 또는 부정기적으로 재화등을 공급하는 계약으로서 중도에 해지할 경우 대금 환급의 제한 또는 위약금에 관한 약정이 있는 거래를 말한다.
11. ""사업권유거래""란 사업자가 소득 기회를 알선ㆍ제공하는 방법으로 거래 상대방을 유인하여 금품을 수수하거나 재화등을 구입하게 하는 거래를 말한다.
12. ""소비자""란 사업자가 제공하는 재화등을 소비생활을 위하여 사용하거나 이용하는 자 또는 대통령령으로 정하는 자를 말한다.
13. ""지배주주""란 다음 각 목의 어느 하나에 해당하는 자를 말한다.
가. 대통령령으로 정하는 특수관계인과 함께 소유하고 있는 주식 또는 출자액의 합계가 해당 법인의 발행주식총수 또는 출자총액의 100분의 30 이상인 경우로서 그 합계가 가장 많은 주주 또는 출자자
나. 해당 법인의 경영을 사실상 지배하는 자. 이 경우 사실상 지배의 구체적인 내용은 대통령령으로 정한다.",https://www.law.go.kr/법령/방문판매 등에 관한 법률
000354,방문판매 등에 관한 법률,법률,공정거래위원회,20250121,20250121,3,,적용 범위,제3조(적용 범위) 이 법은 다음 각 호의 거래에는 적용하지 아니한다. <개정 2021.12.7>,"1. 사업자(다단계판매원, 후원방문판매원 또는 사업권유거래의 상대방은 제외한다. 이하 이 호에서 같다)가 상행위를 목적으로 재화등을 구입하는 거래. 다만, 사업자가 사실상 소비자와 같은 지위에서 다른 소비자와 같은 거래조건으로 거래하는 경우는 제외한다.
2. 「금융소비자 보호에 관한 법률」 제2조제3호에 따른 금융상품판매업자와 같은 법 제3조에 따른 예금성 상품, 대출성 상품, 투자성 상품 및 보장성 상품에 관한 계약을 체결하기 위한 거래
3. 개인이 독립된 자격으로 공급하는 재화등의 거래로서 대통령령으로 정하는 거래","제3조(적용 범위) 이 법은 다음 각 호의 거래에는 적용하지 아니한다. <개정 2021.12.7>
1. 사업자(다단계판매원, 후원방문판매원 또는 사업권유거래의 상대방은 제외한다. 이하 이 호에서 같다)가 상행위를 목적으로 재화등을 구입하는 거래. 다만, 사업자가 사실상 소비자와 같은 지위에서 다른 소비자와 같은 거래조건으로 거래하는 경우는 제외한다.
2. 「금융소비자 보호에 관한 법률」 제2조제3호에 따른 금융상품판매업자와 같은 법 제3조에 따른 예금성 상품, 대출성 상품, 투자성 상품 및 보장성 상품에 관한 계약을 체결하기 위한 거래
3. 개인이 독립된 자격으로 공급하는 재화등의 거래로서 대통령령으로 정하는 거래","법령명: 방문판매 등에 관한 법률
조문: 제3조 (적용 범위)
내용: 제3조(적용 범위) 이 법은 다음 각 호의 거래에는 적용하지 아니한다. <개정 2021.12.7>
1. 사업자(다단계판매원, 후원방문판매원 또는 사업권유거래의 상대방은 제외한다. 이하 이 호에서 같다)가 상행위를 목적으로 재화등을 구입하는 거래. 다만, 사업자가 사실상 소비자와 같은 지위에서 다른 소비자와 같은 거래조건으로 거래하는 경우는 제외한다.
2. 「금융소비자 보호에 관한 법률」 제2조제3호에 따른 금융상품판매업자와 같은 법 제3조에 따른 예금성 상품, 대출성 상품, 투자성 상품 및 보장성 상품에 관한 계약을 체결하기 위한 거래
3. 개인이 독립된 자격으로 공급하는 재화등의 거래로서 대통령령으로 정하는 거래",https://www.law.go.kr/법령/방문판매 등에 관한 법률
000354,방문판매 등에 관한 법률,법률,공정거래위원회,20250121,20250121,4,,다른 법률과의 관계,제4조(다른 법률과의 관계),"① 방문판매, 전화권유판매, 다단계판매, 후원방문판매, 계속거래 및 사업권유거래(이하 ""특수판매""라 한다)에서의 소비자보호와 관련하여 이 법과 다른 법률이 경합하여 적용되는 경우에는 이 법을 우선 적용한다. 다만, 다른 법률을 적용하는 것이 소비자에게 유리한 경우에는 그 법률을 적용한다.
② 다른 법률에 이 법과는 다른 방법에 따른 계약서 발급의무 등이 규정되어 있는 거래에 대하여는 제7조ㆍ제16조 및 제30조에 따른 계약서 발급 의무에 관한 규정을 적용하지 아니한다.
③ 계속거래에 관하여 이 법에서 규정하고 있는 사항을 다른 법률에서 따로 정하고 있는 경우에는 그 법률을 적용한다.
④ 「할부거래에 관한 법률」 제2조제4호에 따른 선불식 할부거래 및 선불식 할부거래업자에 대하여는 제8조, 제9조, 제17조, 제18조 및 제37조를 적용하지 아니한다.","제4조(다른 법률과의 관계)
① 방문판매, 전화권유판매, 다단계판매, 후원방문판매, 계속거래 및 사업권유거래(이하 ""특수판매""라 한다)에서의 소비자보호와 관련하여 이 법과 다른 법률이 경합하여 적용되는 경우에는 이 법을 우선 적용한다. 다만, 다른 법률을 적용하는 것이 소비자에게 유리한 경우에는 그 법률을 적용한다.
② 다른 법률에 이 법과는 다른 방법에 따른 계약서 발급의무 등이 규정되어 있는 거래에 대하여는 제7조ㆍ제16조 및 제30조에 따른 계약서 발급 의무에 관한 규정을 적용하지 아니한다.
③ 계속거래에 관하여 이 법에서 규정하고 있는 사항을 다른 법률에서 따로 정하고 있는 경우에는 그 법률을 적용한다.
④ 「할부거래에 관한 법률」 제2조제4호에 따른 선불식 할부거래 및 선불식 할부거래업자에 대하여는 제8조, 제9조, 제17조, 제18조 및 제37조를 적용하지 아니한다.","법령명: 방문판매 등에 관한 법률
조문: 제4조 (다른 법률과의 관계)
내용: 제4조(다른 법률과의 관계)
① 방문판매, 전화권유판매, 다단계판매, 후원방문판매, 계속거래 및 사업권유거래(이하 ""특수판매""라 한다)에서의 소비자보호와 관련하여 이 법과 다른 법률이 경합하여 적용되는 경우에는 이 법을 우선 적용한다. 다만, 다른 법률을 적용하는 것이 소비자에게 유리한 경우에는 그 법률을 적용한다.
② 다른 법률에 이 법과는 다른 방법에 따른 계약서 발급의무 등이 규정되어 있는 거래에 대하여는 제7조ㆍ제16조 및 제30조에 따른 계약서 발급 의무에 관한 규정을 적용하지 아니한다.
③ 계속거래에 관하여 이 법에서 규정하고 있는 사항을 다른 법률에서 따로 정하고 있는 경우에는 그 법률을 적용한다.
④ 「할부거래에 관한 법률」 제2조제4호에 따른 선불식 할부거래 및 선불식 할부거래업자에 대하여는 제8조, 제9조, 제17조, 제18조 및 제37조를 적용하지 아니한다.",https://www.law.go.kr/법령/방문판매 등에 관한 법률
000354,방문판매 등에 관한 법률,법률,공정거래위원회,20250121,20250121,5,,방문판매업자등의 신고 등,제5조(방문판매업자등의 신고 등),"① 방문판매업자 또는 전화권유판매업자(이하 ""방문판매업자등""이라 한다)는 상호, 주소, 전화번호, 전자우편주소(법인인 경우에는 대표자의 성명, 주민등록번호 및 주소를 포함한다), 그 밖에 대통령령으로 정하는 사항을 대통령령으로 정하는 바에 따라 공정거래위원회 또는 특별자치시장ㆍ특별자치도지사ㆍ시장ㆍ군수ㆍ구청장(자치구의 구청장을 말한다. 이하 같다)에게 신고하여야 한다. 다만, 다음 각 호의 자는 그러하지 아니하다.
1. 방문판매원 또는 전화권유판매원(이하 ""방문판매원등""이라 한다)을 두지 아니하는 소규모 방문판매업자등 대통령령으로 정하는 방문판매업자등
2. 제13조제1항에 따라 등록한 다단계판매업자
3. 제29조제3항에 따라 등록한 후원방문판매업자
② 제1항에 따라 신고한 사항이 변경된 경우에는 대통령령으로 정하는 바에 따라 이를 신고하여야 한다.
③ 제1항에 따라 신고한 방문판매업자등은 휴업 또는 폐업을 하거나 휴업한 후 영업을 다시 시작할 때에는 대통령령으로 정하는 바에 따라 이를 신고하여야 한다.
④ 공정거래위원회는 제1항에 따라 방문판매업자등이 신고한 사항을 대통령령으로 정하는 바에 따라 공개할 수 있다.","제5조(방문판매업자등의 신고 등)
① 방문판매업자 또는 전화권유판매업자(이하 ""방문판매업자등""이라 한다)는 상호, 주소, 전화번호, 전자우편주소(법인인 경우에는 대표자의 성명, 주민등록번호 및 주소를 포함한다), 그 밖에 대통령령으로 정하는 사항을 대통령령으로 정하는 바에 따라 공정거래위원회 또는 특별자치시장ㆍ특별자치도지사ㆍ시장ㆍ군수ㆍ구청장(자치구의 구청장을 말한다. 이하 같다)에게 신고하여야 한다. 다만, 다음 각 호의 자는 그러하지 아니하다.
1. 방문판매원 또는 전화권유판매원(이하 ""방문판매원등""이라 한다)을 두지 아니하는 소규모 방문판매업자등 대통령령으로 정하는 방문판매업자등
2. 제13조제1항에 따라 등록한 다단계판매업자
3. 제29조제3항에 따라 등록한 후원방문판매업자
② 제1항에 따라 신고한 사항이 변경된 경우에는 대통령령으로 정하는 바에 따라 이를 신고하여야 한다.
③ 제1항에 따라 신고한 방문판매업자등은 휴업 또는 폐업을 하거나 휴업한 후 영업을 다시 시작할 때에는 대통령령으로 정하는 바에 따라 이를 신고하여야 한다.
④ 공정거래위원회는 제1항에 따라 방문판매업자등이 신고한 사항을 대통령령으로 정하는 바에 따라 공개할 수 있다.","법령명: 방문판매 등에 관한 법률
조문: 제5조 (방문판매업자등의 신고 등)
내용: 제5조(방문판매업자등의 신고 등)
① 방문판매업자 또는 전화권유판매업자(이하 ""방문판매업자등""이라 한다)는 상호, 주소, 전화번호, 전자우편주소(법인인 경우에는 대표자의 성명, 주민등록번호 및 주소를 포함한다), 그 밖에 대통령령으로 정하는 사항을 대통령령으로 정하는 바에 따라 공정거래위원회 또는 특별자치시장ㆍ특별자치도지사ㆍ시장ㆍ군수ㆍ구청장(자치구의 구청장을 말한다. 이하 같다)에게 신고하여야 한다. 다만, 다음 각 호의 자는 그러하지 아니하다.
1. 방문판매원 또는 전화권유판매원(이하 ""방문판매원등""이라 한다)을 두지 아니하는 소규모 방문판매업자등 대통령령으로 정하는 방문판매업자등
2. 제13조제1항에 따라 등록한 다단계판매업자
3. 제29조제3항에 따라 등록한 후원방문판매업자
② 제1항에 따라 신고한 사항이 변경된 경우에는 대통령령으로 정하는 바에 따라 이를 신고하여야 한다.
③ 제1항에 따라 신고한 방문판매업자등은 휴업 또는 폐업을 하거나 휴업한 후 영업을 다시 시작할 때에는 대통령령으로 정하는 바에 따라 이를 신고하여야 한다.
④ 공정거래위원회는 제1항에 따라 방문판매업자등이 신고한 사항을 대통령령으로 정하는 바에 따라 공개할 수 있다.",https://www.law.go.kr/법령/방문판매 등에 관한 법률
000354,방문판매 등에 관한 법률,법률,공정거래위원회,20250121,20250121,6,,방문판매원등의 명부 작성 등,제6조(방문판매원등의 명부 작성 등),"① 방문판매업자등은 총리령으로 정하는 바에 따라 방문판매원등의 명부를 작성하여야 한다.
② 방문판매업자등은 소비자피해를 방지하거나 구제하기 위하여 소비자가 요청하면 언제든지 소비자로 하여금 방문판매원등의 신원을 확인할 수 있도록 하여야 한다.
③ 방문판매자 또는 전화권유판매자(이하 ""방문판매자등""이라 한다)가 재화등을 판매하려는 경우에는 소비자에게 미리 해당 방문 또는 전화가 판매를 권유하기 위한 것이라는 점과 방문판매자등의 성명 또는 명칭, 판매하는 재화등의 종류 및 내용을 밝혀야 한다.","제6조(방문판매원등의 명부 작성 등)
① 방문판매업자등은 총리령으로 정하는 바에 따라 방문판매원등의 명부를 작성하여야 한다.
② 방문판매업자등은 소비자피해를 방지하거나 구제하기 위하여 소비자가 요청하면 언제든지 소비자로 하여금 방문판매원등의 신원을 확인할 수 있도록 하여야 한다.
③ 방문판매자 또는 전화권유판매자(이하 ""방문판매자등""이라 한다)가 재화등을 판매하려는 경우에는 소비자에게 미리 해당 방문 또는 전화가 판매를 권유하기 위한 것이라는 점과 방문판매자등의 성명 또는 명칭, 판매하는 재화등의 종류 및 내용을 밝혀야 한다.","법령명: 방문판매 등에 관한 법률
조문: 제6조 (방문판매원등의 명부 작성 등)
내용: 제6조(방문판매원등의 명부 작성 등)
① 방문판매업자등은 총리령으로 정하는 바에 따라 방문판매원등의 명부를 작성하여야 한다.
② 방문판매업자등은 소비자피해를 방지하거나 구제하기 위하여 소비자가 요청하면 언제든지 소비자로 하여금 방문판매원등의 신원을 확인할 수 있도록 하여야 한다.
③ 방문판매자 또는 전화권유판매자(이하 ""방문판매자등""이라 한다)가 재화등을 판매하려는 경우에는 소비자에게 미리 해당 방문 또는 전화가 판매를 권유하기 위한 것이라는 점과 방문판매자등의 성명 또는 명칭, 판매하는 재화등의 종류 및 내용을 밝혀야 한다.",https://www.law.go.kr/법령/방문판매 등에 관한 법률
000354,방문판매 등에 관한 법률,법률,공정거래위원회,20250121,20250121,7,,방문판매자등의 소비자에 대한 정보제공의무 등,제7조(방문판매자등의 소비자에 대한 정보제공의무 등),"① 방문판매자등은 재화등의 판매에 관한 계약을 체결하기 전에 소비자가 계약의 내용을 이해할 수 있도록 다음 각 호의 사항을 설명하여야 한다.
1. 방문판매업자등의 성명(법인인 경우에는 대표자의 성명을 말한다), 상호, 주소, 전화번호 및 전자우편주소
2. 방문판매원등의 성명, 주소, 전화번호 및 전자우편주소. 다만, 방문판매업자등이 소비자와 직접 계약을 체결하는 경우는 제외한다.
3. 재화등의 명칭, 종류 및 내용
4. 재화등의 가격과 그 지급의 방법 및 시기
5. 재화등을 공급하는 방법 및 시기
6. 청약의 철회 및 계약의 해제(이하 ""청약철회등""이라 한다)의 기한ㆍ행사방법ㆍ효과에 관한 사항 및 청약철회등의 권리 행사에 필요한 서식으로서 총리령으로 정하는 것
7. 재화등의 교환ㆍ반품ㆍ수리보증 및 그 대금 환불의 조건과 절차
8. 전자매체로 공급할 수 있는 재화등의 설치ㆍ전송 등과 관련하여 요구되는 기술적 사항
9. 소비자피해 보상, 재화등에 대한 불만 및 소비자와 사업자 사이의 분쟁 처리에 관한 사항
10. 거래에 관한 약관
11. 그 밖에 소비자의 구매 여부 판단에 영향을 주는 거래조건 또는 소비자피해 구제에 필요한 사항으로서 대통령령으로 정하는 사항
② 방문판매자등은 재화등의 판매에 관한 계약을 체결할 때에는 제1항 각 호의 사항을 적은 계약서를 소비자에게 발급하여야 한다.
③ 방문판매자등은 재화등의 계약을 미성년자와 체결하려는 경우에는 법정대리인의 동의를 받아야 한다. 이 경우 법정대리인의 동의를 받지 못하면 미성년자 본인 또는 법정대리인이 계약을 취소할 수 있음을 알려야 한다.
④ 제2항에 따른 계약서 중 전화권유판매에 관한 계약서의 경우에는 소비자의 동의를 받아 그 계약의 내용을 팩스나 전자문서(「전자문서 및 전자거래 기본법」 제2조제1호에 따른 전자문서를 말한다. 이하 같다)로 송부하는 것으로써 갈음할 수 있다. 이 경우 팩스나 전자문서로 송부한 계약서의 내용이나 도달에 관하여 다툼이 있으면 전화권유판매자가 이를 증명하여야 한다. <개정 2012.6.1>
⑤ 방문판매업자등은 제1항 및 제2항에 따라 소비자에게 설명하거나 표시한 거래조건을 신의에 좇아 성실하게 이행하여야 한다.","제7조(방문판매자등의 소비자에 대한 정보제공의무 등)
① 방문판매자등은 재화등의 판매에 관한 계약을 체결하기 전에 소비자가 계약의 내용을 이해할 수 있도록 다음 각 호의 사항을 설명하여야 한다.
1. 방문판매업자등의 성명(법인인 경우에는 대표자의 성명을 말한다), 상호, 주소, 전화번호 및 전자우편주소
2. 방문판매원등의 성명, 주소, 전화번호 및 전자우편주소. 다만, 방문판매업자등이 소비자와 직접 계약을 체결하는 경우는 제외한다.
3. 재화등의 명칭, 종류 및 내용
4. 재화등의 가격과 그 지급의 방법 및 시기
5. 재화등을 공급하는 방법 및 시기
6. 청약의 철회 및 계약의 해제(이하 ""청약철회등""이라 한다)의 기한ㆍ행사방법ㆍ효과에 관한 사항 및 청약철회등의 권리 행사에 필요한 서식으로서 총리령으로 정하는 것
7. 재화등의 교환ㆍ반품ㆍ수리보증 및 그 대금 환불의 조건과 절차
8. 전자매체로 공급할 수 있는 재화등의 설치ㆍ전송 등과 관련하여 요구되는 기술적 사항
9. 소비자피해 보상, 재화등에 대한 불만 및 소비자와 사업자 사이의 분쟁 처리에 관한 사항
10. 거래에 관한 약관
11. 그 밖에 소비자의 구매 여부 판단에 영향을 주는 거래조건 또는 소비자피해 구제에 필요한 사항으로서 대통령령으로 정하는 사항
② 방문판매자등은 재화등의 판매에 관한 계약을 체결할 때에는 제1항 각 호의 사항을 적은 계약서를 소비자에게 발급하여야 한다.
③ 방문판매자등은 재화등의 계약을 미성년자와 체결하려는 경우에는 법정대리인의 동의를 받아야 한다. 이 경우 법정대리인의 동의를 받지 못하면 미성년자 본인 또는 법정대리인이 계약을 취소할 수 있음을 알려야 한다.
④ 제2항에 따른 계약서 중 전화권유판매에 관한 계약서의 경우에는 소비자의 동의를 받아 그 계약의 내용을 팩스나 전자문서(「전자문서 및 전자거래 기본법」 제2조제1호에 따른 전자문서를 말한다. 이하 같다)로 송부하는 것으로써 갈음할 수 있다. 이 경우 팩스나 전자문서로 송부한 계약서의 내용이나 도달에 관하여 다툼이 있으면 전화권유판매자가 이를 증명하여야 한다. <개정 2012.6.1>
⑤ 방문판매업자등은 제1항 및 제2항에 따라 소비자에게 설명하거나 표시한 거래조건을 신의에 좇아 성실하게 이행하여야 한다.","법령명: 방문판매 등에 관한 법률
조문: 제7조 (방문판매자등의 소비자에 대한 정보제공의무 등)
내용: 제7조(방문판매자등의 소비자에 대한 정보제공의무 등)
① 방문판매자등은 재화등의 판매에 관한 계약을 체결하기 전에 소비자가 계약의 내용을 이해할 수 있도록 다음 각 호의 사항을 설명하여야 한다.
1. 방문판매업자등의 성명(법인인 경우에는 대표자의 성명을 말한다), 상호, 주소, 전화번호 및 전자우편주소
2. 방문판매원등의 성명, 주소, 전화번호 및 전자우편주소. 다만, 방문판매업자등이 소비자와 직접 계약을 체결하는 경우는 제외한다.
3. 재화등의 명칭, 종류 및 내용
4. 재화등의 가격과 그 지급의 방법 및 시기
5. 재화등을 공급하는 방법 및 시기
6. 청약의 철회 및 계약의 해제(이하 ""청약철회등""이라 한다)의 기한ㆍ행사방법ㆍ효과에 관한 사항 및 청약철회등의 권리 행사에 필요한 서식으로서 총리령으로 정하는 것
7. 재화등의 교환ㆍ반품ㆍ수리보증 및 그 대금 환불의 조건과 절차
8. 전자매체로 공급할 수 있는 재화등의 설치ㆍ전송 등과 관련하여 요구되는 기술적 사항
9. 소비자피해 보상, 재화등에 대한 불만 및 소비자와 사업자 사이의 분쟁 처리에 관한 사항
10. 거래에 관한 약관
11. 그 밖에 소비자의 구매 여부 판단에 영향을 주는 거래조건 또는 소비자피해 구제에 필요한 사항으로서 대통령령으로 정하는 사항
② 방문판매자등은 재화등의 판매에 관한 계약을 체결할 때에는 제1항 각 호의 사항을 적은 계약서를 소비자에게 발급하여야 한다.
③ 방문판매자등은 재화등의 계약을 미성년자와 체결하려는 경우에는 법정대리인의 동의를 받아야 한다. 이 경우 법정대리인의 동의를 받지 못하면 미성년자 본인 또는 법정대리인이 계약을 취소할 수 있음을 알려야 한다.
④ 제2항에 따른 계약서 중 전화권유판매에 관한 계약서의 경우에는 소비자의 동의를 받아 그 계약의 내용을 팩스나 전자문서(「전자문서 및 전자거래 기본법」 제2조제1호에 따른 전자문서를 말한다. 이하 같다)로 송부하는 것으로써 갈음할 수 있다. 이 경우 팩스나 전자문서로 송부한 계약서의 내용이나 도달에 관하여 다툼이 있으면 전화권유판매자가 이를 증명하여야 한다. <개정 2012.6.1>
⑤ 방문판매업자등은 제1항 및 제2항에 따라 소비자에게 설명하거나 표시한 거래조건을 신의에 좇아 성실하게 이행하여야 한다.",https://www.law.go.kr/법령/방문판매 등에 관한 법률
000354,방문판매 등에 관한 법률,법률,공정거래위원회,20250121,20250121,7,2,전화권유판매업자의 통화내용 보존 의무,제7조의2(전화권유판매업자의 통화내용 보존 의무),"① 제7조제1항에 따른 계약 중 전화권유판매에 관한 계약의 경우 전화권유판매업자는 소비자의 동의를 받아 통화내용 중 계약에 관한 사항을 계약일부터 3개월 이상 보존하여야 한다.
② 소비자는 전화권유판매업자가 제1항에 따라 보존하는 통화내용에 대하여 방문ㆍ전화ㆍ팩스 또는 전자우편 등의 방법으로 열람을 요청할 수 있으며, 전화권유판매업자는 그 요청에 따라야 한다.","제7조의2(전화권유판매업자의 통화내용 보존 의무)
① 제7조제1항에 따른 계약 중 전화권유판매에 관한 계약의 경우 전화권유판매업자는 소비자의 동의를 받아 통화내용 중 계약에 관한 사항을 계약일부터 3개월 이상 보존하여야 한다.
② 소비자는 전화권유판매업자가 제1항에 따라 보존하는 통화내용에 대하여 방문ㆍ전화ㆍ팩스 또는 전자우편 등의 방법으로 열람을 요청할 수 있으며, 전화권유판매업자는 그 요청에 따라야 한다.","법령명: 방문판매 등에 관한 법률
조문: 제7조의2 (전화권유판매업자의 통화내용 보존 의무)
내용: 제7조의2(전화권유판매업자의 통화내용 보존 의무)
① 제7조제1항에 따른 계약 중 전화권유판매에 관한 계약의 경우 전화권유판매업자는 소비자의 동의를 받아 통화내용 중 계약에 관한 사항을 계약일부터 3개월 이상 보존하여야 한다.
② 소비자는 전화권유판매업자가 제1항에 따라 보존하는 통화내용에 대하여 방문ㆍ전화ㆍ팩스 또는 전자우편 등의 방법으로 열람을 요청할 수 있으며, 전화권유판매업자는 그 요청에 따라야 한다.",https://www.law.go.kr/법령/방문판매 등에 관한 법률
000354,방문판매 등에 관한 법률,법률,공정거래위원회,20250121,20250121,8,,청약철회등,제8조(청약철회등),"① 방문판매 또는 전화권유판매(이하 ""방문판매등""이라 한다)의 방법으로 재화등의 구매에 관한 계약을 체결한 소비자는 다음 각 호의 기간(거래 당사자 사이에 다음 각 호의 기간보다 긴 기간으로 약정한 경우에는 그 기간) 이내에 그 계약에 관한 청약철회등을 할 수 있다.
1. 제7조제2항에 따른 계약서를 받은 날부터 14일. 다만, 그 계약서를 받은 날보다 재화등이 늦게 공급된 경우에는 재화등을 공급받거나 공급이 시작된 날부터 14일
2. 다음 각 목의 어느 하나의 경우에는 방문판매자등의 주소를 안 날 또는 알 수 있었던 날부터 14일
가. 제7조제2항에 따른 계약서를 받지 아니한 경우
나. 방문판매자등의 주소 등이 적혀 있지 아니한 계약서를 받은 경우
다. 방문판매자등의 주소 변경 등의 사유로 제1호에 따른 기간 이내에 청약철회등을 할 수 없는 경우
3. 제7조제2항에 따른 계약서에 청약철회등에 관한 사항이 적혀 있지 아니한 경우에는 청약철회등을 할 수 있음을 안 날 또는 알 수 있었던 날부터 14일
4. 방문판매업자등이 청약철회등을 방해한 경우에는 그 방해 행위가 종료한 날부터 14일
② 소비자는 다음 각 호의 어느 하나에 해당하는 경우에는 방문판매자등의 의사와 다르게 제1항에 따른 청약철회등을 할 수 없다. 다만, 방문판매자등이 제5항에 따른 조치를 하지 아니한 경우에는 제2호부터 제4호까지의 규정에 해당하더라도 청약철회등을 할 수 있다.
1. 소비자에게 책임이 있는 사유로 재화등이 멸실되거나 훼손된 경우. 다만, 재화등의 내용을 확인하기 위하여 포장 등을 훼손한 경우는 제외한다.
2. 소비자가 재화등을 사용하거나 일부 소비하여 그 가치가 현저히 낮아진 경우
3. 시간이 지남으로써 다시 판매하기 어려울 정도로 재화등의 가치가 현저히 낮아진 경우
4. 복제할 수 있는 재화등의 포장을 훼손한 경우
5. 그 밖에 거래의 안전을 위하여 대통령령으로 정하는 경우
③ 소비자는 제1항 또는 제2항에도 불구하고 재화등의 내용이 표시ㆍ광고의 내용과 다르거나 계약 내용과 다르게 이행된 경우에는 그 재화등을 공급받은 날부터 3개월 이내에, 그 사실을 안 날 또는 알 수 있었던 날부터 30일 이내에 청약철회등을 할 수 있다.
④ 제1항 또는 제3항에 따른 청약철회등을 서면으로 하는 경우에는 청약철회등의 의사를 표시한 서면을 발송한 날에 그 효력이 발생한다.
⑤ 방문판매자등은 제2항제2호부터 제4호까지의 규정에 따라 청약철회등을 할 수 없는 재화등의 경우에는 그 사실을 재화등의 포장이나 그 밖에 소비자가 쉽게 알 수 있는 곳에 분명하게 표시하거나 시용(試用) 상품을 제공하는 등의 방법으로 청약철회등의 권리행사가 방해받지 아니하도록 조치하여야 한다.","제8조(청약철회등)
① 방문판매 또는 전화권유판매(이하 ""방문판매등""이라 한다)의 방법으로 재화등의 구매에 관한 계약을 체결한 소비자는 다음 각 호의 기간(거래 당사자 사이에 다음 각 호의 기간보다 긴 기간으로 약정한 경우에는 그 기간) 이내에 그 계약에 관한 청약철회등을 할 수 있다.
1. 제7조제2항에 따른 계약서를 받은 날부터 14일. 다만, 그 계약서를 받은 날보다 재화등이 늦게 공급된 경우에는 재화등을 공급받거나 공급이 시작된 날부터 14일
2. 다음 각 목의 어느 하나의 경우에는 방문판매자등의 주소를 안 날 또는 알 수 있었던 날부터 14일
가. 제7조제2항에 따른 계약서를 받지 아니한 경우
나. 방문판매자등의 주소 등이 적혀 있지 아니한 계약서를 받은 경우
다. 방문판매자등의 주소 변경 등의 사유로 제1호에 따른 기간 이내에 청약철회등을 할 수 없는 경우
3. 제7조제2항에 따른 계약서에 청약철회등에 관한 사항이 적혀 있지 아니한 경우에는 청약철회등을 할 수 있음을 안 날 또는 알 수 있었던 날부터 14일
4. 방문판매업자등이 청약철회등을 방해한 경우에는 그 방해 행위가 종료한 날부터 14일
② 소비자는 다음 각 호의 어느 하나에 해당하는 경우에는 방문판매자등의 의사와 다르게 제1항에 따른 청약철회등을 할 수 없다. 다만, 방문판매자등이 제5항에 따른 조치를 하지 아니한 경우에는 제2호부터 제4호까지의 규정에 해당하더라도 청약철회등을 할 수 있다.
1. 소비자에게 책임이 있는 사유로 재화등이 멸실되거나 훼손된 경우. 다만, 재화등의 내용을 확인하기 위하여 포장 등을 훼손한 경우는 제외한다.
2. 소비자가 재화등을 사용하거나 일부 소비하여 그 가치가 현저히 낮아진 경우
3. 시간이 지남으로써 다시 판매하기 어려울 정도로 재화등의 가치가 현저히 낮아진 경우
4. 복제할 수 있는 재화등의 포장을 훼손한 경우
5. 그 밖에 거래의 안전을 위하여 대통령령으로 정하는 경우
③ 소비자는 제1항 또는 제2항에도 불구하고 재화등의 내용이 표시ㆍ광고의 내용과 다르거나 계약 내용과 다르게 이행된 경우에는 그 재화등을 공급받은 날부터 3개월 이내에, 그 사실을 안 날 또는 알 수 있었던 날부터 30일 이내에 청약철회등을 할 수 있다.
④ 제1항 또는 제3항에 따른 청약철회등을 서면으로 하는 경우에는 청약철회등의 의사를 표시한 서면을 발송한 날에 그 효력이 발생한다.
⑤ 방문판매자등은 제2항제2호부터 제4호까지의 규정에 따라 청약철회등을 할 수 없는 재화등의 경우에는 그 사실을 재화등의 포장이나 그 밖에 소비자가 쉽게 알 수 있는 곳에 분명하게 표시하거나 시용(試用) 상품을 제공하는 등의 방법으로 청약철회등의 권리행사가 방해받지 아니하도록 조치하여야 한다.","법령명: 방문판매 등에 관한 법률
조문: 제8조 (청약철회등)
내용: 제8조(청약철회등)
① 방문판매 또는 전화권유판매(이하 ""방문판매등""이라 한다)의 방법으로 재화등의 구매에 관한 계약을 체결한 소비자는 다음 각 호의 기간(거래 당사자 사이에 다음 각 호의 기간보다 긴 기간으로 약정한 경우에는 그 기간) 이내에 그 계약에 관한 청약철회등을 할 수 있다.
1. 제7조제2항에 따른 계약서를 받은 날부터 14일. 다만, 그 계약서를 받은 날보다 재화등이 늦게 공급된 경우에는 재화등을 공급받거나 공급이 시작된 날부터 14일
2. 다음 각 목의 어느 하나의 경우에는 방문판매자등의 주소를 안 날 또는 알 수 있었던 날부터 14일
가. 제7조제2항에 따른 계약서를 받지 아니한 경우
나. 방문판매자등의 주소 등이 적혀 있지 아니한 계약서를 받은 경우
다. 방문판매자등의 주소 변경 등의 사유로 제1호에 따른 기간 이내에 청약철회등을 할 수 없는 경우
3. 제7조제2항에 따른 계약서에 청약철회등에 관한 사항이 적혀 있지 아니한 경우에는 청약철회등을 할 수 있음을 안 날 또는 알 수 있었던 날부터 14일
4. 방문판매업자등이 청약철회등을 방해한 경우에는 그 방해 행위가 종료한 날부터 14일
② 소비자는 다음 각 호의 어느 하나에 해당하는 경우에는 방문판매자등의 의사와 다르게 제1항에 따른 청약철회등을 할 수 없다. 다만, 방문판매자등이 제5항에 따른 조치를 하지 아니한 경우에는 제2호부터 제4호까지의 규정에 해당하더라도 청약철회등을 할 수 있다.
1. 소비자에게 책임이 있는 사유로 재화등이 멸실되거나 훼손된 경우. 다만, 재화등의 내용을 확인하기 위하여 포장 등을 훼손한 경우는 제외한다.
2. 소비자가 재화등을 사용하거나 일부 소비하여 그 가치가 현저히 낮아진 경우
3. 시간이 지남으로써 다시 판매하기 어려울 정도로 재화등의 가치가 현저히 낮아진 경우
4. 복제할 수 있는 재화등의 포장을 훼손한 경우
5. 그 밖에 거래의 안전을 위하여 대통령령으로 정하는 경우
③ 소비자는 제1항 또는 제2항에도 불구하고 재화등의 내용이 표시ㆍ광고의 내용과 다르거나 계약 내용과 다르게 이행된 경우에는 그 재화등을 공급받은 날부터 3개월 이내에, 그 사실을 안 날 또는 알 수 있었던 날부터 30일 이내에 청약철회등을 할 수 있다.
④ 제1항 또는 제3항에 따른 청약철회등을 서면으로 하는 경우에는 청약철회등의 의사를 표시한 서면을 발송한 날에 그 효력이 발생한다.
⑤ 방문판매자등은 제2항제2호부터 제4호까지의 규정에 따라 청약철회등을 할 수 없는 재화등의 경우에는 그 사실을 재화등의 포장이나 그 밖에 소비자가 쉽게 알 수 있는 곳에 분명하게 표시하거나 시용(試用) 상품을 제공하는 등의 방법으로 청약철회등의 권리행사가 방해받지 아니하도록 조치하여야 한다.",https://www.law.go.kr/법령/방문판매 등에 관한 법률
000354,방문판매 등에 관한 법률,법률,공정거래위원회,20250121,20250121,9,,청약철회등의 효과,제9조(청약철회등의 효과),"① 소비자는 제8조제1항 또는 제3항에 따라 청약철회등을 한 경우에는 이미 공급받은 재화등을 반환하여야 한다.
② 방문판매자등(소비자로부터 재화등의 대금을 지급받은 자 및 소비자와 방문판매등에 관한 계약을 체결한 자를 포함한다. 이하 제2항부터 제8항까지의 규정에서 같다)은 재화등을 반환받은 날부터 3영업일 이내에 이미 지급받은 재화등의 대금을 환급하여야 한다. 이 경우 방문판매자등이 소비자에게 재화등의 대금의 환급을 지연하면 그 지연기간에 따라 연 100분의 40 이내의 범위에서 「은행법」에 따른 은행이 적용하는 연체금리 등 경제 사정을 고려하여 대통령령으로 정하는 이율을 곱하여 산정한 지연이자(이하 ""지연배상금""이라 한다)를 지급하여야 한다.
③ 방문판매자등은 제1항 및 제2항에 따라 재화등의 대금을 환급할 때 소비자가 「여신전문금융업법」 제2조제3호에 따른 신용카드나 그 밖에 대통령령으로 정하는 결제수단(이하 ""신용카드등""이라 한다)으로 재화등의 대금을 지급한 경우에는 지체 없이 그 신용카드등의 대금 결제수단을 제공한 사업자(이하 ""결제업자""라 한다)로 하여금 재화등의 대금 청구를 정지하거나 취소하도록 요청하여야 한다. 다만, 방문판매자등이 결제업자로부터 그 재화등의 대금을 이미 지급받은 경우에는 지체 없이 이를 결제업자에게 환급하고 그 사실을 소비자에게 알려야 한다.
④ 제3항 단서에 따라 방문판매자등으로부터 재화등의 대금을 환급받은 결제업자는 지체 없이 소비자에게 이를 환급하거나 환급에 필요한 조치를 하여야 한다.
⑤ 제3항 단서에 해당하는 방문판매자등 중 환급을 지연하여 소비자로 하여금 대금을 결제하게 한 방문판매자등은 그 지연기간에 대한 지연배상금을 소비자에게 지급하여야 한다.
⑥ 소비자는 방문판매자등이 정당한 사유 없이 결제업자에게 대금을 환급하지 아니하는 경우에는 환급받을 금액에 대하여 결제업자에게 그 방문판매자등에 대한 다른 채무와 상계(相計)할 것을 요청할 수 있다. 이 경우 결제업자는 대통령령으로 정하는 바에 따라 그 방문판매자등에 대한 다른 채무와 상계할 수 있다.
⑦ 소비자는 결제업자가 제6항에 따른 상계를 정당한 사유 없이 게을리한 경우 결제업자에 대하여 대금 결제를 거부할 수 있다. 이 경우 방문판매자등과 결제업자는 그 결제의 거부를 이유로 해당 소비자를 약정한 날짜 이내에 채무를 변제하지 아니한 자로 처리하는 등 소비자에게 불이익을 주는 행위를 하여서는 아니 된다.
⑧ 제1항의 경우 방문판매자등은 이미 재화등이 사용되거나 일부 소비된 경우에는 그 재화등을 사용하거나 일부 소비하여 소비자가 얻은 이익 또는 그 재화등의 공급에 든 비용에 상당하는 금액으로서 대통령령으로 정하는 범위의 금액을 지급할 것을 소비자에게 청구할 수 있다.
⑨ 제8조제1항 및 제3항에 따른 청약철회등의 경우 공급받은 재화등의 반환에 필요한 비용은 방문판매자등이 부담하며, 방문판매자등은 소비자에게 청약철회등을 이유로 위약금 또는 손해배상을 청구할 수 없다.
⑩ 방문판매자등, 재화등의 대금을 지급받은 자 또는 소비자와 방문판매등에 관한 계약을 체결한 자가 동일인이 아닌 경우 각자는 제8조제1항 및 제3항에서의 청약철회등에 따른 제1항부터 제9항까지의 규정에 따른 재화등의 대금 환급과 관련한 의무의 이행에 있어 연대하여 책임을 진다.","제9조(청약철회등의 효과)
① 소비자는 제8조제1항 또는 제3항에 따라 청약철회등을 한 경우에는 이미 공급받은 재화등을 반환하여야 한다.
② 방문판매자등(소비자로부터 재화등의 대금을 지급받은 자 및 소비자와 방문판매등에 관한 계약을 체결한 자를 포함한다. 이하 제2항부터 제8항까지의 규정에서 같다)은 재화등을 반환받은 날부터 3영업일 이내에 이미 지급받은 재화등의 대금을 환급하여야 한다. 이 경우 방문판매자등이 소비자에게 재화등의 대금의 환급을 지연하면 그 지연기간에 따라 연 100분의 40 이내의 범위에서 「은행법」에 따른 은행이 적용하는 연체금리 등 경제 사정을 고려하여 대통령령으로 정하는 이율을 곱하여 산정한 지연이자(이하 ""지연배상금""이라 한다)를 지급하여야 한다.
③ 방문판매자등은 제1항 및 제2항에 따라 재화등의 대금을 환급할 때 소비자가 「여신전문금융업법」 제2조제3호에 따른 신용카드나 그 밖에 대통령령으로 정하는 결제수단(이하 ""신용카드등""이라 한다)으로 재화등의 대금을 지급한 경우에는 지체 없이 그 신용카드등의 대금 결제수단을 제공한 사업자(이하 ""결제업자""라 한다)로 하여금 재화등의 대금 청구를 정지하거나 취소하도록 요청하여야 한다. 다만, 방문판매자등이 결제업자로부터 그 재화등의 대금을 이미 지급받은 경우에는 지체 없이 이를 결제업자에게 환급하고 그 사실을 소비자에게 알려야 한다.
④ 제3항 단서에 따라 방문판매자등으로부터 재화등의 대금을 환급받은 결제업자는 지체 없이 소비자에게 이를 환급하거나 환급에 필요한 조치를 하여야 한다.
⑤ 제3항 단서에 해당하는 방문판매자등 중 환급을 지연하여 소비자로 하여금 대금을 결제하게 한 방문판매자등은 그 지연기간에 대한 지연배상금을 소비자에게 지급하여야 한다.
⑥ 소비자는 방문판매자등이 정당한 사유 없이 결제업자에게 대금을 환급하지 아니하는 경우에는 환급받을 금액에 대하여 결제업자에게 그 방문판매자등에 대한 다른 채무와 상계(相計)할 것을 요청할 수 있다. 이 경우 결제업자는 대통령령으로 정하는 바에 따라 그 방문판매자등에 대한 다른 채무와 상계할 수 있다.
⑦ 소비자는 결제업자가 제6항에 따른 상계를 정당한 사유 없이 게을리한 경우 결제업자에 대하여 대금 결제를 거부할 수 있다. 이 경우 방문판매자등과 결제업자는 그 결제의 거부를 이유로 해당 소비자를 약정한 날짜 이내에 채무를 변제하지 아니한 자로 처리하는 등 소비자에게 불이익을 주는 행위를 하여서는 아니 된다.
⑧ 제1항의 경우 방문판매자등은 이미 재화등이 사용되거나 일부 소비된 경우에는 그 재화등을 사용하거나 일부 소비하여 소비자가 얻은 이익 또는 그 재화등의 공급에 든 비용에 상당하는 금액으로서 대통령령으로 정하는 범위의 금액을 지급할 것을 소비자에게 청구할 수 있다.
⑨ 제8조제1항 및 제3항에 따른 청약철회등의 경우 공급받은 재화등의 반환에 필요한 비용은 방문판매자등이 부담하며, 방문판매자등은 소비자에게 청약철회등을 이유로 위약금 또는 손해배상을 청구할 수 없다.
⑩ 방문판매자등, 재화등의 대금을 지급받은 자 또는 소비자와 방문판매등에 관한 계약을 체결한 자가 동일인이 아닌 경우 각자는 제8조제1항 및 제3항에서의 청약철회등에 따른 제1항부터 제9항까지의 규정에 따른 재화등의 대금 환급과 관련한 의무의 이행에 있어 연대하여 책임을 진다.","법령명: 방문판매 등에 관한 법률
조문: 제9조 (청약철회등의 효과)
내용: 제9조(청약철회등의 효과)
① 소비자는 제8조제1항 또는 제3항에 따라 청약철회등을 한 경우에는 이미 공급받은 재화등을 반환하여야 한다.
② 방문판매자등(소비자로부터 재화등의 대금을 지급받은 자 및 소비자와 방문판매등에 관한 계약을 체결한 자를 포함한다. 이하 제2항부터 제8항까지의 규정에서 같다)은 재화등을 반환받은 날부터 3영업일 이내에 이미 지급받은 재화등의 대금을 환급하여야 한다. 이 경우 방문판매자등이 소비자에게 재화등의 대금의 환급을 지연하면 그 지연기간에 따라 연 100분의 40 이내의 범위에서 「은행법」에 따른 은행이 적용하는 연체금리 등 경제 사정을 고려하여 대통령령으로 정하는 이율을 곱하여 산정한 지연이자(이하 ""지연배상금""이라 한다)를 지급하여야 한다.
③ 방문판매자등은 제1항 및 제2항에 따라 재화등의 대금을 환급할 때 소비자가 「여신전문금융업법」 제2조제3호에 따른 신용카드나 그 밖에 대통령령으로 정하는 결제수단(이하 ""신용카드등""이라 한다)으로 재화등의 대금을 지급한 경우에는 지체 없이 그 신용카드등의 대금 결제수단을 제공한 사업자(이하 ""결제업자""라 한다)로 하여금 재화등의 대금 청구를 정지하거나 취소하도록 요청하여야 한다. 다만, 방문판매자등이 결제업자로부터 그 재화등의 대금을 이미 지급받은 경우에는 지체 없이 이를 결제업자에게 환급하고 그 사실을 소비자에게 알려야 한다.
④ 제3항 단서에 따라 방문판매자등으로부터 재화등의 대금을 환급받은 결제업자는 지체 없이 소비자에게 이를 환급하거나 환급에 필요한 조치를 하여야 한다.
⑤ 제3항 단서에 해당하는 방문판매자등 중 환급을 지연하여 소비자로 하여금 대금을 결제하게 한 방문판매자등은 그 지연기간에 대한 지연배상금을 소비자에게 지급하여야 한다.
⑥ 소비자는 방문판매자등이 정당한 사유 없이 결제업자에게 대금을 환급하지 아니하는 경우에는 환급받을 금액에 대하여 결제업자에게 그 방문판매자등에 대한 다른 채무와 상계(相計)할 것을 요청할 수 있다. 이 경우 결제업자는 대통령령으로 정하는 바에 따라 그 방문판매자등에 대한 다른 채무와 상계할 수 있다.
⑦ 소비자는 결제업자가 제6항에 따른 상계를 정당한 사유 없이 게을리한 경우 결제업자에 대하여 대금 결제를 거부할 수 있다. 이 경우 방문판매자등과 결제업자는 그 결제의 거부를 이유로 해당 소비자를 약정한 날짜 이내에 채무를 변제하지 아니한 자로 처리하는 등 소비자에게 불이익을 주는 행위를 하여서는 아니 된다.
⑧ 제1항의 경우 방문판매자등은 이미 재화등이 사용되거나 일부 소비된 경우에는 그 재화등을 사용하거나 일부 소비하여 소비자가 얻은 이익 또는 그 재화등의 공급에 든 비용에 상당하는 금액으로서 대통령령으로 정하는 범위의 금액을 지급할 것을 소비자에게 청구할 수 있다.
⑨ 제8조제1항 및 제3항에 따른 청약철회등의 경우 공급받은 재화등의 반환에 필요한 비용은 방문판매자등이 부담하며, 방문판매자등은 소비자에게 청약철회등을 이유로 위약금 또는 손해배상을 청구할 수 없다.
⑩ 방문판매자등, 재화등의 대금을 지급받은 자 또는 소비자와 방문판매등에 관한 계약을 체결한 자가 동일인이 아닌 경우 각자는 제8조제1항 및 제3항에서의 청약철회등에 따른 제1항부터 제9항까지의 규정에 따른 재화등의 대금 환급과 관련한 의무의 이행에 있어 연대하여 책임을 진다.",https://www.law.go.kr/법령/방문판매 등에 관한 법률
000354,방문판매 등에 관한 법률,법률,공정거래위원회,20250121,20250121,10,,손해배상청구금액의 제한 등,제10조(손해배상청구금액의 제한 등),"① 소비자에게 책임이 있는 사유로 재화등의 판매에 관한 계약이 해제된 경우 방문판매자등이 소비자에게 청구하는 손해배상액은 다음 각 호에서 정한 금액에 대금 미납에 따른 지연배상금을 더한 금액을 초과할 수 없다.
1. 공급한 재화등이 반환된 경우에는 다음 각 목의 금액 중 큰 금액
가. 반환된 재화등의 통상 사용료액 또는 그 사용으로 통상 얻을 수 있는 이익에 상당하는 금액
나. 반환된 재화등의 판매가액에서 그 재화등이 반환된 당시의 가액을 뺀 금액
2. 공급한 재화등이 반환되지 아니한 경우에는 그 재화등의 판매가액에 상당하는 금액
② 공정거래위원회는 방문판매자등과 소비자 간의 손해배상청구에 따른 분쟁을 원활하게 해결하기 위하여 필요한 경우 제1항에 따른 손해배상액의 산정기준을 정하여 고시할 수 있다.","제10조(손해배상청구금액의 제한 등)
① 소비자에게 책임이 있는 사유로 재화등의 판매에 관한 계약이 해제된 경우 방문판매자등이 소비자에게 청구하는 손해배상액은 다음 각 호에서 정한 금액에 대금 미납에 따른 지연배상금을 더한 금액을 초과할 수 없다.
1. 공급한 재화등이 반환된 경우에는 다음 각 목의 금액 중 큰 금액
가. 반환된 재화등의 통상 사용료액 또는 그 사용으로 통상 얻을 수 있는 이익에 상당하는 금액
나. 반환된 재화등의 판매가액에서 그 재화등이 반환된 당시의 가액을 뺀 금액
2. 공급한 재화등이 반환되지 아니한 경우에는 그 재화등의 판매가액에 상당하는 금액
② 공정거래위원회는 방문판매자등과 소비자 간의 손해배상청구에 따른 분쟁을 원활하게 해결하기 위하여 필요한 경우 제1항에 따른 손해배상액의 산정기준을 정하여 고시할 수 있다.","법령명: 방문판매 등에 관한 법률
조문: 제10조 (손해배상청구금액의 제한 등)
내용: 제10조(손해배상청구금액의 제한 등)
① 소비자에게 책임이 있는 사유로 재화등의 판매에 관한 계약이 해제된 경우 방문판매자등이 소비자에게 청구하는 손해배상액은 다음 각 호에서 정한 금액에 대금 미납에 따른 지연배상금을 더한 금액을 초과할 수 없다.
1. 공급한 재화등이 반환된 경우에는 다음 각 목의 금액 중 큰 금액
가. 반환된 재화등의 통상 사용료액 또는 그 사용으로 통상 얻을 수 있는 이익에 상당하는 금액
나. 반환된 재화등의 판매가액에서 그 재화등이 반환된 당시의 가액을 뺀 금액
2. 공급한 재화등이 반환되지 아니한 경우에는 그 재화등의 판매가액에 상당하는 금액
② 공정거래위원회는 방문판매자등과 소비자 간의 손해배상청구에 따른 분쟁을 원활하게 해결하기 위하여 필요한 경우 제1항에 따른 손해배상액의 산정기준을 정하여 고시할 수 있다.",https://www.law.go.kr/법령/방문판매 등에 관한 법률
000354,방문판매 등에 관한 법률,법률,공정거래위원회,20250121,20250121,11,,금지행위,제11조(금지행위),"① 방문판매자등은 다음 각 호의 어느 하나에 해당하는 행위를 하여서는 아니 된다.
1. 재화등의 판매에 관한 계약의 체결을 강요하거나 청약철회등 또는 계약 해지를 방해할 목적으로 소비자를 위협하는 행위
2. 거짓 또는 과장된 사실을 알리거나 기만적 방법을 사용하여 소비자를 유인 또는 거래하거나 청약철회등 또는 계약 해지를 방해하는 행위
3. 방문판매원등이 되기 위한 조건 또는 방문판매원등의 자격을 유지하기 위한 조건으로서 방문판매원등 또는 방문판매원등이 되려는 자에게 가입비, 판매 보조 물품, 개인 할당 판매액, 교육비 등 그 명칭이나 형태와 상관없이 대통령령으로 정하는 수준을 초과한 비용 또는 그 밖의 금품을 징수하거나 재화 등을 구매하게 하는 등 의무를 지게 하는 행위
4. 방문판매원등에게 다른 방문판매원등을 모집할 의무를 지게 하는 행위
5. 청약철회등이나 계약 해지를 방해할 목적으로 주소ㆍ전화번호 등을 변경하는 행위
6. 분쟁이나 불만 처리에 필요한 인력 또는 설비가 부족한 상태를 상당 기간 방치하여 소비자에게 피해를 주는 행위
7. 소비자의 청약 없이 일방적으로 재화등을 공급하고 재화등의 대금을 청구하는 행위
8. 소비자가 재화를 구매하거나 용역을 제공받을 의사가 없음을 밝혔음에도 불구하고 전화, 팩스, 컴퓨터통신 등을 통하여 재화를 구매하거나 용역을 제공받도록 강요하는 행위
9. 본인의 허락을 받지 아니하거나 허락받은 범위를 넘어 소비자에 관한 정보를 이용(제3자에게 제공하는 경우를 포함한다. 이하 같다)하는 행위. 다만, 다음 각 목의 어느 하나에 해당하는 경우는 제외한다.
가. 재화등의 배송 등 소비자와의 계약을 이행하기 위하여 불가피한 경우로서 대통령령으로 정하는 경우
나. 재화등의 거래에 따른 대금을 정산하기 위하여 필요한 경우
다. 도용을 방지하기 위하여 본인임을 확인할 때 필요한 경우로서 대통령령으로 정하는 경우
라. 법률의 규정 또는 법률에 따라 필요한 불가피한 사유가 있는 경우
② 공정거래위원회는 이 법 위반행위의 방지 및 소비자피해의 예방을 위하여 방문판매자등이 지켜야 할 기준을 정하여 고시할 수 있다.","제11조(금지행위)
① 방문판매자등은 다음 각 호의 어느 하나에 해당하는 행위를 하여서는 아니 된다.
1. 재화등의 판매에 관한 계약의 체결을 강요하거나 청약철회등 또는 계약 해지를 방해할 목적으로 소비자를 위협하는 행위
2. 거짓 또는 과장된 사실을 알리거나 기만적 방법을 사용하여 소비자를 유인 또는 거래하거나 청약철회등 또는 계약 해지를 방해하는 행위
3. 방문판매원등이 되기 위한 조건 또는 방문판매원등의 자격을 유지하기 위한 조건으로서 방문판매원등 또는 방문판매원등이 되려는 자에게 가입비, 판매 보조 물품, 개인 할당 판매액, 교육비 등 그 명칭이나 형태와 상관없이 대통령령으로 정하는 수준을 초과한 비용 또는 그 밖의 금품을 징수하거나 재화 등을 구매하게 하는 등 의무를 지게 하는 행위
4. 방문판매원등에게 다른 방문판매원등을 모집할 의무를 지게 하는 행위
5. 청약철회등이나 계약 해지를 방해할 목적으로 주소ㆍ전화번호 등을 변경하는 행위
6. 분쟁이나 불만 처리에 필요한 인력 또는 설비가 부족한 상태를 상당 기간 방치하여 소비자에게 피해를 주는 행위
7. 소비자의 청약 없이 일방적으로 재화등을 공급하고 재화등의 대금을 청구하는 행위
8. 소비자가 재화를 구매하거나 용역을 제공받을 의사가 없음을 밝혔음에도 불구하고 전화, 팩스, 컴퓨터통신 등을 통하여 재화를 구매하거나 용역을 제공받도록 강요하는 행위
9. 본인의 허락을 받지 아니하거나 허락받은 범위를 넘어 소비자에 관한 정보를 이용(제3자에게 제공하는 경우를 포함한다. 이하 같다)하는 행위. 다만, 다음 각 목의 어느 하나에 해당하는 경우는 제외한다.
가. 재화등의 배송 등 소비자와의 계약을 이행하기 위하여 불가피한 경우로서 대통령령으로 정하는 경우
나. 재화등의 거래에 따른 대금을 정산하기 위하여 필요한 경우
다. 도용을 방지하기 위하여 본인임을 확인할 때 필요한 경우로서 대통령령으로 정하는 경우
라. 법률의 규정 또는 법률에 따라 필요한 불가피한 사유가 있는 경우
② 공정거래위원회는 이 법 위반행위의 방지 및 소비자피해의 예방을 위하여 방문판매자등이 지켜야 할 기준을 정하여 고시할 수 있다.","법령명: 방문판매 등에 관한 법률
조문: 제11조 (금지행위)
내용: 제11조(금지행위)
① 방문판매자등은 다음 각 호의 어느 하나에 해당하는 행위를 하여서는 아니 된다.
1. 재화등의 판매에 관한 계약의 체결을 강요하거나 청약철회등 또는 계약 해지를 방해할 목적으로 소비자를 위협하는 행위
2. 거짓 또는 과장된 사실을 알리거나 기만적 방법을 사용하여 소비자를 유인 또는 거래하거나 청약철회등 또는 계약 해지를 방해하는 행위
3. 방문판매원등이 되기 위한 조건 또는 방문판매원등의 자격을 유지하기 위한 조건으로서 방문판매원등 또는 방문판매원등이 되려는 자에게 가입비, 판매 보조 물품, 개인 할당 판매액, 교육비 등 그 명칭이나 형태와 상관없이 대통령령으로 정하는 수준을 초과한 비용 또는 그 밖의 금품을 징수하거나 재화 등을 구매하게 하는 등 의무를 지게 하는 행위
4. 방문판매원등에게 다른 방문판매원등을 모집할 의무를 지게 하는 행위
5. 청약철회등이나 계약 해지를 방해할 목적으로 주소ㆍ전화번호 등을 변경하는 행위
6. 분쟁이나 불만 처리에 필요한 인력 또는 설비가 부족한 상태를 상당 기간 방치하여 소비자에게 피해를 주는 행위
7. 소비자의 청약 없이 일방적으로 재화등을 공급하고 재화등의 대금을 청구하는 행위
8. 소비자가 재화를 구매하거나 용역을 제공받을 의사가 없음을 밝혔음에도 불구하고 전화, 팩스, 컴퓨터통신 등을 통하여 재화를 구매하거나 용역을 제공받도록 강요하는 행위
9. 본인의 허락을 받지 아니하거나 허락받은 범위를 넘어 소비자에 관한 정보를 이용(제3자에게 제공하는 경우를 포함한다. 이하 같다)하는 행위. 다만, 다음 각 목의 어느 하나에 해당하는 경우는 제외한다.
가. 재화등의 배송 등 소비자와의 계약을 이행하기 위하여 불가피한 경우로서 대통령령으로 정하는 경우
나. 재화등의 거래에 따른 대금을 정산하기 위하여 필요한 경우
다. 도용을 방지하기 위하여 본인임을 확인할 때 필요한 경우로서 대통령령으로 정하는 경우
라. 법률의 규정 또는 법률에 따라 필요한 불가피한 사유가 있는 경우
② 공정거래위원회는 이 법 위반행위의 방지 및 소비자피해의 예방을 위하여 방문판매자등이 지켜야 할 기준을 정하여 고시할 수 있다.",https://www.law.go.kr/법령/방문판매 등에 관한 법률
000354,방문판매 등에 관한 법률,법률,공정거래위원회,20250121,20250121,12,,방문판매자등의 휴업기간 중 업무처리 등,제12조(방문판매자등의 휴업기간 중 업무처리 등),"① 방문판매자등은 그 휴업기간 또는 영업정지기간 중에도 제8조제1항 및 제3항에 따른 청약철회등의 업무와 제9조제1항부터 제9항까지의 규정에 따른 청약철회등에 따른 업무를 계속하여야 한다.
② 방문판매업자등이 파산선고를 받거나 관할 세무서에 폐업신고를 한 경우 또는 6개월을 초과하여 영업을 하지 아니하는 등 실질적으로 영업을 할 수 없다고 판단되는 경우에는 공정거래위원회 또는 특별자치시장ㆍ특별자치도지사ㆍ시장ㆍ군수ㆍ구청장은 직권으로 해당 방문판매업등의 신고 사항을 말소할 수 있다.","제12조(방문판매자등의 휴업기간 중 업무처리 등)
① 방문판매자등은 그 휴업기간 또는 영업정지기간 중에도 제8조제1항 및 제3항에 따른 청약철회등의 업무와 제9조제1항부터 제9항까지의 규정에 따른 청약철회등에 따른 업무를 계속하여야 한다.
② 방문판매업자등이 파산선고를 받거나 관할 세무서에 폐업신고를 한 경우 또는 6개월을 초과하여 영업을 하지 아니하는 등 실질적으로 영업을 할 수 없다고 판단되는 경우에는 공정거래위원회 또는 특별자치시장ㆍ특별자치도지사ㆍ시장ㆍ군수ㆍ구청장은 직권으로 해당 방문판매업등의 신고 사항을 말소할 수 있다.","법령명: 방문판매 등에 관한 법률
조문: 제12조 (방문판매자등의 휴업기간 중 업무처리 등)
내용: 제12조(방문판매자등의 휴업기간 중 업무처리 등)
① 방문판매자등은 그 휴업기간 또는 영업정지기간 중에도 제8조제1항 및 제3항에 따른 청약철회등의 업무와 제9조제1항부터 제9항까지의 규정에 따른 청약철회등에 따른 업무를 계속하여야 한다.
② 방문판매업자등이 파산선고를 받거나 관할 세무서에 폐업신고를 한 경우 또는 6개월을 초과하여 영업을 하지 아니하는 등 실질적으로 영업을 할 수 없다고 판단되는 경우에는 공정거래위원회 또는 특별자치시장ㆍ특별자치도지사ㆍ시장ㆍ군수ㆍ구청장은 직권으로 해당 방문판매업등의 신고 사항을 말소할 수 있다.",https://www.law.go.kr/법령/방문판매 등에 관한 법률
000354,방문판매 등에 관한 법률,법률,공정거래위원회,20250121,20250121,13,,다단계판매업자의 등록 등,제13조(다단계판매업자의 등록 등),"① 다단계판매업자는 대통령령으로 정하는 바에 따라 다음 각 호의 서류를 갖추어 공정거래위원회 또는 특별시장ㆍ광역시장ㆍ특별자치시장ㆍ도지사ㆍ특별자치도지사(이하 ""시ㆍ도지사""라 한다)에게 등록하여야 한다.
1. 상호ㆍ주소, 전화번호 및 전자우편주소(법인인 경우에는 대표자의 성명, 주민등록번호 및 주소를 포함한다) 등을 적은 신청서
2. 자본금이 3억원 이상으로서 대통령령으로 정하는 규모 이상임을 증명하는 서류
3. 제37조에 따른 소비자피해보상보험계약등의 체결 증명서류
4. 후원수당의 산정 및 지급 기준에 관한 서류
5. 재고관리, 후원수당 지급 등 판매의 방법에 관한 사항을 적은 서류
6. 그 밖에 다단계판매자의 신원을 확인하기 위하여 필요한 사항으로서 총리령으로 정하는 서류
② 다단계판매업자는 제1항에 따라 등록한 사항 중 같은 항 제1호부터 제4호까지의 사항이 변경된 경우에는 대통령령으로 정하는 바에 따라 신고하여야 한다.
③ 다단계판매업자는 휴업 또는 폐업을 하거나 휴업 후 영업을 다시 시작할 때에는 대통령령으로 정하는 바에 따라 이를 신고하여야 하며, 폐업을 신고하면 제1항에 따른 등록은 그 효력을 잃는다. 다만, 폐업신고 전 등록취소 요건에 해당되는 경우에는 폐업신고일에 등록이 취소된 것으로 본다.
④ 공정거래위원회 또는 시ㆍ도지사는 제2항에 따른 변경신고를 받은 날부터 10일 이내에 신고수리 여부를 신고인에게 통지하여야 한다. <신설 2021.4.20>
⑤ 공정거래위원회 또는 시ㆍ도지사가 제4항에서 정한 기간 내에 신고수리 여부 또는 민원 처리 관련 법령에 따른 처리기간의 연장을 신고인에게 통지하지 아니하면 그 기간(민원 처리 관련 법령에 따라 처리기간이 연장 또는 재연장된 경우에는 해당 처리기간을 말한다)이 끝난 날의 다음 날에 신고를 수리한 것으로 본다. <신설 2021.4.20>
⑥ 공정거래위원회는 다단계판매업자에 대한 다음 각 호의 정보를 대통령령으로 정하는 바에 따라 공개하여야 한다. 다만, 다단계판매업자의 경영상ㆍ영업상 비밀에 관한 사항으로서 공개될 경우 다단계판매업자의 정당한 이익을 현저히 해칠 우려가 있다고 인정되는 정보 및 개인에 관한 사항으로서 공개될 경우 사생활의 비밀 또는 자유를 침해할 우려가 있다고 인정되는 정보의 경우에는 그러하지 아니하다. <개정 2021.4.20>
1. 제1항에 따라 등록한 사항
2. 그 밖에 공정거래위원회가 공정거래질서 확립 및 소비자보호를 위하여 필요하다고 인정하는 사항
⑦ 공정거래위원회는 제6항에 따른 정보 공개를 위하여 필요한 경우에는 다단계판매업자에게 관련 자료의 제출을 요구할 수 있다. 이 경우 다단계판매업자는 정당한 사유가 없으면 이에 따라야 한다. <개정 2021.4.20>","제13조(다단계판매업자의 등록 등)
① 다단계판매업자는 대통령령으로 정하는 바에 따라 다음 각 호의 서류를 갖추어 공정거래위원회 또는 특별시장ㆍ광역시장ㆍ특별자치시장ㆍ도지사ㆍ특별자치도지사(이하 ""시ㆍ도지사""라 한다)에게 등록하여야 한다.
1. 상호ㆍ주소, 전화번호 및 전자우편주소(법인인 경우에는 대표자의 성명, 주민등록번호 및 주소를 포함한다) 등을 적은 신청서
2. 자본금이 3억원 이상으로서 대통령령으로 정하는 규모 이상임을 증명하는 서류
3. 제37조에 따른 소비자피해보상보험계약등의 체결 증명서류
4. 후원수당의 산정 및 지급 기준에 관한 서류
5. 재고관리, 후원수당 지급 등 판매의 방법에 관한 사항을 적은 서류
6. 그 밖에 다단계판매자의 신원을 확인하기 위하여 필요한 사항으로서 총리령으로 정하는 서류
② 다단계판매업자는 제1항에 따라 등록한 사항 중 같은 항 제1호부터 제4호까지의 사항이 변경된 경우에는 대통령령으로 정하는 바에 따라 신고하여야 한다.
③ 다단계판매업자는 휴업 또는 폐업을 하거나 휴업 후 영업을 다시 시작할 때에는 대통령령으로 정하는 바에 따라 이를 신고하여야 하며, 폐업을 신고하면 제1항에 따른 등록은 그 효력을 잃는다. 다만, 폐업신고 전 등록취소 요건에 해당되는 경우에는 폐업신고일에 등록이 취소된 것으로 본다.
④ 공정거래위원회 또는 시ㆍ도지사는 제2항에 따른 변경신고를 받은 날부터 10일 이내에 신고수리 여부를 신고인에게 통지하여야 한다. <신설 2021.4.20>
⑤ 공정거래위원회 또는 시ㆍ도지사가 제4항에서 정한 기간 내에 신고수리 여부 또는 민원 처리 관련 법령에 따른 처리기간의 연장을 신고인에게 통지하지 아니하면 그 기간(민원 처리 관련 법령에 따라 처리기간이 연장 또는 재연장된 경우에는 해당 처리기간을 말한다)이 끝난 날의 다음 날에 신고를 수리한 것으로 본다. <신설 2021.4.20>
⑥ 공정거래위원회는 다단계판매업자에 대한 다음 각 호의 정보를 대통령령으로 정하는 바에 따라 공개하여야 한다. 다만, 다단계판매업자의 경영상ㆍ영업상 비밀에 관한 사항으로서 공개될 경우 다단계판매업자의 정당한 이익을 현저히 해칠 우려가 있다고 인정되는 정보 및 개인에 관한 사항으로서 공개될 경우 사생활의 비밀 또는 자유를 침해할 우려가 있다고 인정되는 정보의 경우에는 그러하지 아니하다. <개정 2021.4.20>
1. 제1항에 따라 등록한 사항
2. 그 밖에 공정거래위원회가 공정거래질서 확립 및 소비자보호를 위하여 필요하다고 인정하는 사항
⑦ 공정거래위원회는 제6항에 따른 정보 공개를 위하여 필요한 경우에는 다단계판매업자에게 관련 자료의 제출을 요구할 수 있다. 이 경우 다단계판매업자는 정당한 사유가 없으면 이에 따라야 한다. <개정 2021.4.20>","법령명: 방문판매 등에 관한 법률
조문: 제13조 (다단계판매업자의 등록 등)
내용: 제13조(다단계판매업자의 등록 등)
① 다단계판매업자는 대통령령으로 정하는 바에 따라 다음 각 호의 서류를 갖추어 공정거래위원회 또는 특별시장ㆍ광역시장ㆍ특별자치시장ㆍ도지사ㆍ특별자치도지사(이하 ""시ㆍ도지사""라 한다)에게 등록하여야 한다.
1. 상호ㆍ주소, 전화번호 및 전자우편주소(법인인 경우에는 대표자의 성명, 주민등록번호 및 주소를 포함한다) 등을 적은 신청서
2. 자본금이 3억원 이상으로서 대통령령으로 정하는 규모 이상임을 증명하는 서류
3. 제37조에 따른 소비자피해보상보험계약등의 체결 증명서류
4. 후원수당의 산정 및 지급 기준에 관한 서류
5. 재고관리, 후원수당 지급 등 판매의 방법에 관한 사항을 적은 서류
6. 그 밖에 다단계판매자의 신원을 확인하기 위하여 필요한 사항으로서 총리령으로 정하는 서류
② 다단계판매업자는 제1항에 따라 등록한 사항 중 같은 항 제1호부터 제4호까지의 사항이 변경된 경우에는 대통령령으로 정하는 바에 따라 신고하여야 한다.
③ 다단계판매업자는 휴업 또는 폐업을 하거나 휴업 후 영업을 다시 시작할 때에는 대통령령으로 정하는 바에 따라 이를 신고하여야 하며, 폐업을 신고하면 제1항에 따른 등록은 그 효력을 잃는다. 다만, 폐업신고 전 등록취소 요건에 해당되는 경우에는 폐업신고일에 등록이 취소된 것으로 본다.
④ 공정거래위원회 또는 시ㆍ도지사는 제2항에 따른 변경신고를 받은 날부터 10일 이내에 신고수리 여부를 신고인에게 통지하여야 한다. <신설 2021.4.20>
⑤ 공정거래위원회 또는 시ㆍ도지사가 제4항에서 정한 기간 내에 신고수리 여부 또는 민원 처리 관련 법령에 따른 처리기간의 연장을 신고인에게 통지하지 아니하면 그 기간(민원 처리 관련 법령에 따라 처리기간이 연장 또는 재연장된 경우에는 해당 처리기간을 말한다)이 끝난 날의 다음 날에 신고를 수리한 것으로 본다. <신설 2021.4.20>
⑥ 공정거래위원회는 다단계판매업자에 대한 다음 각 호의 정보를 대통령령으로 정하는 바에 따라 공개하여야 한다. 다만, 다단계판매업자의 경영상ㆍ영업상 비밀에 관한 사항으로서 공개될 경우 다단계판매업자의 정당한 이익을 현저히 해칠 우려가 있다고 인정되는 정보 및 개인에 관한 사항으로서 공개될 경우 사생활의 비밀 또는 자유를 침해할 우려가 있다고 인정되는 정보의 경우에는 그러하지 아니하다. <개정 2021.4.20>
1. 제1항에 따라 등록한 사항
2. 그 밖에 공정거래위원회가 공정거래질서 확립 및 소비자보호를 위하여 필요하다고 인정하는 사항
⑦ 공정거래위원회는 제6항에 따른 정보 공개를 위하여 필요한 경우에는 다단계판매업자에게 관련 자료의 제출을 요구할 수 있다. 이 경우 다단계판매업자는 정당한 사유가 없으면 이에 따라야 한다. <개정 2021.4.20>",https://www.law.go.kr/법령/방문판매 등에 관한 법률
000354,방문판매 등에 관한 법률,법률,공정거래위원회,20250121,20250121,14,,결격사유,"제14조(결격사유) 다음 각 호의 어느 하나에 해당하는 개인 또는 법인은 제13조에 따른 등록을 할 수 없다. <개정 2016.3.29, 2023.7.11>","1. 다음 각 목의 어느 하나에 해당하는 개인 또는 그 개인이 임원으로 있는 법인
가. 미성년자ㆍ피한정후견인 또는 피성년후견인
나. 파산선고를 받고 복권되지 아니한 자
다. 이 법을 위반하여 징역형을 선고받고 그 집행이 끝나거나(집행이 끝난 것으로 보는 경우를 포함한다) 집행이 면제된 날부터 5년이 지나지 아니한 자
라. 이 법을 위반하여 징역형의 집행유예를 선고받고 그 유예기간 중에 있는 자
2. 다음 각 목의 어느 하나에 해당하는 자가 지배주주로 있는 법인
가. 이 법을 위반하여 징역의 실형을 선고받고 그 집행이 끝나거나(집행이 끝난 것으로 보는 경우를 포함한다) 집행이 면제된 날부터 5년이 지나지 아니한 자
나. 이 법을 위반하여 징역형의 집행유예를 선고받고 그 유예기간 중에 있는 자
3. 제49조제5항에 따라 등록이 취소된 후 5년이 지나지 아니한 개인 또는 법인
4. 제3호에 따른 개인 또는 법인의 등록취소 당시 임원 또는 지배주주였던 자가 임원 또는 지배주주로 있는 법인","제14조(결격사유) 다음 각 호의 어느 하나에 해당하는 개인 또는 법인은 제13조에 따른 등록을 할 수 없다. <개정 2016.3.29, 2023.7.11>
1. 다음 각 목의 어느 하나에 해당하는 개인 또는 그 개인이 임원으로 있는 법인
가. 미성년자ㆍ피한정후견인 또는 피성년후견인
나. 파산선고를 받고 복권되지 아니한 자
다. 이 법을 위반하여 징역형을 선고받고 그 집행이 끝나거나(집행이 끝난 것으로 보는 경우를 포함한다) 집행이 면제된 날부터 5년이 지나지 아니한 자
라. 이 법을 위반하여 징역형의 집행유예를 선고받고 그 유예기간 중에 있는 자
2. 다음 각 목의 어느 하나에 해당하는 자가 지배주주로 있는 법인
가. 이 법을 위반하여 징역의 실형을 선고받고 그 집행이 끝나거나(집행이 끝난 것으로 보는 경우를 포함한다) 집행이 면제된 날부터 5년이 지나지 아니한 자
나. 이 법을 위반하여 징역형의 집행유예를 선고받고 그 유예기간 중에 있는 자
3. 제49조제5항에 따라 등록이 취소된 후 5년이 지나지 아니한 개인 또는 법인
4. 제3호에 따른 개인 또는 법인의 등록취소 당시 임원 또는 지배주주였던 자가 임원 또는 지배주주로 있는 법인","법령명: 방문판매 등에 관한 법률
조문: 제14조 (결격사유)
내용: 제14조(결격사유) 다음 각 호의 어느 하나에 해당하는 개인 또는 법인은 제13조에 따른 등록을 할 수 없다. <개정 2016.3.29, 2023.7.11>
1. 다음 각 목의 어느 하나에 해당하는 개인 또는 그 개인이 임원으로 있는 법인
가. 미성년자ㆍ피한정후견인 또는 피성년후견인
나. 파산선고를 받고 복권되지 아니한 자
다. 이 법을 위반하여 징역형을 선고받고 그 집행이 끝나거나(집행이 끝난 것으로 보는 경우를 포함한다) 집행이 면제된 날부터 5년이 지나지 아니한 자
라. 이 법을 위반하여 징역형의 집행유예를 선고받고 그 유예기간 중에 있는 자
2. 다음 각 목의 어느 하나에 해당하는 자가 지배주주로 있는 법인
가. 이 법을 위반하여 징역의 실형을 선고받고 그 집행이 끝나거나(집행이 끝난 것으로 보는 경우를 포함한다) 집행이 면제된 날부터 5년이 지나지 아니한 자
나. 이 법을 위반하여 징역형의 집행유예를 선고받고 그 유예기간 중에 있는 자
3. 제49조제5항에 따라 등록이 취소된 후 5년이 지나지 아니한 개인 또는 법인
4. 제3호에 따른 개인 또는 법인의 등록취소 당시 임원 또는 지배주주였던 자가 임원 또는 지배주주로 있는 법인",https://www.law.go.kr/법령/방문판매 등에 관한 법률
000354,방문판매 등에 관한 법률,법률,공정거래위원회,20250121,20250121,15,,다단계판매원,제15조(다단계판매원),"① 다단계판매조직에 다단계판매원으로 가입하려는 사람은 그 조직을 관리ㆍ운영하는 다단계판매업자에게 총리령으로 정하는 바에 따라 등록하여야 한다.
② 다음 각 호의 어느 하나에 해당하는 자는 다단계판매원으로 등록할 수 없다. <개정 2012.1.26, 2016.3.29, 2023.7.11>
1. 국가공무원, 지방공무원, 교육공무원 및 「사립학교법」에 따른 교원(「고등교육법」 제14조제2항에 따른 강사를 포함한다)
2. 미성년자. 다만, 제4호 또는 제5호에 해당하지 아니하는 법정대리인의 동의를 받은 경우는 제외한다.
3. 법인
4. 다단계판매업자의 지배주주 또는 임직원
5. 제49조에 따른 시정조치를 2회 이상 받은 자. 다만, 마지막 시정조치에 대한 이행을 완료한 날부터 3년이 지난 자는 제외한다.
6. 이 법을 위반하여 징역의 실형을 선고받고 그 집행이 종료되거나(집행이 종료된 것으로 보는 경우를 포함한다) 집행이 면제된 날부터 5년이 지나지 아니한 자
7. 이 법을 위반하여 징역형의 집행유예를 선고받고 그 유예기간 중에 있는 자
③ 다단계판매업자는 그가 관리ㆍ운영하는 다단계판매조직에 가입한 다단계판매원에게 총리령으로 정하는 바에 따라 다단계판매원 등록증(다단계판매원이 사전에 서면으로 동의한 경우 전자문서와 전자기기로 된 것을 포함한다)을 발급하여야 한다. <개정 2018.6.12>
④ 다단계판매업자는 총리령으로 정하는 바에 따라 다단계판매원 등록부를 작성하고, 소비자피해의 방지 또는 구제를 위하여 소비자가 요청하는 경우에는 소비자로 하여금 등록된 다단계판매원의 신원을 확인할 수 있도록 하여야 한다.
⑤ 다단계판매업자는 제1항에 따라 등록한 다단계판매원에게 다음 각 호의 사항을 확인할 수 있는 다단계판매원 수첩(다단계판매원이 사전에 서면으로 동의한 경우 전자문서와 전자기기로 된 것을 포함한다)을 발급하여야 한다. <개정 2018.6.12>
1. 후원수당의 산정 및 지급 기준
2. 하위판매원의 모집 및 후원에 관한 사항
3. 재화등의 반환 및 다단계판매원의 탈퇴에 관한 사항
4. 다단계판매원이 지켜야 할 사항
5. 그 밖에 총리령으로 정하는 사항","제15조(다단계판매원)
① 다단계판매조직에 다단계판매원으로 가입하려는 사람은 그 조직을 관리ㆍ운영하는 다단계판매업자에게 총리령으로 정하는 바에 따라 등록하여야 한다.
② 다음 각 호의 어느 하나에 해당하는 자는 다단계판매원으로 등록할 수 없다. <개정 2012.1.26, 2016.3.29, 2023.7.11>
1. 국가공무원, 지방공무원, 교육공무원 및 「사립학교법」에 따른 교원(「고등교육법」 제14조제2항에 따른 강사를 포함한다)
2. 미성년자. 다만, 제4호 또는 제5호에 해당하지 아니하는 법정대리인의 동의를 받은 경우는 제외한다.
3. 법인
4. 다단계판매업자의 지배주주 또는 임직원
5. 제49조에 따른 시정조치를 2회 이상 받은 자. 다만, 마지막 시정조치에 대한 이행을 완료한 날부터 3년이 지난 자는 제외한다.
6. 이 법을 위반하여 징역의 실형을 선고받고 그 집행이 종료되거나(집행이 종료된 것으로 보는 경우를 포함한다) 집행이 면제된 날부터 5년이 지나지 아니한 자
7. 이 법을 위반하여 징역형의 집행유예를 선고받고 그 유예기간 중에 있는 자
③ 다단계판매업자는 그가 관리ㆍ운영하는 다단계판매조직에 가입한 다단계판매원에게 총리령으로 정하는 바에 따라 다단계판매원 등록증(다단계판매원이 사전에 서면으로 동의한 경우 전자문서와 전자기기로 된 것을 포함한다)을 발급하여야 한다. <개정 2018.6.12>
④ 다단계판매업자는 총리령으로 정하는 바에 따라 다단계판매원 등록부를 작성하고, 소비자피해의 방지 또는 구제를 위하여 소비자가 요청하는 경우에는 소비자로 하여금 등록된 다단계판매원의 신원을 확인할 수 있도록 하여야 한다.
⑤ 다단계판매업자는 제1항에 따라 등록한 다단계판매원에게 다음 각 호의 사항을 확인할 수 있는 다단계판매원 수첩(다단계판매원이 사전에 서면으로 동의한 경우 전자문서와 전자기기로 된 것을 포함한다)을 발급하여야 한다. <개정 2018.6.12>
1. 후원수당의 산정 및 지급 기준
2. 하위판매원의 모집 및 후원에 관한 사항
3. 재화등의 반환 및 다단계판매원의 탈퇴에 관한 사항
4. 다단계판매원이 지켜야 할 사항
5. 그 밖에 총리령으로 정하는 사항","법령명: 방문판매 등에 관한 법률
조문: 제15조 (다단계판매원)
내용: 제15조(다단계판매원)
① 다단계판매조직에 다단계판매원으로 가입하려는 사람은 그 조직을 관리ㆍ운영하는 다단계판매업자에게 총리령으로 정하는 바에 따라 등록하여야 한다.
② 다음 각 호의 어느 하나에 해당하는 자는 다단계판매원으로 등록할 수 없다. <개정 2012.1.26, 2016.3.29, 2023.7.11>
1. 국가공무원, 지방공무원, 교육공무원 및 「사립학교법」에 따른 교원(「고등교육법」 제14조제2항에 따른 강사를 포함한다)
2. 미성년자. 다만, 제4호 또는 제5호에 해당하지 아니하는 법정대리인의 동의를 받은 경우는 제외한다.
3. 법인
4. 다단계판매업자의 지배주주 또는 임직원
5. 제49조에 따른 시정조치를 2회 이상 받은 자. 다만, 마지막 시정조치에 대한 이행을 완료한 날부터 3년이 지난 자는 제외한다.
6. 이 법을 위반하여 징역의 실형을 선고받고 그 집행이 종료되거나(집행이 종료된 것으로 보는 경우를 포함한다) 집행이 면제된 날부터 5년이 지나지 아니한 자
7. 이 법을 위반하여 징역형의 집행유예를 선고받고 그 유예기간 중에 있는 자
③ 다단계판매업자는 그가 관리ㆍ운영하는 다단계판매조직에 가입한 다단계판매원에게 총리령으로 정하는 바에 따라 다단계판매원 등록증(다단계판매원이 사전에 서면으로 동의한 경우 전자문서와 전자기기로 된 것을 포함한다)을 발급하여야 한다. <개정 2018.6.12>
④ 다단계판매업자는 총리령으로 정하는 바에 따라 다단계판매원 등록부를 작성하고, 소비자피해의 방지 또는 구제를 위하여 소비자가 요청하는 경우에는 소비자로 하여금 등록된 다단계판매원의 신원을 확인할 수 있도록 하여야 한다.
⑤ 다단계판매업자는 제1항에 따라 등록한 다단계판매원에게 다음 각 호의 사항을 확인할 수 있는 다단계판매원 수첩(다단계판매원이 사전에 서면으로 동의한 경우 전자문서와 전자기기로 된 것을 포함한다)을 발급하여야 한다. <개정 2018.6.12>
1. 후원수당의 산정 및 지급 기준
2. 하위판매원의 모집 및 후원에 관한 사항
3. 재화등의 반환 및 다단계판매원의 탈퇴에 관한 사항
4. 다단계판매원이 지켜야 할 사항
5. 그 밖에 총리령으로 정하는 사항",https://www.law.go.kr/법령/방문판매 등에 관한 법률
000354,방문판매 등에 관한 법률,법률,공정거래위원회,20250121,20250121,16,,다단계판매자의 소비자에 대한 정보제공의무 등,"제16조(다단계판매자의 소비자에 대한 정보제공의무 등) 다단계판매의 방법으로 재화등의 판매에 관한 계약을 체결하는 경우에는 제7조를 준용한다. 이 경우 ""방문판매자등""은 ""다단계판매자""로, ""방문판매업자등""은 ""다단계판매업자""로, ""방문판매원등""은 ""다단계판매원""으로 본다.",,"제16조(다단계판매자의 소비자에 대한 정보제공의무 등) 다단계판매의 방법으로 재화등의 판매에 관한 계약을 체결하는 경우에는 제7조를 준용한다. 이 경우 ""방문판매자등""은 ""다단계판매자""로, ""방문판매업자등""은 ""다단계판매업자""로, ""방문판매원등""은 ""다단계판매원""으로 본다.","법령명: 방문판매 등에 관한 법률
조문: 제16조 (다단계판매자의 소비자에 대한 정보제공의무 등)
내용: 제16조(다단계판매자의 소비자에 대한 정보제공의무 등) 다단계판매의 방법으로 재화등의 판매에 관한 계약을 체결하는 경우에는 제7조를 준용한다. 이 경우 ""방문판매자등""은 ""다단계판매자""로, ""방문판매업자등""은 ""다단계판매업자""로, ""방문판매원등""은 ""다단계판매원""으로 본다.",https://www.law.go.kr/법령/방문판매 등에 관한 법률
000354,방문판매 등에 관한 법률,법률,공정거래위원회,20250121,20250121,17,,청약철회등,제17조(청약철회등),"① 다단계판매의 방법으로 재화등의 구매에 관한 계약을 체결한 소비자가 청약철회등을 하는 경우에는 제8조를 준용하며, 이 경우 ""방문판매자등""은 ""다단계판매자""로 본다. 다만, 소비자가 다단계판매원과 재화등의 구매에 관한 계약을 체결한 경우 그 소비자는 다단계판매원에 대하여 우선적으로 청약철회등을 하고, 다단계판매원의 소재 불명 등 대통령령으로 정하는 사유로 다단계판매원에 대하여 청약철회등을 하는 것이 어려운 경우에만 그 재화등을 공급한 다단계판매업자에 대하여 청약철회등을 할 수 있다.
② 다단계판매의 방법으로 재화등의 구매에 관한 계약을 체결한 다단계판매원은 다음 각 호의 어느 하나에 해당하는 경우를 제외하고는 계약을 체결한 날부터 3개월 이내에 서면(전자문서를 포함한다)으로 그 계약에 관한 청약철회등을 할 수 있다. <개정 2016.3.29>
1. 재고 보유에 관하여 다단계판매업자에게 거짓으로 보고하는 등의 방법으로 과다하게 재화등의 재고를 보유한 경우
2. 다시 판매하기 어려울 정도로 재화등을 훼손한 경우
3. 그 밖에 대통령령으로 정하는 경우","제17조(청약철회등)
① 다단계판매의 방법으로 재화등의 구매에 관한 계약을 체결한 소비자가 청약철회등을 하는 경우에는 제8조를 준용하며, 이 경우 ""방문판매자등""은 ""다단계판매자""로 본다. 다만, 소비자가 다단계판매원과 재화등의 구매에 관한 계약을 체결한 경우 그 소비자는 다단계판매원에 대하여 우선적으로 청약철회등을 하고, 다단계판매원의 소재 불명 등 대통령령으로 정하는 사유로 다단계판매원에 대하여 청약철회등을 하는 것이 어려운 경우에만 그 재화등을 공급한 다단계판매업자에 대하여 청약철회등을 할 수 있다.
② 다단계판매의 방법으로 재화등의 구매에 관한 계약을 체결한 다단계판매원은 다음 각 호의 어느 하나에 해당하는 경우를 제외하고는 계약을 체결한 날부터 3개월 이내에 서면(전자문서를 포함한다)으로 그 계약에 관한 청약철회등을 할 수 있다. <개정 2016.3.29>
1. 재고 보유에 관하여 다단계판매업자에게 거짓으로 보고하는 등의 방법으로 과다하게 재화등의 재고를 보유한 경우
2. 다시 판매하기 어려울 정도로 재화등을 훼손한 경우
3. 그 밖에 대통령령으로 정하는 경우","법령명: 방문판매 등에 관한 법률
조문: 제17조 (청약철회등)
내용: 제17조(청약철회등)
① 다단계판매의 방법으로 재화등의 구매에 관한 계약을 체결한 소비자가 청약철회등을 하는 경우에는 제8조를 준용하며, 이 경우 ""방문판매자등""은 ""다단계판매자""로 본다. 다만, 소비자가 다단계판매원과 재화등의 구매에 관한 계약을 체결한 경우 그 소비자는 다단계판매원에 대하여 우선적으로 청약철회등을 하고, 다단계판매원의 소재 불명 등 대통령령으로 정하는 사유로 다단계판매원에 대하여 청약철회등을 하는 것이 어려운 경우에만 그 재화등을 공급한 다단계판매업자에 대하여 청약철회등을 할 수 있다.
② 다단계판매의 방법으로 재화등의 구매에 관한 계약을 체결한 다단계판매원은 다음 각 호의 어느 하나에 해당하는 경우를 제외하고는 계약을 체결한 날부터 3개월 이내에 서면(전자문서를 포함한다)으로 그 계약에 관한 청약철회등을 할 수 있다. <개정 2016.3.29>
1. 재고 보유에 관하여 다단계판매업자에게 거짓으로 보고하는 등의 방법으로 과다하게 재화등의 재고를 보유한 경우
2. 다시 판매하기 어려울 정도로 재화등을 훼손한 경우
3. 그 밖에 대통령령으로 정하는 경우",https://www.law.go.kr/법령/방문판매 등에 관한 법률
000354,방문판매 등에 관한 법률,법률,공정거래위원회,20250121,20250121,18,,청약철회등의 효과,제18조(청약철회등의 효과),"① 다단계판매의 상대방(다단계판매자가 다단계판매원 또는 소비자에게 판매한 경우에는 다단계판매원 또는 소비자를 말하고, 다단계판매원이 소비자에게 판매한 경우에는 소비자를 말한다. 이하 이 장에서 같다)은 제17조에 따라 청약철회등을 한 경우에는 이미 공급받은 재화등을 반환하여야 한다.
② 다단계판매자(상대방으로부터 재화등의 대금을 지급받은 자 또는 상대방과 다단계판매에 관한 계약을 체결한 자를 포함한다. 이하 제2항부터 제8항까지의 규정에서 같다)는 재화등을 반환받은 날부터 3영업일 이내에 이미 지급받은 재화등의 대금을 환급하여야 한다. 다만, 다단계판매업자가 다단계판매원에게 재화등의 대금을 환급할 때에는 대통령령으로 정하는 범위의 비용을 공제할 수 있으며, 다단계판매자가 상대방에게 재화등의 대금 환급을 지연하였을 때에는 그 지연기간에 대한 지연배상금을 지급하여야 한다.
③ 상대방이 신용카드등으로 대금을 지급한 계약에 대하여 청약철회등을 한 경우에는 다단계판매자는 지체 없이 그 결제업자에게 재화등의 대금 청구를 정지하거나 취소할 것을 요청하여야 한다. 다만, 다단계판매자가 결제업자로부터 해당 재화등의 대금을 이미 지급받은 경우에는 지체 없이 이를 결제업자에게 환급하고 그 사실을 상대방에게 알려야 하며, 환급이 지연되어 상대방이 대금을 결제한 경우에는 결제한 날 이후의 지연기간에 대한 지연배상금을 상대방에게 지급하여야 한다.
④ 제3항 단서에 따라 다단계판매자로부터 재화등의 대금을 환급받은 결제업자는 지체 없이 상대방에게 이를 환급하거나 환급에 필요한 조치를 하여야 하며, 다단계판매자가 정당한 사유 없이 결제업자에게 대금을 환급하지 아니하는 경우 상대방은 환급받을 금액에 대하여 결제업자에게 그 다단계판매자에 대한 다른 채무와 상계할 것을 요청할 수 있고, 결제업자는 대통령령으로 정하는 바에 따라 그 다단계판매자에 대한 다른 채무와 상계할 수 있다.
⑤ 결제업자가 제4항에 따른 상계를 정당한 사유 없이 게을리한 경우 상대방은 결제업자에 대하여 대금 결제를 거부할 수 있다. 이 경우 다단계판매자와 결제업자는 그 결제 거부를 이유로 그 상대방을 약정한 날짜 이내에 채무를 변제하지 아니한 자로 처리하는 등 상대방에게 불이익을 주는 행위를 하여서는 아니 된다.
⑥ 다단계판매자는 제17조에 따른 청약철회등에 따라 재화등의 대금을 환급한 경우 그 환급한 금액이 자신이 다단계판매원에게 공급한 금액을 초과할 때에는 그 차액을 다단계판매원에게 청구할 수 있다.
⑦ 제1항의 경우 다단계판매자는 재화등의 일부가 이미 사용되거나 소비된 경우에는 그 재화등을 사용하거나 일부 소비하여 상대방이 얻은 이익 또는 그 재화등의 공급에 든 비용에 상당하는 금액의 지급을 그 상대방에게 청구할 수 있다.
⑧ 제17조제1항에 따라 준용되는 제8조제1항 또는 제3항에 따른 청약철회등의 경우 공급받은 재화등의 반환에 필요한 비용은 다단계판매자가 부담하며, 다단계판매자는 상대방에게 위약금 또는 손해배상을 청구할 수 없다.
⑨ 다단계판매자, 상대방으로부터 재화등의 대금을 지급받은 자 또는 상대방과 다단계판매에 관한 계약을 체결한 자가 동일인이 아닌 경우 각자는 제1항부터 제5항까지 및 제8항에 따른 재화등의 대금 환급과 관련한 의무의 이행에 있어 연대하여 책임을 진다.","제18조(청약철회등의 효과)
① 다단계판매의 상대방(다단계판매자가 다단계판매원 또는 소비자에게 판매한 경우에는 다단계판매원 또는 소비자를 말하고, 다단계판매원이 소비자에게 판매한 경우에는 소비자를 말한다. 이하 이 장에서 같다)은 제17조에 따라 청약철회등을 한 경우에는 이미 공급받은 재화등을 반환하여야 한다.
② 다단계판매자(상대방으로부터 재화등의 대금을 지급받은 자 또는 상대방과 다단계판매에 관한 계약을 체결한 자를 포함한다. 이하 제2항부터 제8항까지의 규정에서 같다)는 재화등을 반환받은 날부터 3영업일 이내에 이미 지급받은 재화등의 대금을 환급하여야 한다. 다만, 다단계판매업자가 다단계판매원에게 재화등의 대금을 환급할 때에는 대통령령으로 정하는 범위의 비용을 공제할 수 있으며, 다단계판매자가 상대방에게 재화등의 대금 환급을 지연하였을 때에는 그 지연기간에 대한 지연배상금을 지급하여야 한다.
③ 상대방이 신용카드등으로 대금을 지급한 계약에 대하여 청약철회등을 한 경우에는 다단계판매자는 지체 없이 그 결제업자에게 재화등의 대금 청구를 정지하거나 취소할 것을 요청하여야 한다. 다만, 다단계판매자가 결제업자로부터 해당 재화등의 대금을 이미 지급받은 경우에는 지체 없이 이를 결제업자에게 환급하고 그 사실을 상대방에게 알려야 하며, 환급이 지연되어 상대방이 대금을 결제한 경우에는 결제한 날 이후의 지연기간에 대한 지연배상금을 상대방에게 지급하여야 한다.
④ 제3항 단서에 따라 다단계판매자로부터 재화등의 대금을 환급받은 결제업자는 지체 없이 상대방에게 이를 환급하거나 환급에 필요한 조치를 하여야 하며, 다단계판매자가 정당한 사유 없이 결제업자에게 대금을 환급하지 아니하는 경우 상대방은 환급받을 금액에 대하여 결제업자에게 그 다단계판매자에 대한 다른 채무와 상계할 것을 요청할 수 있고, 결제업자는 대통령령으로 정하는 바에 따라 그 다단계판매자에 대한 다른 채무와 상계할 수 있다.
⑤ 결제업자가 제4항에 따른 상계를 정당한 사유 없이 게을리한 경우 상대방은 결제업자에 대하여 대금 결제를 거부할 수 있다. 이 경우 다단계판매자와 결제업자는 그 결제 거부를 이유로 그 상대방을 약정한 날짜 이내에 채무를 변제하지 아니한 자로 처리하는 등 상대방에게 불이익을 주는 행위를 하여서는 아니 된다.
⑥ 다단계판매자는 제17조에 따른 청약철회등에 따라 재화등의 대금을 환급한 경우 그 환급한 금액이 자신이 다단계판매원에게 공급한 금액을 초과할 때에는 그 차액을 다단계판매원에게 청구할 수 있다.
⑦ 제1항의 경우 다단계판매자는 재화등의 일부가 이미 사용되거나 소비된 경우에는 그 재화등을 사용하거나 일부 소비하여 상대방이 얻은 이익 또는 그 재화등의 공급에 든 비용에 상당하는 금액의 지급을 그 상대방에게 청구할 수 있다.
⑧ 제17조제1항에 따라 준용되는 제8조제1항 또는 제3항에 따른 청약철회등의 경우 공급받은 재화등의 반환에 필요한 비용은 다단계판매자가 부담하며, 다단계판매자는 상대방에게 위약금 또는 손해배상을 청구할 수 없다.
⑨ 다단계판매자, 상대방으로부터 재화등의 대금을 지급받은 자 또는 상대방과 다단계판매에 관한 계약을 체결한 자가 동일인이 아닌 경우 각자는 제1항부터 제5항까지 및 제8항에 따른 재화등의 대금 환급과 관련한 의무의 이행에 있어 연대하여 책임을 진다.","법령명: 방문판매 등에 관한 법률
조문: 제18조 (청약철회등의 효과)
내용: 제18조(청약철회등의 효과)
① 다단계판매의 상대방(다단계판매자가 다단계판매원 또는 소비자에게 판매한 경우에는 다단계판매원 또는 소비자를 말하고, 다단계판매원이 소비자에게 판매한 경우에는 소비자를 말한다. 이하 이 장에서 같다)은 제17조에 따라 청약철회등을 한 경우에는 이미 공급받은 재화등을 반환하여야 한다.
② 다단계판매자(상대방으로부터 재화등의 대금을 지급받은 자 또는 상대방과 다단계판매에 관한 계약을 체결한 자를 포함한다. 이하 제2항부터 제8항까지의 규정에서 같다)는 재화등을 반환받은 날부터 3영업일 이내에 이미 지급받은 재화등의 대금을 환급하여야 한다. 다만, 다단계판매업자가 다단계판매원에게 재화등의 대금을 환급할 때에는 대통령령으로 정하는 범위의 비용을 공제할 수 있으며, 다단계판매자가 상대방에게 재화등의 대금 환급을 지연하였을 때에는 그 지연기간에 대한 지연배상금을 지급하여야 한다.
③ 상대방이 신용카드등으로 대금을 지급한 계약에 대하여 청약철회등을 한 경우에는 다단계판매자는 지체 없이 그 결제업자에게 재화등의 대금 청구를 정지하거나 취소할 것을 요청하여야 한다. 다만, 다단계판매자가 결제업자로부터 해당 재화등의 대금을 이미 지급받은 경우에는 지체 없이 이를 결제업자에게 환급하고 그 사실을 상대방에게 알려야 하며, 환급이 지연되어 상대방이 대금을 결제한 경우에는 결제한 날 이후의 지연기간에 대한 지연배상금을 상대방에게 지급하여야 한다.
④ 제3항 단서에 따라 다단계판매자로부터 재화등의 대금을 환급받은 결제업자는 지체 없이 상대방에게 이를 환급하거나 환급에 필요한 조치를 하여야 하며, 다단계판매자가 정당한 사유 없이 결제업자에게 대금을 환급하지 아니하는 경우 상대방은 환급받을 금액에 대하여 결제업자에게 그 다단계판매자에 대한 다른 채무와 상계할 것을 요청할 수 있고, 결제업자는 대통령령으로 정하는 바에 따라 그 다단계판매자에 대한 다른 채무와 상계할 수 있다.
⑤ 결제업자가 제4항에 따른 상계를 정당한 사유 없이 게을리한 경우 상대방은 결제업자에 대하여 대금 결제를 거부할 수 있다. 이 경우 다단계판매자와 결제업자는 그 결제 거부를 이유로 그 상대방을 약정한 날짜 이내에 채무를 변제하지 아니한 자로 처리하는 등 상대방에게 불이익을 주는 행위를 하여서는 아니 된다.
⑥ 다단계판매자는 제17조에 따른 청약철회등에 따라 재화등의 대금을 환급한 경우 그 환급한 금액이 자신이 다단계판매원에게 공급한 금액을 초과할 때에는 그 차액을 다단계판매원에게 청구할 수 있다.
⑦ 제1항의 경우 다단계판매자는 재화등의 일부가 이미 사용되거나 소비된 경우에는 그 재화등을 사용하거나 일부 소비하여 상대방이 얻은 이익 또는 그 재화등의 공급에 든 비용에 상당하는 금액의 지급을 그 상대방에게 청구할 수 있다.
⑧ 제17조제1항에 따라 준용되는 제8조제1항 또는 제3항에 따른 청약철회등의 경우 공급받은 재화등의 반환에 필요한 비용은 다단계판매자가 부담하며, 다단계판매자는 상대방에게 위약금 또는 손해배상을 청구할 수 없다.
⑨ 다단계판매자, 상대방으로부터 재화등의 대금을 지급받은 자 또는 상대방과 다단계판매에 관한 계약을 체결한 자가 동일인이 아닌 경우 각자는 제1항부터 제5항까지 및 제8항에 따른 재화등의 대금 환급과 관련한 의무의 이행에 있어 연대하여 책임을 진다.",https://www.law.go.kr/법령/방문판매 등에 관한 법률
000354,방문판매 등에 관한 법률,법률,공정거래위원회,20250121,20250121,19,,손해배상청구금액의 제한 등,"제19조(손해배상청구금액의 제한 등) 소비자에게 책임이 있는 사유로 다단계판매자와의 재화등의 판매계약이 해제된 경우에는 제10조를 준용한다. 이 경우 ""방문판매자등""은 ""다단계판매자""로, ""소비자""는 ""상대방""으로 본다.",,"제19조(손해배상청구금액의 제한 등) 소비자에게 책임이 있는 사유로 다단계판매자와의 재화등의 판매계약이 해제된 경우에는 제10조를 준용한다. 이 경우 ""방문판매자등""은 ""다단계판매자""로, ""소비자""는 ""상대방""으로 본다.","법령명: 방문판매 등에 관한 법률
조문: 제19조 (손해배상청구금액의 제한 등)
내용: 제19조(손해배상청구금액의 제한 등) 소비자에게 책임이 있는 사유로 다단계판매자와의 재화등의 판매계약이 해제된 경우에는 제10조를 준용한다. 이 경우 ""방문판매자등""은 ""다단계판매자""로, ""소비자""는 ""상대방""으로 본다.",https://www.law.go.kr/법령/방문판매 등에 관한 법률
000354,방문판매 등에 관한 법률,법률,공정거래위원회,20250121,20250121,20,,후원수당의 지급기준 등,제20조(후원수당의 지급기준 등),"① 다단계판매업자는 다단계판매원에게 고지한 후원수당의 산정 및 지급 기준과 다르게 후원수당을 산정ㆍ지급하거나 그 밖의 부당한 방법으로 다단계판매원을 차별하여 대우하여서는 아니 된다.
② 다단계판매업자는 후원수당의 산정 및 지급 기준을 객관적이고 명확하게 정하여야 하며, 후원수당의 산정 및 지급 기준을 변경하려는 경우에는 대통령령으로 정한 절차에 따라야 한다.
③ 다단계판매업자가 다단계판매원에게 후원수당으로 지급할 수 있는 총액은 다단계판매업자가 다단계판매원에게 공급한 재화등의 가격(부가가치세를 포함한다) 합계액(이하 이 조에서 ""가격합계액""이라 한다)의 100분의 35에 해당하는 금액을 초과하여서는 아니 되며, 가격합계액 및 후원수당 등의 구체적인 산정 방법은 다음과 같다.
1. 가격합계액은 출고 또는 제공 시점을 기준으로 할 것
2. 후원수당 지급액은 그 후원수당의 지급 사유가 발생한 시점을 기준으로 할 것
3. 가격합계액 및 후원수당은 1년을 단위로 산정할 것. 다만, 다단계판매 영업기간이 1년 미만인 경우에는 다단계판매업자의 실제 영업기간을 기준으로 한다.
4. 가격합계액을 산정할 때 위탁의 방법으로 재화등을 공급하는 경우에는 위탁을 받은 다단계판매업자가 다단계판매원에게 판매한 가격을 기준으로 하고, 중개의 방법으로 재화등을 공급하는 경우에는 다단계판매자가 중개를 의뢰한 사업자로부터 받은 수수료를 기준으로 한다.
④ 다단계판매업자는 다단계판매원이 요구하는 경우 후원수당의 산정ㆍ지급 명세 등의 열람을 허용하여야 한다.
⑤ 다단계판매업자는 일정 수의 하위판매원을 모집하거나 후원하는 것을 조건으로 하위판매원 또는 그 하위판매원의 판매 실적에 관계없이 후원수당을 차등하여 지급하여서는 아니 된다.","제20조(후원수당의 지급기준 등)
① 다단계판매업자는 다단계판매원에게 고지한 후원수당의 산정 및 지급 기준과 다르게 후원수당을 산정ㆍ지급하거나 그 밖의 부당한 방법으로 다단계판매원을 차별하여 대우하여서는 아니 된다.
② 다단계판매업자는 후원수당의 산정 및 지급 기준을 객관적이고 명확하게 정하여야 하며, 후원수당의 산정 및 지급 기준을 변경하려는 경우에는 대통령령으로 정한 절차에 따라야 한다.
③ 다단계판매업자가 다단계판매원에게 후원수당으로 지급할 수 있는 총액은 다단계판매업자가 다단계판매원에게 공급한 재화등의 가격(부가가치세를 포함한다) 합계액(이하 이 조에서 ""가격합계액""이라 한다)의 100분의 35에 해당하는 금액을 초과하여서는 아니 되며, 가격합계액 및 후원수당 등의 구체적인 산정 방법은 다음과 같다.
1. 가격합계액은 출고 또는 제공 시점을 기준으로 할 것
2. 후원수당 지급액은 그 후원수당의 지급 사유가 발생한 시점을 기준으로 할 것
3. 가격합계액 및 후원수당은 1년을 단위로 산정할 것. 다만, 다단계판매 영업기간이 1년 미만인 경우에는 다단계판매업자의 실제 영업기간을 기준으로 한다.
4. 가격합계액을 산정할 때 위탁의 방법으로 재화등을 공급하는 경우에는 위탁을 받은 다단계판매업자가 다단계판매원에게 판매한 가격을 기준으로 하고, 중개의 방법으로 재화등을 공급하는 경우에는 다단계판매자가 중개를 의뢰한 사업자로부터 받은 수수료를 기준으로 한다.
④ 다단계판매업자는 다단계판매원이 요구하는 경우 후원수당의 산정ㆍ지급 명세 등의 열람을 허용하여야 한다.
⑤ 다단계판매업자는 일정 수의 하위판매원을 모집하거나 후원하는 것을 조건으로 하위판매원 또는 그 하위판매원의 판매 실적에 관계없이 후원수당을 차등하여 지급하여서는 아니 된다.","법령명: 방문판매 등에 관한 법률
조문: 제20조 (후원수당의 지급기준 등)
내용: 제20조(후원수당의 지급기준 등)
① 다단계판매업자는 다단계판매원에게 고지한 후원수당의 산정 및 지급 기준과 다르게 후원수당을 산정ㆍ지급하거나 그 밖의 부당한 방법으로 다단계판매원을 차별하여 대우하여서는 아니 된다.
② 다단계판매업자는 후원수당의 산정 및 지급 기준을 객관적이고 명확하게 정하여야 하며, 후원수당의 산정 및 지급 기준을 변경하려는 경우에는 대통령령으로 정한 절차에 따라야 한다.
③ 다단계판매업자가 다단계판매원에게 후원수당으로 지급할 수 있는 총액은 다단계판매업자가 다단계판매원에게 공급한 재화등의 가격(부가가치세를 포함한다) 합계액(이하 이 조에서 ""가격합계액""이라 한다)의 100분의 35에 해당하는 금액을 초과하여서는 아니 되며, 가격합계액 및 후원수당 등의 구체적인 산정 방법은 다음과 같다.
1. 가격합계액은 출고 또는 제공 시점을 기준으로 할 것
2. 후원수당 지급액은 그 후원수당의 지급 사유가 발생한 시점을 기준으로 할 것
3. 가격합계액 및 후원수당은 1년을 단위로 산정할 것. 다만, 다단계판매 영업기간이 1년 미만인 경우에는 다단계판매업자의 실제 영업기간을 기준으로 한다.
4. 가격합계액을 산정할 때 위탁의 방법으로 재화등을 공급하는 경우에는 위탁을 받은 다단계판매업자가 다단계판매원에게 판매한 가격을 기준으로 하고, 중개의 방법으로 재화등을 공급하는 경우에는 다단계판매자가 중개를 의뢰한 사업자로부터 받은 수수료를 기준으로 한다.
④ 다단계판매업자는 다단계판매원이 요구하는 경우 후원수당의 산정ㆍ지급 명세 등의 열람을 허용하여야 한다.
⑤ 다단계판매업자는 일정 수의 하위판매원을 모집하거나 후원하는 것을 조건으로 하위판매원 또는 그 하위판매원의 판매 실적에 관계없이 후원수당을 차등하여 지급하여서는 아니 된다.",https://www.law.go.kr/법령/방문판매 등에 관한 법률
000354,방문판매 등에 관한 법률,법률,공정거래위원회,20250121,20250121,21,,후원수당 관련 표시ㆍ광고 등,제21조(후원수당 관련 표시ㆍ광고 등),"① 다단계판매업자는 다단계판매원이 되려는 사람 또는 다단계판매원에게 다단계판매원이 받게 될 후원수당이나 소매이익(다단계판매원이 재화등을 판매하여 얻는 이익을 말한다)에 관하여 거짓 또는 과장된 정보를 제공하여서는 아니 된다.
② 다단계판매업자는 다단계판매원이 되려는 사람 또는 다단계판매원에게 전체 다단계판매원에 대한 평균 후원수당 등 후원수당의 지급 현황에 관한 정보를 총리령으로 정하는 기준에 따라 고지하여야 한다.
③ 다단계판매업자는 다단계조직의 운영 방식 또는 활동 내용에 관하여 거짓 또는 과장된 사실을 유포하여서는 아니 된다.","제21조(후원수당 관련 표시ㆍ광고 등)
① 다단계판매업자는 다단계판매원이 되려는 사람 또는 다단계판매원에게 다단계판매원이 받게 될 후원수당이나 소매이익(다단계판매원이 재화등을 판매하여 얻는 이익을 말한다)에 관하여 거짓 또는 과장된 정보를 제공하여서는 아니 된다.
② 다단계판매업자는 다단계판매원이 되려는 사람 또는 다단계판매원에게 전체 다단계판매원에 대한 평균 후원수당 등 후원수당의 지급 현황에 관한 정보를 총리령으로 정하는 기준에 따라 고지하여야 한다.
③ 다단계판매업자는 다단계조직의 운영 방식 또는 활동 내용에 관하여 거짓 또는 과장된 사실을 유포하여서는 아니 된다.","법령명: 방문판매 등에 관한 법률
조문: 제21조 (후원수당 관련 표시ㆍ광고 등)
내용: 제21조(후원수당 관련 표시ㆍ광고 등)
① 다단계판매업자는 다단계판매원이 되려는 사람 또는 다단계판매원에게 다단계판매원이 받게 될 후원수당이나 소매이익(다단계판매원이 재화등을 판매하여 얻는 이익을 말한다)에 관하여 거짓 또는 과장된 정보를 제공하여서는 아니 된다.
② 다단계판매업자는 다단계판매원이 되려는 사람 또는 다단계판매원에게 전체 다단계판매원에 대한 평균 후원수당 등 후원수당의 지급 현황에 관한 정보를 총리령으로 정하는 기준에 따라 고지하여야 한다.
③ 다단계판매업자는 다단계조직의 운영 방식 또는 활동 내용에 관하여 거짓 또는 과장된 사실을 유포하여서는 아니 된다.",https://www.law.go.kr/법령/방문판매 등에 관한 법률
000354,방문판매 등에 관한 법률,법률,공정거래위원회,20250121,20250121,22,,다단계판매원의 등록 및 탈퇴 등,제22조(다단계판매원의 등록 및 탈퇴 등),"① 다단계판매업자는 다단계판매원이 되려는 사람 또는 다단계판매원에게 등록, 자격 유지 또는 유리한 후원수당 지급기준의 적용을 조건으로 과다한 재화등의 구입 등 대통령령으로 정하는 수준을 초과한 부담을 지게 하여서는 아니 된다.
② 다단계판매자는 다단계판매원에게 일정 수의 하위판매원을 모집하도록 의무를 지게 하거나 특정인을 그의 동의 없이 자신의 하위판매원으로 등록하여서는 아니 된다.
③ 다단계판매업자는 다단계판매원이 제15조제2항 각 호의 어느 하나에 해당하는 경우에는 그 다단계판매원을 탈퇴시켜야 한다.
④ 다단계판매원은 언제든지 다단계판매업자에게 탈퇴 의사를 표시하고 탈퇴할 수 있으며, 다단계판매업자는 다단계판매원의 탈퇴에 조건을 붙여서는 아니 된다.
⑤ 다단계판매업자는 탈퇴한 다단계판매원의 판매행위 등으로 소비자피해가 발생하지 아니하도록 다단계판매원 수첩을 회수하는 등 필요한 조치를 하여야 한다.","제22조(다단계판매원의 등록 및 탈퇴 등)
① 다단계판매업자는 다단계판매원이 되려는 사람 또는 다단계판매원에게 등록, 자격 유지 또는 유리한 후원수당 지급기준의 적용을 조건으로 과다한 재화등의 구입 등 대통령령으로 정하는 수준을 초과한 부담을 지게 하여서는 아니 된다.
② 다단계판매자는 다단계판매원에게 일정 수의 하위판매원을 모집하도록 의무를 지게 하거나 특정인을 그의 동의 없이 자신의 하위판매원으로 등록하여서는 아니 된다.
③ 다단계판매업자는 다단계판매원이 제15조제2항 각 호의 어느 하나에 해당하는 경우에는 그 다단계판매원을 탈퇴시켜야 한다.
④ 다단계판매원은 언제든지 다단계판매업자에게 탈퇴 의사를 표시하고 탈퇴할 수 있으며, 다단계판매업자는 다단계판매원의 탈퇴에 조건을 붙여서는 아니 된다.
⑤ 다단계판매업자는 탈퇴한 다단계판매원의 판매행위 등으로 소비자피해가 발생하지 아니하도록 다단계판매원 수첩을 회수하는 등 필요한 조치를 하여야 한다.","법령명: 방문판매 등에 관한 법률
조문: 제22조 (다단계판매원의 등록 및 탈퇴 등)
내용: 제22조(다단계판매원의 등록 및 탈퇴 등)
① 다단계판매업자는 다단계판매원이 되려는 사람 또는 다단계판매원에게 등록, 자격 유지 또는 유리한 후원수당 지급기준의 적용을 조건으로 과다한 재화등의 구입 등 대통령령으로 정하는 수준을 초과한 부담을 지게 하여서는 아니 된다.
② 다단계판매자는 다단계판매원에게 일정 수의 하위판매원을 모집하도록 의무를 지게 하거나 특정인을 그의 동의 없이 자신의 하위판매원으로 등록하여서는 아니 된다.
③ 다단계판매업자는 다단계판매원이 제15조제2항 각 호의 어느 하나에 해당하는 경우에는 그 다단계판매원을 탈퇴시켜야 한다.
④ 다단계판매원은 언제든지 다단계판매업자에게 탈퇴 의사를 표시하고 탈퇴할 수 있으며, 다단계판매업자는 다단계판매원의 탈퇴에 조건을 붙여서는 아니 된다.
⑤ 다단계판매업자는 탈퇴한 다단계판매원의 판매행위 등으로 소비자피해가 발생하지 아니하도록 다단계판매원 수첩을 회수하는 등 필요한 조치를 하여야 한다.",https://www.law.go.kr/법령/방문판매 등에 관한 법률
000354,방문판매 등에 관한 법률,법률,공정거래위원회,20250121,20250121,23,,금지행위,제23조(금지행위),"① 다단계판매자는 다음 각 호의 어느 하나에 해당하는 행위를 하여서는 아니 된다.
1. 재화등의 판매에 관한 계약의 체결을 강요하거나 청약철회등 또는 계약 해지를 방해할 목적으로 상대방을 위협하는 행위
2. 거짓 또는 과장된 사실을 알리거나 기만적 방법을 사용하여 상대방과의 거래를 유도하거나 청약철회등 또는 계약 해지를 방해하는 행위 또는 재화등의 가격ㆍ품질 등에 대하여 거짓 사실을 알리거나 실제보다도 현저히 우량하거나 유리한 것으로 오인시킬 수 있는 행위
3. 청약철회등이나 계약 해지를 방해할 목적으로 주소ㆍ전화번호 등을 변경하는 행위
4. 분쟁이나 불만 처리에 필요한 인력 또는 설비가 부족한 상태를 상당 기간 방치하여 상대방에게 피해를 주는 행위
5. 상대방의 청약이 없는데도 일방적으로 재화등을 공급하고 재화등의 대금을 청구하는 등 상대방에게 재화등을 강제로 판매하거나 하위판매원에게 재화등을 판매하는 행위
6. 소비자가 재화를 구매하거나 용역을 제공받을 의사가 없음을 밝혔는데도 전화, 팩스, 컴퓨터통신 등을 통하여 재화를 구매하거나 용역을 제공받도록 강요하는 행위
7. 다단계판매업자에게 고용되지 아니한 다단계판매원을 다단계판매업자에게 고용된 사람으로 오인하게 하거나 다단계판매원으로 등록하지 아니한 사람을 다단계판매원으로 활동하게 하는 행위
8. 제37조에 따른 소비자피해보상보험계약등을 체결하지 아니하고 영업하는 행위
9. 상대방에게 판매하는 개별 재화등의 가격을 대통령령으로 정하는 금액을 초과하도록 정하여 판매하는 행위
10. 본인의 허락을 받지 아니하거나 허락받은 범위를 넘어 소비자에 관한 정보를 이용하는 행위. 다만, 다음 각 목의 어느 하나에 해당하는 경우는 제외한다.
가. 재화등의 배송 등 소비자와의 계약을 이행하기 위하여 불가피한 경우로서 대통령령으로 정하는 경우
나. 재화등의 거래에 따른 대금을 정산하기 위하여 필요한 경우
다. 도용을 방지하기 위하여 본인임을 확인할 때 필요한 경우로서 대통령령으로 정하는 경우
라. 법률의 규정 또는 법률에 따라 필요한 불가피한 사유가 있는 경우
11. 다단계판매조직 및 다단계판매원의 지위를 양도ㆍ양수하는 행위. 다만, 다단계판매원의 지위를 상속하는 경우 또는 사업의 양도ㆍ양수ㆍ합병의 경우에는 그러하지 아니하다.
② 다단계판매업자는 다단계판매원으로 하여금 제1항의 금지행위를 하도록 교사(敎唆)하거나 방조(幇助)하여서는 아니 된다.
③ 공정거래위원회는 이 법 위반행위의 방지 및 소비자피해의 예방을 위하여 다단계판매자가 지켜야 할 기준을 정하여 고시할 수 있다.","제23조(금지행위)
① 다단계판매자는 다음 각 호의 어느 하나에 해당하는 행위를 하여서는 아니 된다.
1. 재화등의 판매에 관한 계약의 체결을 강요하거나 청약철회등 또는 계약 해지를 방해할 목적으로 상대방을 위협하는 행위
2. 거짓 또는 과장된 사실을 알리거나 기만적 방법을 사용하여 상대방과의 거래를 유도하거나 청약철회등 또는 계약 해지를 방해하는 행위 또는 재화등의 가격ㆍ품질 등에 대하여 거짓 사실을 알리거나 실제보다도 현저히 우량하거나 유리한 것으로 오인시킬 수 있는 행위
3. 청약철회등이나 계약 해지를 방해할 목적으로 주소ㆍ전화번호 등을 변경하는 행위
4. 분쟁이나 불만 처리에 필요한 인력 또는 설비가 부족한 상태를 상당 기간 방치하여 상대방에게 피해를 주는 행위
5. 상대방의 청약이 없는데도 일방적으로 재화등을 공급하고 재화등의 대금을 청구하는 등 상대방에게 재화등을 강제로 판매하거나 하위판매원에게 재화등을 판매하는 행위
6. 소비자가 재화를 구매하거나 용역을 제공받을 의사가 없음을 밝혔는데도 전화, 팩스, 컴퓨터통신 등을 통하여 재화를 구매하거나 용역을 제공받도록 강요하는 행위
7. 다단계판매업자에게 고용되지 아니한 다단계판매원을 다단계판매업자에게 고용된 사람으로 오인하게 하거나 다단계판매원으로 등록하지 아니한 사람을 다단계판매원으로 활동하게 하는 행위
8. 제37조에 따른 소비자피해보상보험계약등을 체결하지 아니하고 영업하는 행위
9. 상대방에게 판매하는 개별 재화등의 가격을 대통령령으로 정하는 금액을 초과하도록 정하여 판매하는 행위
10. 본인의 허락을 받지 아니하거나 허락받은 범위를 넘어 소비자에 관한 정보를 이용하는 행위. 다만, 다음 각 목의 어느 하나에 해당하는 경우는 제외한다.
가. 재화등의 배송 등 소비자와의 계약을 이행하기 위하여 불가피한 경우로서 대통령령으로 정하는 경우
나. 재화등의 거래에 따른 대금을 정산하기 위하여 필요한 경우
다. 도용을 방지하기 위하여 본인임을 확인할 때 필요한 경우로서 대통령령으로 정하는 경우
라. 법률의 규정 또는 법률에 따라 필요한 불가피한 사유가 있는 경우
11. 다단계판매조직 및 다단계판매원의 지위를 양도ㆍ양수하는 행위. 다만, 다단계판매원의 지위를 상속하는 경우 또는 사업의 양도ㆍ양수ㆍ합병의 경우에는 그러하지 아니하다.
② 다단계판매업자는 다단계판매원으로 하여금 제1항의 금지행위를 하도록 교사(敎唆)하거나 방조(幇助)하여서는 아니 된다.
③ 공정거래위원회는 이 법 위반행위의 방지 및 소비자피해의 예방을 위하여 다단계판매자가 지켜야 할 기준을 정하여 고시할 수 있다.","법령명: 방문판매 등에 관한 법률
조문: 제23조 (금지행위)
내용: 제23조(금지행위)
① 다단계판매자는 다음 각 호의 어느 하나에 해당하는 행위를 하여서는 아니 된다.
1. 재화등의 판매에 관한 계약의 체결을 강요하거나 청약철회등 또는 계약 해지를 방해할 목적으로 상대방을 위협하는 행위
2. 거짓 또는 과장된 사실을 알리거나 기만적 방법을 사용하여 상대방과의 거래를 유도하거나 청약철회등 또는 계약 해지를 방해하는 행위 또는 재화등의 가격ㆍ품질 등에 대하여 거짓 사실을 알리거나 실제보다도 현저히 우량하거나 유리한 것으로 오인시킬 수 있는 행위
3. 청약철회등이나 계약 해지를 방해할 목적으로 주소ㆍ전화번호 등을 변경하는 행위
4. 분쟁이나 불만 처리에 필요한 인력 또는 설비가 부족한 상태를 상당 기간 방치하여 상대방에게 피해를 주는 행위
5. 상대방의 청약이 없는데도 일방적으로 재화등을 공급하고 재화등의 대금을 청구하는 등 상대방에게 재화등을 강제로 판매하거나 하위판매원에게 재화등을 판매하는 행위
6. 소비자가 재화를 구매하거나 용역을 제공받을 의사가 없음을 밝혔는데도 전화, 팩스, 컴퓨터통신 등을 통하여 재화를 구매하거나 용역을 제공받도록 강요하는 행위
7. 다단계판매업자에게 고용되지 아니한 다단계판매원을 다단계판매업자에게 고용된 사람으로 오인하게 하거나 다단계판매원으로 등록하지 아니한 사람을 다단계판매원으로 활동하게 하는 행위
8. 제37조에 따른 소비자피해보상보험계약등을 체결하지 아니하고 영업하는 행위
9. 상대방에게 판매하는 개별 재화등의 가격을 대통령령으로 정하는 금액을 초과하도록 정하여 판매하는 행위
10. 본인의 허락을 받지 아니하거나 허락받은 범위를 넘어 소비자에 관한 정보를 이용하는 행위. 다만, 다음 각 목의 어느 하나에 해당하는 경우는 제외한다.
가. 재화등의 배송 등 소비자와의 계약을 이행하기 위하여 불가피한 경우로서 대통령령으로 정하는 경우
나. 재화등의 거래에 따른 대금을 정산하기 위하여 필요한 경우
다. 도용을 방지하기 위하여 본인임을 확인할 때 필요한 경우로서 대통령령으로 정하는 경우
라. 법률의 규정 또는 법률에 따라 필요한 불가피한 사유가 있는 경우
11. 다단계판매조직 및 다단계판매원의 지위를 양도ㆍ양수하는 행위. 다만, 다단계판매원의 지위를 상속하는 경우 또는 사업의 양도ㆍ양수ㆍ합병의 경우에는 그러하지 아니하다.
② 다단계판매업자는 다단계판매원으로 하여금 제1항의 금지행위를 하도록 교사(敎唆)하거나 방조(幇助)하여서는 아니 된다.
③ 공정거래위원회는 이 법 위반행위의 방지 및 소비자피해의 예방을 위하여 다단계판매자가 지켜야 할 기준을 정하여 고시할 수 있다.",https://www.law.go.kr/법령/방문판매 등에 관한 법률
000354,방문판매 등에 관한 법률,법률,공정거래위원회,20250121,20250121,24,,사행적 판매원 확장행위 등의 금지,제24조(사행적 판매원 확장행위 등의 금지),"① 누구든지 다단계판매조직 또는 이와 비슷하게 단계적으로 가입한 자로 구성된 조직을 이용하여 다음 각 호의 어느 하나에 해당하는 행위를 하여서는 아니 된다. <개정 2013.5.28>
1. 재화등의 거래 없이 금전거래를 하거나 재화등의 거래를 가장하여 사실상 금전거래만을 하는 행위로서 다음 각 목의 어느 하나에 해당하는 행위
가. 판매원에게 재화등을 그 취득가격이나 시장가격보다 10배 이상과 같이 현저히 높은 가격으로 판매하면서 후원수당을 지급하는 행위
나. 판매원과 재화등의 판매계약을 체결한 후 그에 상당하는 재화등을 정당한 사유 없이 공급하지 아니하면서 후원수당을 지급하는 행위
다. 그 밖에 판매업자의 재화등의 공급능력, 소비자에 대한 재화등의 공급실적, 판매업자와 소비자 사이의 재화등의 공급계약이나 판매계약, 후원수당의 지급조건 등에 비추어 그 거래의 실질이 사실상 금전거래인 행위
2. 판매원 또는 판매원이 되려는 자에게 하위판매원 모집 자체에 대하여 경제적 이익을 지급하거나 정당한 사유 없이 후원수당 외의 경제적 이익을 지급하는 행위
3. 제20조제3항(제29조제3항에 따라 준용되는 경우를 포함한다)에 위반되는 후원수당의 지급을 약속하여 판매원을 모집하거나 가입을 권유하는 행위
4. 판매원 또는 판매원이 되려는 자에게 가입비, 판매 보조 물품, 개인 할당 판매액, 교육비 등 그 명칭이나 형태와 상관없이 10만원 이하로서 대통령령으로 정하는 수준을 초과한 비용 또는 그 밖의 금품을 징수하는 등 의무를 부과하는 행위
5. 판매원에 대하여 상품권[그 명칭이나 형태와 상관없이 발행자가 일정한 금액이나 재화등의 수량이 기재된 무기명증표를 발행하고 그 소지자가 발행자 또는 발행자가 지정하는 자(이하 이 조에서 ""발행자등""이라 한다)에게 이를 제시 또는 교부하거나 그 밖의 방법으로 사용함으로써 그 증표에 기재된 내용에 따라 발행자등으로부터 재화등을 제공받을 수 있는 유가증권을 말한다. 이하 이 조에서 같다]을 판매하는 행위로서 다음 각 목의 어느 하나에 해당하는 행위
가. 판매업자가 소비자에게 판매한 상품권을 다시 매입하거나 다른 자로 하여금 매입하도록 하는 행위
나. 발행자등의 재화등의 공급능력, 소비자에 대한 재화등의 공급실적, 상품권의 발행규모 등에 비추어 그 실질이 재화등의 거래를 위한 것으로 볼 수 없는 수준의 후원수당을 지급하는 행위
6. 사회적인 관계 등을 이용하여 다른 사람에게 판매원으로 등록하도록 강요하거나 재화등을 구매하도록 강요하는 행위
7. 판매원 또는 판매원이 되려는 사람에게 본인의 의사에 반하여 교육ㆍ합숙 등을 강요하는 행위
8. 판매원을 모집하기 위한 것이라는 목적을 명확하게 밝히지 아니하고 취업ㆍ부업 알선, 설명회, 교육회 등을 거짓 명목으로 내세워 유인하는 행위
② 다단계판매업자는 다단계판매원으로 하여금 제1항의 금지행위를 하도록 교사하거나 방조하여서는 아니 된다.","제24조(사행적 판매원 확장행위 등의 금지)
① 누구든지 다단계판매조직 또는 이와 비슷하게 단계적으로 가입한 자로 구성된 조직을 이용하여 다음 각 호의 어느 하나에 해당하는 행위를 하여서는 아니 된다. <개정 2013.5.28>
1. 재화등의 거래 없이 금전거래를 하거나 재화등의 거래를 가장하여 사실상 금전거래만을 하는 행위로서 다음 각 목의 어느 하나에 해당하는 행위
가. 판매원에게 재화등을 그 취득가격이나 시장가격보다 10배 이상과 같이 현저히 높은 가격으로 판매하면서 후원수당을 지급하는 행위
나. 판매원과 재화등의 판매계약을 체결한 후 그에 상당하는 재화등을 정당한 사유 없이 공급하지 아니하면서 후원수당을 지급하는 행위
다. 그 밖에 판매업자의 재화등의 공급능력, 소비자에 대한 재화등의 공급실적, 판매업자와 소비자 사이의 재화등의 공급계약이나 판매계약, 후원수당의 지급조건 등에 비추어 그 거래의 실질이 사실상 금전거래인 행위
2. 판매원 또는 판매원이 되려는 자에게 하위판매원 모집 자체에 대하여 경제적 이익을 지급하거나 정당한 사유 없이 후원수당 외의 경제적 이익을 지급하는 행위
3. 제20조제3항(제29조제3항에 따라 준용되는 경우를 포함한다)에 위반되는 후원수당의 지급을 약속하여 판매원을 모집하거나 가입을 권유하는 행위
4. 판매원 또는 판매원이 되려는 자에게 가입비, 판매 보조 물품, 개인 할당 판매액, 교육비 등 그 명칭이나 형태와 상관없이 10만원 이하로서 대통령령으로 정하는 수준을 초과한 비용 또는 그 밖의 금품을 징수하는 등 의무를 부과하는 행위
5. 판매원에 대하여 상품권[그 명칭이나 형태와 상관없이 발행자가 일정한 금액이나 재화등의 수량이 기재된 무기명증표를 발행하고 그 소지자가 발행자 또는 발행자가 지정하는 자(이하 이 조에서 ""발행자등""이라 한다)에게 이를 제시 또는 교부하거나 그 밖의 방법으로 사용함으로써 그 증표에 기재된 내용에 따라 발행자등으로부터 재화등을 제공받을 수 있는 유가증권을 말한다. 이하 이 조에서 같다]을 판매하는 행위로서 다음 각 목의 어느 하나에 해당하는 행위
가. 판매업자가 소비자에게 판매한 상품권을 다시 매입하거나 다른 자로 하여금 매입하도록 하는 행위
나. 발행자등의 재화등의 공급능력, 소비자에 대한 재화등의 공급실적, 상품권의 발행규모 등에 비추어 그 실질이 재화등의 거래를 위한 것으로 볼 수 없는 수준의 후원수당을 지급하는 행위
6. 사회적인 관계 등을 이용하여 다른 사람에게 판매원으로 등록하도록 강요하거나 재화등을 구매하도록 강요하는 행위
7. 판매원 또는 판매원이 되려는 사람에게 본인의 의사에 반하여 교육ㆍ합숙 등을 강요하는 행위
8. 판매원을 모집하기 위한 것이라는 목적을 명확하게 밝히지 아니하고 취업ㆍ부업 알선, 설명회, 교육회 등을 거짓 명목으로 내세워 유인하는 행위
② 다단계판매업자는 다단계판매원으로 하여금 제1항의 금지행위를 하도록 교사하거나 방조하여서는 아니 된다.","법령명: 방문판매 등에 관한 법률
조문: 제24조 (사행적 판매원 확장행위 등의 금지)
내용: 제24조(사행적 판매원 확장행위 등의 금지)
① 누구든지 다단계판매조직 또는 이와 비슷하게 단계적으로 가입한 자로 구성된 조직을 이용하여 다음 각 호의 어느 하나에 해당하는 행위를 하여서는 아니 된다. <개정 2013.5.28>
1. 재화등의 거래 없이 금전거래를 하거나 재화등의 거래를 가장하여 사실상 금전거래만을 하는 행위로서 다음 각 목의 어느 하나에 해당하는 행위
가. 판매원에게 재화등을 그 취득가격이나 시장가격보다 10배 이상과 같이 현저히 높은 가격으로 판매하면서 후원수당을 지급하는 행위
나. 판매원과 재화등의 판매계약을 체결한 후 그에 상당하는 재화등을 정당한 사유 없이 공급하지 아니하면서 후원수당을 지급하는 행위
다. 그 밖에 판매업자의 재화등의 공급능력, 소비자에 대한 재화등의 공급실적, 판매업자와 소비자 사이의 재화등의 공급계약이나 판매계약, 후원수당의 지급조건 등에 비추어 그 거래의 실질이 사실상 금전거래인 행위
2. 판매원 또는 판매원이 되려는 자에게 하위판매원 모집 자체에 대하여 경제적 이익을 지급하거나 정당한 사유 없이 후원수당 외의 경제적 이익을 지급하는 행위
3. 제20조제3항(제29조제3항에 따라 준용되는 경우를 포함한다)에 위반되는 후원수당의 지급을 약속하여 판매원을 모집하거나 가입을 권유하는 행위
4. 판매원 또는 판매원이 되려는 자에게 가입비, 판매 보조 물품, 개인 할당 판매액, 교육비 등 그 명칭이나 형태와 상관없이 10만원 이하로서 대통령령으로 정하는 수준을 초과한 비용 또는 그 밖의 금품을 징수하는 등 의무를 부과하는 행위
5. 판매원에 대하여 상품권[그 명칭이나 형태와 상관없이 발행자가 일정한 금액이나 재화등의 수량이 기재된 무기명증표를 발행하고 그 소지자가 발행자 또는 발행자가 지정하는 자(이하 이 조에서 ""발행자등""이라 한다)에게 이를 제시 또는 교부하거나 그 밖의 방법으로 사용함으로써 그 증표에 기재된 내용에 따라 발행자등으로부터 재화등을 제공받을 수 있는 유가증권을 말한다. 이하 이 조에서 같다]을 판매하는 행위로서 다음 각 목의 어느 하나에 해당하는 행위
가. 판매업자가 소비자에게 판매한 상품권을 다시 매입하거나 다른 자로 하여금 매입하도록 하는 행위
나. 발행자등의 재화등의 공급능력, 소비자에 대한 재화등의 공급실적, 상품권의 발행규모 등에 비추어 그 실질이 재화등의 거래를 위한 것으로 볼 수 없는 수준의 후원수당을 지급하는 행위
6. 사회적인 관계 등을 이용하여 다른 사람에게 판매원으로 등록하도록 강요하거나 재화등을 구매하도록 강요하는 행위
7. 판매원 또는 판매원이 되려는 사람에게 본인의 의사에 반하여 교육ㆍ합숙 등을 강요하는 행위
8. 판매원을 모집하기 위한 것이라는 목적을 명확하게 밝히지 아니하고 취업ㆍ부업 알선, 설명회, 교육회 등을 거짓 명목으로 내세워 유인하는 행위
② 다단계판매업자는 다단계판매원으로 하여금 제1항의 금지행위를 하도록 교사하거나 방조하여서는 아니 된다.",https://www.law.go.kr/법령/방문판매 등에 관한 법률
000354,방문판매 등에 관한 법률,법률,공정거래위원회,20250121,20250121,25,,소비자 등의 침해정지 요청,제25조(소비자 등의 침해정지 요청) 제23조 또는 제24조를 위반한 다단계판매자의 행위로 이익을 침해받거나 침해받을 우려가 있는 자 또는 대통령령으로 정하는 소비자단체 등은 그 행위가 현저한 손해를 주거나 줄 우려가 있는 경우에는 그 행위에 대하여 대통령령으로 정하는 바에 따라 공정거래위원회에 침해의 정지에 필요한 조치를 요청할 수 있다.,,제25조(소비자 등의 침해정지 요청) 제23조 또는 제24조를 위반한 다단계판매자의 행위로 이익을 침해받거나 침해받을 우려가 있는 자 또는 대통령령으로 정하는 소비자단체 등은 그 행위가 현저한 손해를 주거나 줄 우려가 있는 경우에는 그 행위에 대하여 대통령령으로 정하는 바에 따라 공정거래위원회에 침해의 정지에 필요한 조치를 요청할 수 있다.,"법령명: 방문판매 등에 관한 법률
조문: 제25조 (소비자 등의 침해정지 요청)
내용: 제25조(소비자 등의 침해정지 요청) 제23조 또는 제24조를 위반한 다단계판매자의 행위로 이익을 침해받거나 침해받을 우려가 있는 자 또는 대통령령으로 정하는 소비자단체 등은 그 행위가 현저한 손해를 주거나 줄 우려가 있는 경우에는 그 행위에 대하여 대통령령으로 정하는 바에 따라 공정거래위원회에 침해의 정지에 필요한 조치를 요청할 수 있다.",https://www.law.go.kr/법령/방문판매 등에 관한 법률
000354,방문판매 등에 관한 법률,법률,공정거래위원회,20250121,20250121,26,,다단계판매업자의 휴업기간 중 업무처리 등,제26조(다단계판매업자의 휴업기간 중 업무처리 등),"① 다단계판매업자는 그 휴업기간 또는 영업정지기간 중에도 제17조제1항에 따라 준용되는 제8조제1항 및 제3항에 따른 청약철회등의 업무와 제18조제1항부터 제8항까지의 규정에 따른 청약철회등에 따른 업무를 계속하여야 한다.
② 다단계판매원은 다단계판매업자가 폐업하거나 그 등록이 취소된 경우 그 폐업 또는 등록취소 당시 판매하지 못한 재화등을 다른 사람에게 판매한 때에는 그 다단계판매원이 청약철회등에 따라 반환되는 재화등을 반환받고, 재화등을 반환받은 날부터 3영업일 이내에 재화등의 대금을 환급하여야 한다.
③ 제13조제1항에 따라 공정거래위원회에 등록하거나 시ㆍ도지사에게 등록한 다단계판매업자가 파산선고를 받거나 관할 세무서에 폐업신고를 한 경우 또는 6개월을 초과하여 영업을 하지 아니하는 등 실질적으로 영업을 할 수 없다고 판단되는 경우에는 등록을 받은 행정기관의 장은 그 등록을 직권으로 말소할 수 있다.","제26조(다단계판매업자의 휴업기간 중 업무처리 등)
① 다단계판매업자는 그 휴업기간 또는 영업정지기간 중에도 제17조제1항에 따라 준용되는 제8조제1항 및 제3항에 따른 청약철회등의 업무와 제18조제1항부터 제8항까지의 규정에 따른 청약철회등에 따른 업무를 계속하여야 한다.
② 다단계판매원은 다단계판매업자가 폐업하거나 그 등록이 취소된 경우 그 폐업 또는 등록취소 당시 판매하지 못한 재화등을 다른 사람에게 판매한 때에는 그 다단계판매원이 청약철회등에 따라 반환되는 재화등을 반환받고, 재화등을 반환받은 날부터 3영업일 이내에 재화등의 대금을 환급하여야 한다.
③ 제13조제1항에 따라 공정거래위원회에 등록하거나 시ㆍ도지사에게 등록한 다단계판매업자가 파산선고를 받거나 관할 세무서에 폐업신고를 한 경우 또는 6개월을 초과하여 영업을 하지 아니하는 등 실질적으로 영업을 할 수 없다고 판단되는 경우에는 등록을 받은 행정기관의 장은 그 등록을 직권으로 말소할 수 있다.","법령명: 방문판매 등에 관한 법률
조문: 제26조 (다단계판매업자의 휴업기간 중 업무처리 등)
내용: 제26조(다단계판매업자의 휴업기간 중 업무처리 등)
① 다단계판매업자는 그 휴업기간 또는 영업정지기간 중에도 제17조제1항에 따라 준용되는 제8조제1항 및 제3항에 따른 청약철회등의 업무와 제18조제1항부터 제8항까지의 규정에 따른 청약철회등에 따른 업무를 계속하여야 한다.
② 다단계판매원은 다단계판매업자가 폐업하거나 그 등록이 취소된 경우 그 폐업 또는 등록취소 당시 판매하지 못한 재화등을 다른 사람에게 판매한 때에는 그 다단계판매원이 청약철회등에 따라 반환되는 재화등을 반환받고, 재화등을 반환받은 날부터 3영업일 이내에 재화등의 대금을 환급하여야 한다.
③ 제13조제1항에 따라 공정거래위원회에 등록하거나 시ㆍ도지사에게 등록한 다단계판매업자가 파산선고를 받거나 관할 세무서에 폐업신고를 한 경우 또는 6개월을 초과하여 영업을 하지 아니하는 등 실질적으로 영업을 할 수 없다고 판단되는 경우에는 등록을 받은 행정기관의 장은 그 등록을 직권으로 말소할 수 있다.",https://www.law.go.kr/법령/방문판매 등에 관한 법률
000354,방문판매 등에 관한 법률,법률,공정거래위원회,20250121,20250121,27,,주소 변경 등의 공고,제27조(주소 변경 등의 공고) 다단계판매업자가 다음 각 호의 어느 하나에 해당하는 경우 공정거래위원회 또는 시ㆍ도지사는 총리령으로 정하는 바에 따라 그 사실을 공고하여야 한다.,"1. 상호 또는 주된 사업장의 주소ㆍ전화번호를 변경한 경우
2. 제13조제3항에 따른 휴업신고 또는 폐업신고를 한 경우
3. 제49조제4항 또는 제5항에 따라 영업정지처분을 받거나 등록이 취소된 경우","제27조(주소 변경 등의 공고) 다단계판매업자가 다음 각 호의 어느 하나에 해당하는 경우 공정거래위원회 또는 시ㆍ도지사는 총리령으로 정하는 바에 따라 그 사실을 공고하여야 한다.
1. 상호 또는 주된 사업장의 주소ㆍ전화번호를 변경한 경우
2. 제13조제3항에 따른 휴업신고 또는 폐업신고를 한 경우
3. 제49조제4항 또는 제5항에 따라 영업정지처분을 받거나 등록이 취소된 경우","법령명: 방문판매 등에 관한 법률
조문: 제27조 (주소 변경 등의 공고)
내용: 제27조(주소 변경 등의 공고) 다단계판매업자가 다음 각 호의 어느 하나에 해당하는 경우 공정거래위원회 또는 시ㆍ도지사는 총리령으로 정하는 바에 따라 그 사실을 공고하여야 한다.
1. 상호 또는 주된 사업장의 주소ㆍ전화번호를 변경한 경우
2. 제13조제3항에 따른 휴업신고 또는 폐업신고를 한 경우
3. 제49조제4항 또는 제5항에 따라 영업정지처분을 받거나 등록이 취소된 경우",https://www.law.go.kr/법령/방문판매 등에 관한 법률
000354,방문판매 등에 관한 법률,법률,공정거래위원회,20250121,20250121,28,,다단계판매업자의 책임,제28조(다단계판매업자의 책임),"① 다단계판매업자는 다단계판매원이 자신의 하위판매원을 모집하거나 다단계판매업자의 재화등을 소비자에게 판매할 때 제23조 또는 제24조를 위반하지 아니하도록 다단계판매원에게 해당 규정의 내용을 서면이나 전자우편으로 고지하여야 한다.
② 다단계판매업자가 제1항에 따른 고지의무를 게을리한 경우에 다단계판매원이 제23조 또는 제24조를 위반하여 다른 다단계판매원 또는 소비자에게 입힌 재산상 손해는 대통령령으로 정하는 바에 따라 다단계판매업자가 배상 책임을 진다. 이 경우 다단계판매업자는 다단계판매원에게 구상권을 행사할 수 있다.","제28조(다단계판매업자의 책임)
① 다단계판매업자는 다단계판매원이 자신의 하위판매원을 모집하거나 다단계판매업자의 재화등을 소비자에게 판매할 때 제23조 또는 제24조를 위반하지 아니하도록 다단계판매원에게 해당 규정의 내용을 서면이나 전자우편으로 고지하여야 한다.
② 다단계판매업자가 제1항에 따른 고지의무를 게을리한 경우에 다단계판매원이 제23조 또는 제24조를 위반하여 다른 다단계판매원 또는 소비자에게 입힌 재산상 손해는 대통령령으로 정하는 바에 따라 다단계판매업자가 배상 책임을 진다. 이 경우 다단계판매업자는 다단계판매원에게 구상권을 행사할 수 있다.","법령명: 방문판매 등에 관한 법률
조문: 제28조 (다단계판매업자의 책임)
내용: 제28조(다단계판매업자의 책임)
① 다단계판매업자는 다단계판매원이 자신의 하위판매원을 모집하거나 다단계판매업자의 재화등을 소비자에게 판매할 때 제23조 또는 제24조를 위반하지 아니하도록 다단계판매원에게 해당 규정의 내용을 서면이나 전자우편으로 고지하여야 한다.
② 다단계판매업자가 제1항에 따른 고지의무를 게을리한 경우에 다단계판매원이 제23조 또는 제24조를 위반하여 다른 다단계판매원 또는 소비자에게 입힌 재산상 손해는 대통령령으로 정하는 바에 따라 다단계판매업자가 배상 책임을 진다. 이 경우 다단계판매업자는 다단계판매원에게 구상권을 행사할 수 있다.",https://www.law.go.kr/법령/방문판매 등에 관한 법률
000354,방문판매 등에 관한 법률,법률,공정거래위원회,20250121,20250121,29,,후원방문판매자의 의무,제29조(후원방문판매자의 의무),"① 후원방문판매자는 후원방문판매원에게 판매원 자신의 직근 하위판매원이 아닌 다른 후원방문판매원의 구매ㆍ판매 등의 실적과 관련하여 후원수당을 지급하거나 이러한 지급을 약속하여 후원방문판매원을 모집하는 행위를 하여서는 아니 된다.
② 제3항에도 불구하고 후원방문판매업자가 후원방문판매원에게 공급한 재화등의 100분의 70 이상을 판매원이 아닌 소비자에게 판매한 경우에는 대통령령으로 정하는 바에 따라 제20조제3항, 제23조제1항제8호ㆍ제9호 및 제37조를 적용하지 아니한다. 다만, 전자거래의 방법으로 판매하는 경우에는 해당 규정을 적용한다. <개정 2023.3.21>
③ 후원방문판매자에게 다음 각 호의 규정을 준용한다. 이 경우 ""다단계판매""는 ""후원방문판매""로, ""방문판매자등""과 ""다단계판매자""는 ""후원방문판매자""로, ""방문판매업자등""과 ""다단계판매업자""는 ""후원방문판매업자""로, ""방문판매원등""과 ""다단계판매원""은 ""후원방문판매원""으로, ""다단계판매조직""은 ""후원방문판매조직""으로 본다.
1. 제6조, 제13조, 제14조 및 제15조제2항. 다만, 제13조제1항제2호는 준용하지 아니하며, 제13조제1항제3호는 ""제37조에 따른 소비자피해보상보험계약등의 체결 증명서류 또는 제29조제2항에 해당함을 증명하는 서류""로 본다.
2. 제16조부터 제28조까지의 규정. 이 경우 제20조제3항 각 호 외의 부분 중 ""100분의 35""는 ""100분의 38""로 본다.","제29조(후원방문판매자의 의무)
① 후원방문판매자는 후원방문판매원에게 판매원 자신의 직근 하위판매원이 아닌 다른 후원방문판매원의 구매ㆍ판매 등의 실적과 관련하여 후원수당을 지급하거나 이러한 지급을 약속하여 후원방문판매원을 모집하는 행위를 하여서는 아니 된다.
② 제3항에도 불구하고 후원방문판매업자가 후원방문판매원에게 공급한 재화등의 100분의 70 이상을 판매원이 아닌 소비자에게 판매한 경우에는 대통령령으로 정하는 바에 따라 제20조제3항, 제23조제1항제8호ㆍ제9호 및 제37조를 적용하지 아니한다. 다만, 전자거래의 방법으로 판매하는 경우에는 해당 규정을 적용한다. <개정 2023.3.21>
③ 후원방문판매자에게 다음 각 호의 규정을 준용한다. 이 경우 ""다단계판매""는 ""후원방문판매""로, ""방문판매자등""과 ""다단계판매자""는 ""후원방문판매자""로, ""방문판매업자등""과 ""다단계판매업자""는 ""후원방문판매업자""로, ""방문판매원등""과 ""다단계판매원""은 ""후원방문판매원""으로, ""다단계판매조직""은 ""후원방문판매조직""으로 본다.
1. 제6조, 제13조, 제14조 및 제15조제2항. 다만, 제13조제1항제2호는 준용하지 아니하며, 제13조제1항제3호는 ""제37조에 따른 소비자피해보상보험계약등의 체결 증명서류 또는 제29조제2항에 해당함을 증명하는 서류""로 본다.
2. 제16조부터 제28조까지의 규정. 이 경우 제20조제3항 각 호 외의 부분 중 ""100분의 35""는 ""100분의 38""로 본다.","법령명: 방문판매 등에 관한 법률
조문: 제29조 (후원방문판매자의 의무)
내용: 제29조(후원방문판매자의 의무)
① 후원방문판매자는 후원방문판매원에게 판매원 자신의 직근 하위판매원이 아닌 다른 후원방문판매원의 구매ㆍ판매 등의 실적과 관련하여 후원수당을 지급하거나 이러한 지급을 약속하여 후원방문판매원을 모집하는 행위를 하여서는 아니 된다.
② 제3항에도 불구하고 후원방문판매업자가 후원방문판매원에게 공급한 재화등의 100분의 70 이상을 판매원이 아닌 소비자에게 판매한 경우에는 대통령령으로 정하는 바에 따라 제20조제3항, 제23조제1항제8호ㆍ제9호 및 제37조를 적용하지 아니한다. 다만, 전자거래의 방법으로 판매하는 경우에는 해당 규정을 적용한다. <개정 2023.3.21>
③ 후원방문판매자에게 다음 각 호의 규정을 준용한다. 이 경우 ""다단계판매""는 ""후원방문판매""로, ""방문판매자등""과 ""다단계판매자""는 ""후원방문판매자""로, ""방문판매업자등""과 ""다단계판매업자""는 ""후원방문판매업자""로, ""방문판매원등""과 ""다단계판매원""은 ""후원방문판매원""으로, ""다단계판매조직""은 ""후원방문판매조직""으로 본다.
1. 제6조, 제13조, 제14조 및 제15조제2항. 다만, 제13조제1항제2호는 준용하지 아니하며, 제13조제1항제3호는 ""제37조에 따른 소비자피해보상보험계약등의 체결 증명서류 또는 제29조제2항에 해당함을 증명하는 서류""로 본다.
2. 제16조부터 제28조까지의 규정. 이 경우 제20조제3항 각 호 외의 부분 중 ""100분의 35""는 ""100분의 38""로 본다.",https://www.law.go.kr/법령/방문판매 등에 관한 법률
000354,방문판매 등에 관한 법률,법률,공정거래위원회,20250121,20250121,30,,계속거래업자등의 소비자에 대한 정보제공의무 등,제30조(계속거래업자등의 소비자에 대한 정보제공의무 등),"① 계속거래 또는 사업권유거래(이하 ""계속거래등""이라 한다)를 업으로 하는 자(이하 ""계속거래업자등""이라 한다)는 대통령령으로 정하는 금액 및 기간 이상을 거래조건으로 하는 계속거래등에 관한 계약을 체결하는 경우에는 계약을 체결하기 전에 소비자(사업권유거래에서 재화등을 구매하는 자를 포함한다. 이하 이 장에서 같다)가 계약 내용을 이해할 수 있도록 다음 각 호의 사항을 설명하여야 한다.
1. 계속거래업자등의 성명(법인인 경우에는 대표자의 성명을 말한다), 상호, 주소, 전화번호 및 전자우편주소
2. 계속거래를 통하여 판매하는 재화등(계속거래와 관련하여 따로 구입할 필요가 있는 다른 재화등이 있는 경우에는 그 재화등을 포함한다)이나 사업권유거래를 통하여 판매하는 재화등의 명칭, 종류 및 내용
3. 재화등의 대금(가입비, 설치비 등 명칭에 상관없이 재화등의 거래와 관련하여 지급하는 모든 금액을 포함한다. 이하 이 장에서 같다)과 그 지급 시기 및 방법
4. 재화등의 거래방법과 거래 기간 및 시기
5. 사업권유거래의 경우에는 제공되는 사업에 관한 거래조건으로 대통령령으로 정하는 사항
6. 제31조에 따른 계약 해지와 그 행사방법ㆍ효과에 관한 사항 및 해지권의 행사에 필요한 서식
7. 소비자피해 보상, 재화등에 대한 불만 및 소비자와 사업자 사이의 분쟁 처리에 관한 사항
8. 거래에 관한 약관
9. 그 밖에 거래 여부 판단에 영향을 주는 거래조건 또는 소비자피해 구제에 필요한 사항으로서 대통령령으로 정하는 사항
② 계속거래업자등은 재화등의 판매에 관한 계약을 체결할 때에는 제1항 각 호의 사항을 적은 계약서를 소비자에게 발급하여야 한다.
③ 계속거래를 업으로 하는 자는 소비자에게 용역을 공급하는 계약으로서 소비자의 별도 의사표시가 없는 한 자동으로 갱신되는 계약을 체결한 경우에는 그 계약 종료일의 50일 전부터 20일 전까지의 기간에 소비자에게 종료일이 다가오고 있음을 서면이나 전자우편으로 통지하여야 한다. 다만, 거래기간이 2개월 이내의 계약인 경우나 소비자가 재계약 체결 또는 계약 갱신의 의사를 표시한 경우에는 그 통지를 생략할 수 있다.
④ 계속거래업자등이 미성년자와 제1항에 따른 계약을 체결하는 경우에는 제7조제3항을 준용한다.
⑤ 계속거래업자등은 제1항 및 제2항에 따라 소비자에게 설명하거나 표시한 거래조건을 신의에 좇아 성실하게 이행하여야 한다.","제30조(계속거래업자등의 소비자에 대한 정보제공의무 등)
① 계속거래 또는 사업권유거래(이하 ""계속거래등""이라 한다)를 업으로 하는 자(이하 ""계속거래업자등""이라 한다)는 대통령령으로 정하는 금액 및 기간 이상을 거래조건으로 하는 계속거래등에 관한 계약을 체결하는 경우에는 계약을 체결하기 전에 소비자(사업권유거래에서 재화등을 구매하는 자를 포함한다. 이하 이 장에서 같다)가 계약 내용을 이해할 수 있도록 다음 각 호의 사항을 설명하여야 한다.
1. 계속거래업자등의 성명(법인인 경우에는 대표자의 성명을 말한다), 상호, 주소, 전화번호 및 전자우편주소
2. 계속거래를 통하여 판매하는 재화등(계속거래와 관련하여 따로 구입할 필요가 있는 다른 재화등이 있는 경우에는 그 재화등을 포함한다)이나 사업권유거래를 통하여 판매하는 재화등의 명칭, 종류 및 내용
3. 재화등의 대금(가입비, 설치비 등 명칭에 상관없이 재화등의 거래와 관련하여 지급하는 모든 금액을 포함한다. 이하 이 장에서 같다)과 그 지급 시기 및 방법
4. 재화등의 거래방법과 거래 기간 및 시기
5. 사업권유거래의 경우에는 제공되는 사업에 관한 거래조건으로 대통령령으로 정하는 사항
6. 제31조에 따른 계약 해지와 그 행사방법ㆍ효과에 관한 사항 및 해지권의 행사에 필요한 서식
7. 소비자피해 보상, 재화등에 대한 불만 및 소비자와 사업자 사이의 분쟁 처리에 관한 사항
8. 거래에 관한 약관
9. 그 밖에 거래 여부 판단에 영향을 주는 거래조건 또는 소비자피해 구제에 필요한 사항으로서 대통령령으로 정하는 사항
② 계속거래업자등은 재화등의 판매에 관한 계약을 체결할 때에는 제1항 각 호의 사항을 적은 계약서를 소비자에게 발급하여야 한다.
③ 계속거래를 업으로 하는 자는 소비자에게 용역을 공급하는 계약으로서 소비자의 별도 의사표시가 없는 한 자동으로 갱신되는 계약을 체결한 경우에는 그 계약 종료일의 50일 전부터 20일 전까지의 기간에 소비자에게 종료일이 다가오고 있음을 서면이나 전자우편으로 통지하여야 한다. 다만, 거래기간이 2개월 이내의 계약인 경우나 소비자가 재계약 체결 또는 계약 갱신의 의사를 표시한 경우에는 그 통지를 생략할 수 있다.
④ 계속거래업자등이 미성년자와 제1항에 따른 계약을 체결하는 경우에는 제7조제3항을 준용한다.
⑤ 계속거래업자등은 제1항 및 제2항에 따라 소비자에게 설명하거나 표시한 거래조건을 신의에 좇아 성실하게 이행하여야 한다.","법령명: 방문판매 등에 관한 법률
조문: 제30조 (계속거래업자등의 소비자에 대한 정보제공의무 등)
내용: 제30조(계속거래업자등의 소비자에 대한 정보제공의무 등)
① 계속거래 또는 사업권유거래(이하 ""계속거래등""이라 한다)를 업으로 하는 자(이하 ""계속거래업자등""이라 한다)는 대통령령으로 정하는 금액 및 기간 이상을 거래조건으로 하는 계속거래등에 관한 계약을 체결하는 경우에는 계약을 체결하기 전에 소비자(사업권유거래에서 재화등을 구매하는 자를 포함한다. 이하 이 장에서 같다)가 계약 내용을 이해할 수 있도록 다음 각 호의 사항을 설명하여야 한다.
1. 계속거래업자등의 성명(법인인 경우에는 대표자의 성명을 말한다), 상호, 주소, 전화번호 및 전자우편주소
2. 계속거래를 통하여 판매하는 재화등(계속거래와 관련하여 따로 구입할 필요가 있는 다른 재화등이 있는 경우에는 그 재화등을 포함한다)이나 사업권유거래를 통하여 판매하는 재화등의 명칭, 종류 및 내용
3. 재화등의 대금(가입비, 설치비 등 명칭에 상관없이 재화등의 거래와 관련하여 지급하는 모든 금액을 포함한다. 이하 이 장에서 같다)과 그 지급 시기 및 방법
4. 재화등의 거래방법과 거래 기간 및 시기
5. 사업권유거래의 경우에는 제공되는 사업에 관한 거래조건으로 대통령령으로 정하는 사항
6. 제31조에 따른 계약 해지와 그 행사방법ㆍ효과에 관한 사항 및 해지권의 행사에 필요한 서식
7. 소비자피해 보상, 재화등에 대한 불만 및 소비자와 사업자 사이의 분쟁 처리에 관한 사항
8. 거래에 관한 약관
9. 그 밖에 거래 여부 판단에 영향을 주는 거래조건 또는 소비자피해 구제에 필요한 사항으로서 대통령령으로 정하는 사항
② 계속거래업자등은 재화등의 판매에 관한 계약을 체결할 때에는 제1항 각 호의 사항을 적은 계약서를 소비자에게 발급하여야 한다.
③ 계속거래를 업으로 하는 자는 소비자에게 용역을 공급하는 계약으로서 소비자의 별도 의사표시가 없는 한 자동으로 갱신되는 계약을 체결한 경우에는 그 계약 종료일의 50일 전부터 20일 전까지의 기간에 소비자에게 종료일이 다가오고 있음을 서면이나 전자우편으로 통지하여야 한다. 다만, 거래기간이 2개월 이내의 계약인 경우나 소비자가 재계약 체결 또는 계약 갱신의 의사를 표시한 경우에는 그 통지를 생략할 수 있다.
④ 계속거래업자등이 미성년자와 제1항에 따른 계약을 체결하는 경우에는 제7조제3항을 준용한다.
⑤ 계속거래업자등은 제1항 및 제2항에 따라 소비자에게 설명하거나 표시한 거래조건을 신의에 좇아 성실하게 이행하여야 한다.",https://www.law.go.kr/법령/방문판매 등에 관한 법률
000354,방문판매 등에 관한 법률,법률,공정거래위원회,20250121,20250121,31,,계약의 해지,"제31조(계약의 해지) 계속거래업자등과 계속거래등의 계약을 체결한 소비자는 계약기간 중 언제든지 계약을 해지할 수 있다. 다만, 다른 법률에 별도의 규정이 있거나 거래의 안전 등을 위하여 대통령령으로 정하는 경우에는 그러하지 아니하다.",,"제31조(계약의 해지) 계속거래업자등과 계속거래등의 계약을 체결한 소비자는 계약기간 중 언제든지 계약을 해지할 수 있다. 다만, 다른 법률에 별도의 규정이 있거나 거래의 안전 등을 위하여 대통령령으로 정하는 경우에는 그러하지 아니하다.","법령명: 방문판매 등에 관한 법률
조문: 제31조 (계약의 해지)
내용: 제31조(계약의 해지) 계속거래업자등과 계속거래등의 계약을 체결한 소비자는 계약기간 중 언제든지 계약을 해지할 수 있다. 다만, 다른 법률에 별도의 규정이 있거나 거래의 안전 등을 위하여 대통령령으로 정하는 경우에는 그러하지 아니하다.",https://www.law.go.kr/법령/방문판매 등에 관한 법률
000354,방문판매 등에 관한 법률,법률,공정거래위원회,20250121,20250121,32,,계약 해지 또는 해제의 효과와 위약금 등,제32조(계약 해지 또는 해제의 효과와 위약금 등),"① 계속거래업자등은 자신의 책임이 없는 사유로 계속거래등의 계약이 해지 또는 해제된 경우 소비자에게 해지 또는 해제로 발생하는 손실을 현저하게 초과하는 위약금을 청구하여서는 아니 되고, 가입비나 그 밖에 명칭에 상관없이 실제 공급된 재화등의 대가를 초과하여 수령한 대금의 환급을 부당하게 거부하여서는 아니 된다.
② 계속거래등의 계약이 해지 또는 해제된 경우 소비자는 반환할 수 있는 재화등을 계속거래업자등에게 반환할 수 있으며, 계속거래업자등은 대통령령으로 정하는 바에 따라 대금 환급 또는 위약금 경감 등의 조치를 하여야 한다.
③ 계속거래업자등은 자신의 책임이 없는 사유로 계약이 해지 또는 해제된 경우 소비자로부터 받은 재화등의 대금(재화등이 반환된 경우 환급하여야 할 금액을 포함한다)이 이미 공급한 재화등의 대금에 위약금을 더한 금액보다 많으면 그 차액을 소비자에게 환급하여야 한다. 이 경우 환급이 지연되는 경우에는 총리령으로 정하는 지연기간에 대한 지연배상금을 함께 환급하여야 한다.
④ 공정거래위원회는 제1항에 따른 위약금 청구와 제2항에 따른 대금 환급 또는 위약금 경감과 관련된 분쟁을 방지하기 위하여 필요한 경우 위약금 및 대금의 환급에 관한 산정기준을 정하여 고시할 수 있다.","제32조(계약 해지 또는 해제의 효과와 위약금 등)
① 계속거래업자등은 자신의 책임이 없는 사유로 계속거래등의 계약이 해지 또는 해제된 경우 소비자에게 해지 또는 해제로 발생하는 손실을 현저하게 초과하는 위약금을 청구하여서는 아니 되고, 가입비나 그 밖에 명칭에 상관없이 실제 공급된 재화등의 대가를 초과하여 수령한 대금의 환급을 부당하게 거부하여서는 아니 된다.
② 계속거래등의 계약이 해지 또는 해제된 경우 소비자는 반환할 수 있는 재화등을 계속거래업자등에게 반환할 수 있으며, 계속거래업자등은 대통령령으로 정하는 바에 따라 대금 환급 또는 위약금 경감 등의 조치를 하여야 한다.
③ 계속거래업자등은 자신의 책임이 없는 사유로 계약이 해지 또는 해제된 경우 소비자로부터 받은 재화등의 대금(재화등이 반환된 경우 환급하여야 할 금액을 포함한다)이 이미 공급한 재화등의 대금에 위약금을 더한 금액보다 많으면 그 차액을 소비자에게 환급하여야 한다. 이 경우 환급이 지연되는 경우에는 총리령으로 정하는 지연기간에 대한 지연배상금을 함께 환급하여야 한다.
④ 공정거래위원회는 제1항에 따른 위약금 청구와 제2항에 따른 대금 환급 또는 위약금 경감과 관련된 분쟁을 방지하기 위하여 필요한 경우 위약금 및 대금의 환급에 관한 산정기준을 정하여 고시할 수 있다.","법령명: 방문판매 등에 관한 법률
조문: 제32조 (계약 해지 또는 해제의 효과와 위약금 등)
내용: 제32조(계약 해지 또는 해제의 효과와 위약금 등)
① 계속거래업자등은 자신의 책임이 없는 사유로 계속거래등의 계약이 해지 또는 해제된 경우 소비자에게 해지 또는 해제로 발생하는 손실을 현저하게 초과하는 위약금을 청구하여서는 아니 되고, 가입비나 그 밖에 명칭에 상관없이 실제 공급된 재화등의 대가를 초과하여 수령한 대금의 환급을 부당하게 거부하여서는 아니 된다.
② 계속거래등의 계약이 해지 또는 해제된 경우 소비자는 반환할 수 있는 재화등을 계속거래업자등에게 반환할 수 있으며, 계속거래업자등은 대통령령으로 정하는 바에 따라 대금 환급 또는 위약금 경감 등의 조치를 하여야 한다.
③ 계속거래업자등은 자신의 책임이 없는 사유로 계약이 해지 또는 해제된 경우 소비자로부터 받은 재화등의 대금(재화등이 반환된 경우 환급하여야 할 금액을 포함한다)이 이미 공급한 재화등의 대금에 위약금을 더한 금액보다 많으면 그 차액을 소비자에게 환급하여야 한다. 이 경우 환급이 지연되는 경우에는 총리령으로 정하는 지연기간에 대한 지연배상금을 함께 환급하여야 한다.
④ 공정거래위원회는 제1항에 따른 위약금 청구와 제2항에 따른 대금 환급 또는 위약금 경감과 관련된 분쟁을 방지하기 위하여 필요한 경우 위약금 및 대금의 환급에 관한 산정기준을 정하여 고시할 수 있다.",https://www.law.go.kr/법령/방문판매 등에 관한 법률
000354,방문판매 등에 관한 법률,법률,공정거래위원회,20250121,20250121,33,,거래기록 등의 열람,제33조(거래기록 등의 열람) 계속거래업자등은 대통령령으로 정하는 바에 따라 재화등의 거래기록 등을 언제든지 소비자가 열람할 수 있게 하여야 한다.,,제33조(거래기록 등의 열람) 계속거래업자등은 대통령령으로 정하는 바에 따라 재화등의 거래기록 등을 언제든지 소비자가 열람할 수 있게 하여야 한다.,"법령명: 방문판매 등에 관한 법률
조문: 제33조 (거래기록 등의 열람)
내용: 제33조(거래기록 등의 열람) 계속거래업자등은 대통령령으로 정하는 바에 따라 재화등의 거래기록 등을 언제든지 소비자가 열람할 수 있게 하여야 한다.",https://www.law.go.kr/법령/방문판매 등에 관한 법률
000354,방문판매 등에 관한 법률,법률,공정거래위원회,20250121,20250121,34,,금지행위 등,제34조(금지행위 등),"① 계속거래업자등은 다음 각 호의 어느 하나에 해당하는 행위를 하여서는 아니 된다.
1. 계속거래등의 계약을 체결하게 하거나 계약의 해지 또는 해제를 방해하기 위하여 소비자를 위협하는 행위
2. 거짓 또는 과장된 사실을 알리거나 기만적 방법을 사용하여 소비자를 유인 또는 거래하거나 계약의 해지 또는 해제를 방해하는 행위
3. 계속거래등에 필요한 재화등을 통상적인 거래가격보다 현저히 비싼 가격으로 구입하게 하는 행위
4. 소비자가 계속거래등의 계약을 해지 또는 해제하였는데도 정당한 사유 없이 이에 따른 조치를 지연하거나 거부하는 행위
5. 계약의 해지 또는 해제를 방해할 목적으로 주소ㆍ전화번호 등을 변경하는 행위
6. 분쟁이나 불만 처리에 필요한 인력 또는 설비가 부족한 상태를 상당 기간 방치하여 소비자에게 피해를 주는 행위
7. 소비자의 청약이 없는데도 일방적으로 재화등을 공급하고 재화등의 대금을 청구하는 행위
8. 소비자가 재화를 구매하거나 용역을 제공받을 의사가 없음을 밝혔는데도 전화, 팩스, 전자우편 등을 통하여 재화를 구매하거나 용역을 제공받도록 강요하는 행위
② 공정거래위원회는 이 법 위반행위의 방지 및 소비자피해의 예방을 위하여 계속거래업자등이 지켜야 할 기준을 정하여 고시할 수 있다.","제34조(금지행위 등)
① 계속거래업자등은 다음 각 호의 어느 하나에 해당하는 행위를 하여서는 아니 된다.
1. 계속거래등의 계약을 체결하게 하거나 계약의 해지 또는 해제를 방해하기 위하여 소비자를 위협하는 행위
2. 거짓 또는 과장된 사실을 알리거나 기만적 방법을 사용하여 소비자를 유인 또는 거래하거나 계약의 해지 또는 해제를 방해하는 행위
3. 계속거래등에 필요한 재화등을 통상적인 거래가격보다 현저히 비싼 가격으로 구입하게 하는 행위
4. 소비자가 계속거래등의 계약을 해지 또는 해제하였는데도 정당한 사유 없이 이에 따른 조치를 지연하거나 거부하는 행위
5. 계약의 해지 또는 해제를 방해할 목적으로 주소ㆍ전화번호 등을 변경하는 행위
6. 분쟁이나 불만 처리에 필요한 인력 또는 설비가 부족한 상태를 상당 기간 방치하여 소비자에게 피해를 주는 행위
7. 소비자의 청약이 없는데도 일방적으로 재화등을 공급하고 재화등의 대금을 청구하는 행위
8. 소비자가 재화를 구매하거나 용역을 제공받을 의사가 없음을 밝혔는데도 전화, 팩스, 전자우편 등을 통하여 재화를 구매하거나 용역을 제공받도록 강요하는 행위
② 공정거래위원회는 이 법 위반행위의 방지 및 소비자피해의 예방을 위하여 계속거래업자등이 지켜야 할 기준을 정하여 고시할 수 있다.","법령명: 방문판매 등에 관한 법률
조문: 제34조 (금지행위 등)
내용: 제34조(금지행위 등)
① 계속거래업자등은 다음 각 호의 어느 하나에 해당하는 행위를 하여서는 아니 된다.
1. 계속거래등의 계약을 체결하게 하거나 계약의 해지 또는 해제를 방해하기 위하여 소비자를 위협하는 행위
2. 거짓 또는 과장된 사실을 알리거나 기만적 방법을 사용하여 소비자를 유인 또는 거래하거나 계약의 해지 또는 해제를 방해하는 행위
3. 계속거래등에 필요한 재화등을 통상적인 거래가격보다 현저히 비싼 가격으로 구입하게 하는 행위
4. 소비자가 계속거래등의 계약을 해지 또는 해제하였는데도 정당한 사유 없이 이에 따른 조치를 지연하거나 거부하는 행위
5. 계약의 해지 또는 해제를 방해할 목적으로 주소ㆍ전화번호 등을 변경하는 행위
6. 분쟁이나 불만 처리에 필요한 인력 또는 설비가 부족한 상태를 상당 기간 방치하여 소비자에게 피해를 주는 행위
7. 소비자의 청약이 없는데도 일방적으로 재화등을 공급하고 재화등의 대금을 청구하는 행위
8. 소비자가 재화를 구매하거나 용역을 제공받을 의사가 없음을 밝혔는데도 전화, 팩스, 전자우편 등을 통하여 재화를 구매하거나 용역을 제공받도록 강요하는 행위
② 공정거래위원회는 이 법 위반행위의 방지 및 소비자피해의 예방을 위하여 계속거래업자등이 지켜야 할 기준을 정하여 고시할 수 있다.",https://www.law.go.kr/법령/방문판매 등에 관한 법률
000354,방문판매 등에 관한 법률,법률,공정거래위원회,20250121,20250121,35,,소비자보호지침의 제정 등,제35조(소비자보호지침의 제정 등),"① 공정거래위원회는 특수판매에서의 건전한 거래질서 확립 및 소비자(다단계판매원, 후원방문판매원 및 사업권유거래의 상대방을 포함한다. 이하 이 장에서 같다)의 보호를 위하여 사업자의 자율적 준수를 유도하기 위한 지침(이하 ""소비자보호지침""이라 한다)을 관련 분야의 거래당사자, 기관 및 단체의 의견을 들어 정할 수 있다.
② 특수판매를 업으로 하는 자(이하 ""특수판매업자""라 한다)는 그가 사용하는 약관 등 계약의 내용이 소비자보호지침의 내용보다 소비자에게 불리한 경우 소비자보호지침과 다르게 정한 그 계약의 내용을 소비자가 알기 쉽게 표시하거나 고지하여야 한다.","제35조(소비자보호지침의 제정 등)
① 공정거래위원회는 특수판매에서의 건전한 거래질서 확립 및 소비자(다단계판매원, 후원방문판매원 및 사업권유거래의 상대방을 포함한다. 이하 이 장에서 같다)의 보호를 위하여 사업자의 자율적 준수를 유도하기 위한 지침(이하 ""소비자보호지침""이라 한다)을 관련 분야의 거래당사자, 기관 및 단체의 의견을 들어 정할 수 있다.
② 특수판매를 업으로 하는 자(이하 ""특수판매업자""라 한다)는 그가 사용하는 약관 등 계약의 내용이 소비자보호지침의 내용보다 소비자에게 불리한 경우 소비자보호지침과 다르게 정한 그 계약의 내용을 소비자가 알기 쉽게 표시하거나 고지하여야 한다.","법령명: 방문판매 등에 관한 법률
조문: 제35조 (소비자보호지침의 제정 등)
내용: 제35조(소비자보호지침의 제정 등)
① 공정거래위원회는 특수판매에서의 건전한 거래질서 확립 및 소비자(다단계판매원, 후원방문판매원 및 사업권유거래의 상대방을 포함한다. 이하 이 장에서 같다)의 보호를 위하여 사업자의 자율적 준수를 유도하기 위한 지침(이하 ""소비자보호지침""이라 한다)을 관련 분야의 거래당사자, 기관 및 단체의 의견을 들어 정할 수 있다.
② 특수판매를 업으로 하는 자(이하 ""특수판매업자""라 한다)는 그가 사용하는 약관 등 계약의 내용이 소비자보호지침의 내용보다 소비자에게 불리한 경우 소비자보호지침과 다르게 정한 그 계약의 내용을 소비자가 알기 쉽게 표시하거나 고지하여야 한다.",https://www.law.go.kr/법령/방문판매 등에 관한 법률
000354,방문판매 등에 관한 법률,법률,공정거래위원회,20250121,20250121,36,,특수판매업자의 입증책임,제36조(특수판매업자의 입증책임),"① 다음 각 호의 사항에 관하여 계약 상대방과 다툼이 있는 경우에는 특수판매업자가 이를 증명하여야 한다. 이 경우 특수판매업자는 증명에 필요한 통화 내용 등에 대한 거래기록을 대통령령으로 정하는 바에 따라 보관할 수 있다.
1. 재화등의 훼손에 대한 소비자의 책임 유무
2. 계약이 체결된 사실 및 그 시기
3. 재화등의 공급 사실 및 그 시기
4. 계약서의 발급 사실 및 그 시기
5. 입증책임에 관한 별도의 약정이 없는 그 밖의 거래 사실
② 특수판매업자는 제1항에 따른 증명에 필요한 통화내용 등 거래기록을 미리 보존할 수 있다. 이 경우 특수판매업자는 거래기록을 그 대상ㆍ범위ㆍ기간 및 열람 방법 등에 관하여 대통령령으로 정하는 바에 따라 보존하여야 한다.","제36조(특수판매업자의 입증책임)
① 다음 각 호의 사항에 관하여 계약 상대방과 다툼이 있는 경우에는 특수판매업자가 이를 증명하여야 한다. 이 경우 특수판매업자는 증명에 필요한 통화 내용 등에 대한 거래기록을 대통령령으로 정하는 바에 따라 보관할 수 있다.
1. 재화등의 훼손에 대한 소비자의 책임 유무
2. 계약이 체결된 사실 및 그 시기
3. 재화등의 공급 사실 및 그 시기
4. 계약서의 발급 사실 및 그 시기
5. 입증책임에 관한 별도의 약정이 없는 그 밖의 거래 사실
② 특수판매업자는 제1항에 따른 증명에 필요한 통화내용 등 거래기록을 미리 보존할 수 있다. 이 경우 특수판매업자는 거래기록을 그 대상ㆍ범위ㆍ기간 및 열람 방법 등에 관하여 대통령령으로 정하는 바에 따라 보존하여야 한다.","법령명: 방문판매 등에 관한 법률
조문: 제36조 (특수판매업자의 입증책임)
내용: 제36조(특수판매업자의 입증책임)
① 다음 각 호의 사항에 관하여 계약 상대방과 다툼이 있는 경우에는 특수판매업자가 이를 증명하여야 한다. 이 경우 특수판매업자는 증명에 필요한 통화 내용 등에 대한 거래기록을 대통령령으로 정하는 바에 따라 보관할 수 있다.
1. 재화등의 훼손에 대한 소비자의 책임 유무
2. 계약이 체결된 사실 및 그 시기
3. 재화등의 공급 사실 및 그 시기
4. 계약서의 발급 사실 및 그 시기
5. 입증책임에 관한 별도의 약정이 없는 그 밖의 거래 사실
② 특수판매업자는 제1항에 따른 증명에 필요한 통화내용 등 거래기록을 미리 보존할 수 있다. 이 경우 특수판매업자는 거래기록을 그 대상ㆍ범위ㆍ기간 및 열람 방법 등에 관하여 대통령령으로 정하는 바에 따라 보존하여야 한다.",https://www.law.go.kr/법령/방문판매 등에 관한 법률
000354,방문판매 등에 관한 법률,법률,공정거래위원회,20250121,20250121,37,,소비자피해보상보험계약등,제37조(소비자피해보상보험계약등),"① 제13조제1항 및 제29조제3항에 따라 등록하려는 다단계판매업자 및 후원방문판매업자는 다음 각 호의 어느 하나에 해당하는 계약(이하 ""소비자피해보상보험계약등""이라 한다)을 체결하여야 한다.
1. 소비자피해 보상을 위한 보험계약
2. 소비자피해 보상금의 지급을 확보하기 위한 채무지급보증계약
3. 제38조에 따라 설립된 공제조합과의 공제계약
② 공정거래위원회는 방문판매등 및 계속거래등에서의 소비자보호를 위하여 소비자피해보상보험계약등을 체결하도록 권장할 수 있다.
③ 소비자피해보상보험계약등의 내용은 이 법 위반행위로 인한 소비자피해를 보상하기에 적절한 수준이어야 하며, 그 구체적인 기준은 대통령령으로 정한다.
④ 소비자피해보상보험계약등에 따라 소비자피해 보상금을 지급할 의무가 있는 자는 그 지급 사유가 발생한 경우에는 지체 없이 이를 지급하여야 하고, 이를 지연한 경우에는 지연배상금을 지급하여야 한다.
⑤ 소비자피해보상보험계약등을 체결 또는 유지하는 다단계판매업자와 후원방문판매업자는 매출액 등의 자료를 제출할 때 거짓 자료를 제출하여서는 아니 된다.
⑥ 소비자피해보상보험계약등을 체결한 자는 그 사실을 나타내는 표지를 사용할 수 있다.
⑦ 소비자피해보상보험계약등을 체결하지 아니한 자는 제6항에 따른 표지를 사용하거나 이와 비슷한 표지를 제작 또는 사용하여서는 아니 된다.","제37조(소비자피해보상보험계약등)
① 제13조제1항 및 제29조제3항에 따라 등록하려는 다단계판매업자 및 후원방문판매업자는 다음 각 호의 어느 하나에 해당하는 계약(이하 ""소비자피해보상보험계약등""이라 한다)을 체결하여야 한다.
1. 소비자피해 보상을 위한 보험계약
2. 소비자피해 보상금의 지급을 확보하기 위한 채무지급보증계약
3. 제38조에 따라 설립된 공제조합과의 공제계약
② 공정거래위원회는 방문판매등 및 계속거래등에서의 소비자보호를 위하여 소비자피해보상보험계약등을 체결하도록 권장할 수 있다.
③ 소비자피해보상보험계약등의 내용은 이 법 위반행위로 인한 소비자피해를 보상하기에 적절한 수준이어야 하며, 그 구체적인 기준은 대통령령으로 정한다.
④ 소비자피해보상보험계약등에 따라 소비자피해 보상금을 지급할 의무가 있는 자는 그 지급 사유가 발생한 경우에는 지체 없이 이를 지급하여야 하고, 이를 지연한 경우에는 지연배상금을 지급하여야 한다.
⑤ 소비자피해보상보험계약등을 체결 또는 유지하는 다단계판매업자와 후원방문판매업자는 매출액 등의 자료를 제출할 때 거짓 자료를 제출하여서는 아니 된다.
⑥ 소비자피해보상보험계약등을 체결한 자는 그 사실을 나타내는 표지를 사용할 수 있다.
⑦ 소비자피해보상보험계약등을 체결하지 아니한 자는 제6항에 따른 표지를 사용하거나 이와 비슷한 표지를 제작 또는 사용하여서는 아니 된다.","법령명: 방문판매 등에 관한 법률
조문: 제37조 (소비자피해보상보험계약등)
내용: 제37조(소비자피해보상보험계약등)
① 제13조제1항 및 제29조제3항에 따라 등록하려는 다단계판매업자 및 후원방문판매업자는 다음 각 호의 어느 하나에 해당하는 계약(이하 ""소비자피해보상보험계약등""이라 한다)을 체결하여야 한다.
1. 소비자피해 보상을 위한 보험계약
2. 소비자피해 보상금의 지급을 확보하기 위한 채무지급보증계약
3. 제38조에 따라 설립된 공제조합과의 공제계약
② 공정거래위원회는 방문판매등 및 계속거래등에서의 소비자보호를 위하여 소비자피해보상보험계약등을 체결하도록 권장할 수 있다.
③ 소비자피해보상보험계약등의 내용은 이 법 위반행위로 인한 소비자피해를 보상하기에 적절한 수준이어야 하며, 그 구체적인 기준은 대통령령으로 정한다.
④ 소비자피해보상보험계약등에 따라 소비자피해 보상금을 지급할 의무가 있는 자는 그 지급 사유가 발생한 경우에는 지체 없이 이를 지급하여야 하고, 이를 지연한 경우에는 지연배상금을 지급하여야 한다.
⑤ 소비자피해보상보험계약등을 체결 또는 유지하는 다단계판매업자와 후원방문판매업자는 매출액 등의 자료를 제출할 때 거짓 자료를 제출하여서는 아니 된다.
⑥ 소비자피해보상보험계약등을 체결한 자는 그 사실을 나타내는 표지를 사용할 수 있다.
⑦ 소비자피해보상보험계약등을 체결하지 아니한 자는 제6항에 따른 표지를 사용하거나 이와 비슷한 표지를 제작 또는 사용하여서는 아니 된다.",https://www.law.go.kr/법령/방문판매 등에 관한 법률
000354,방문판매 등에 관한 법률,법률,공정거래위원회,20250121,20250121,38,,공제조합의 설립,제38조(공제조합의 설립),"① 제5조제1항에 따라 신고하거나 제13조제1항 또는 제29조제3항에 따라 등록한 사업자는 소비자피해보상에 대한 보상금 지급을 책임지는 보험사업 등 제37조제1항제3호에 따른 공제사업을 운영하기 위하여 공정거래위원회의 인가를 받아 공제조합(이하 ""공제조합""이라 한다)을 설립할 수 있으며, 인가의 기준은 대통령령으로 정한다.
② 공제조합은 법인으로 하며, 주된 사무소의 소재지에서 설립등기를 함으로써 성립한다.
③ 공제조합에 가입한 자는 공제사업의 수행에 필요한 출자금 등을 조합에 내야 한다.
④ 공제조합의 기본재산은 대통령령으로 정하는 바에 따라 가입한 자의 출자금 등으로 조성하되, 공제조합의 기본재산의 운영에 관한 사항은 공정거래위원회의 인가를 받아야 한다. 다만, 정부는 예산의 범위에서 출연(出捐)하거나 보조할 수 있다.
⑤ 공제조합의 가입자격, 임원에 관한 사항 및 출자금의 부담기준에 관한 사항은 정관으로 정한다.
⑥ 공제조합의 설립인가 절차, 정관 기재 사항, 운영, 이사회의 구성 및 권한, 임원의 선임, 감독 등에 관하여 필요한 사항은 대통령령으로 정한다.
⑦ 공제조합이 제1항에 따른 공제사업을 하려는 경우에는 공제규정을 정하여 공정거래위원회의 인가를 받아야 한다. 공제규정을 변경하려는 경우에도 또한 같다.
⑧ 제7항의 공제규정에는 공제사업의 범위, 공제료, 공제사업에 충당하기 위한 책임준비금 등 공제사업의 운영에 필요한 사항을 정하여야 한다.
⑨ 공제조합에 관하여 이 법에 규정된 것을 제외하고는 「민법」 중 사단법인에 관한 규정을 준용한다.
⑩ 이 법에 따른 공제조합의 사업에 대하여는 「보험업법」을 적용하지 아니한다.","제38조(공제조합의 설립)
① 제5조제1항에 따라 신고하거나 제13조제1항 또는 제29조제3항에 따라 등록한 사업자는 소비자피해보상에 대한 보상금 지급을 책임지는 보험사업 등 제37조제1항제3호에 따른 공제사업을 운영하기 위하여 공정거래위원회의 인가를 받아 공제조합(이하 ""공제조합""이라 한다)을 설립할 수 있으며, 인가의 기준은 대통령령으로 정한다.
② 공제조합은 법인으로 하며, 주된 사무소의 소재지에서 설립등기를 함으로써 성립한다.
③ 공제조합에 가입한 자는 공제사업의 수행에 필요한 출자금 등을 조합에 내야 한다.
④ 공제조합의 기본재산은 대통령령으로 정하는 바에 따라 가입한 자의 출자금 등으로 조성하되, 공제조합의 기본재산의 운영에 관한 사항은 공정거래위원회의 인가를 받아야 한다. 다만, 정부는 예산의 범위에서 출연(出捐)하거나 보조할 수 있다.
⑤ 공제조합의 가입자격, 임원에 관한 사항 및 출자금의 부담기준에 관한 사항은 정관으로 정한다.
⑥ 공제조합의 설립인가 절차, 정관 기재 사항, 운영, 이사회의 구성 및 권한, 임원의 선임, 감독 등에 관하여 필요한 사항은 대통령령으로 정한다.
⑦ 공제조합이 제1항에 따른 공제사업을 하려는 경우에는 공제규정을 정하여 공정거래위원회의 인가를 받아야 한다. 공제규정을 변경하려는 경우에도 또한 같다.
⑧ 제7항의 공제규정에는 공제사업의 범위, 공제료, 공제사업에 충당하기 위한 책임준비금 등 공제사업의 운영에 필요한 사항을 정하여야 한다.
⑨ 공제조합에 관하여 이 법에 규정된 것을 제외하고는 「민법」 중 사단법인에 관한 규정을 준용한다.
⑩ 이 법에 따른 공제조합의 사업에 대하여는 「보험업법」을 적용하지 아니한다.","법령명: 방문판매 등에 관한 법률
조문: 제38조 (공제조합의 설립)
내용: 제38조(공제조합의 설립)
① 제5조제1항에 따라 신고하거나 제13조제1항 또는 제29조제3항에 따라 등록한 사업자는 소비자피해보상에 대한 보상금 지급을 책임지는 보험사업 등 제37조제1항제3호에 따른 공제사업을 운영하기 위하여 공정거래위원회의 인가를 받아 공제조합(이하 ""공제조합""이라 한다)을 설립할 수 있으며, 인가의 기준은 대통령령으로 정한다.
② 공제조합은 법인으로 하며, 주된 사무소의 소재지에서 설립등기를 함으로써 성립한다.
③ 공제조합에 가입한 자는 공제사업의 수행에 필요한 출자금 등을 조합에 내야 한다.
④ 공제조합의 기본재산은 대통령령으로 정하는 바에 따라 가입한 자의 출자금 등으로 조성하되, 공제조합의 기본재산의 운영에 관한 사항은 공정거래위원회의 인가를 받아야 한다. 다만, 정부는 예산의 범위에서 출연(出捐)하거나 보조할 수 있다.
⑤ 공제조합의 가입자격, 임원에 관한 사항 및 출자금의 부담기준에 관한 사항은 정관으로 정한다.
⑥ 공제조합의 설립인가 절차, 정관 기재 사항, 운영, 이사회의 구성 및 권한, 임원의 선임, 감독 등에 관하여 필요한 사항은 대통령령으로 정한다.
⑦ 공제조합이 제1항에 따른 공제사업을 하려는 경우에는 공제규정을 정하여 공정거래위원회의 인가를 받아야 한다. 공제규정을 변경하려는 경우에도 또한 같다.
⑧ 제7항의 공제규정에는 공제사업의 범위, 공제료, 공제사업에 충당하기 위한 책임준비금 등 공제사업의 운영에 필요한 사항을 정하여야 한다.
⑨ 공제조합에 관하여 이 법에 규정된 것을 제외하고는 「민법」 중 사단법인에 관한 규정을 준용한다.
⑩ 이 법에 따른 공제조합의 사업에 대하여는 「보험업법」을 적용하지 아니한다.",https://www.law.go.kr/법령/방문판매 등에 관한 법률
000354,방문판매 등에 관한 법률,법률,공정거래위원회,20250121,20250121,39,,공제조합의 감독,제39조(공제조합의 감독),"① 공정거래위원회는 필요하다고 인정하면 공제조합에 대하여 업무 및 회계에 관한 보고서 제출 또는 그 밖에 필요한 조치를 명하거나 소속 공무원으로 하여금 공제조합의 업무 및 회계 상황을 조사하거나 장부 또는 그 밖의 서류를 검사하게 할 수 있다.
② 공정거래위원회는 공제조합의 운영 및 업무 집행 등이 법령이나 정관 등에 적합하지 아니한 경우 그 시정을 명할 수 있고, 그 밖에 소비자의 피해 구제 등과 관련하여 필요한 경우에는 적합한 조치를 요구할 수 있다.
③ 공정거래위원회는 공제조합의 임직원이 다음 각 호의 어느 하나에 해당하는 경우에는 관련 임직원에 대한 징계ㆍ해임을 요구하거나 해당 위반행위를 시정하도록 명할 수 있다.
1. 제38조제7항에 따른 공제규정을 위반하여 업무를 처리한 경우
2. 제2항에 따른 시정명령이나 조치를 이행하지 아니한 경우
④ 제1항에 따라 조사 또는 검사를 하는 공무원은 그 권한을 표시하는 증표를 지니고 이를 관계인에게 보여주어야 한다.","제39조(공제조합의 감독)
① 공정거래위원회는 필요하다고 인정하면 공제조합에 대하여 업무 및 회계에 관한 보고서 제출 또는 그 밖에 필요한 조치를 명하거나 소속 공무원으로 하여금 공제조합의 업무 및 회계 상황을 조사하거나 장부 또는 그 밖의 서류를 검사하게 할 수 있다.
② 공정거래위원회는 공제조합의 운영 및 업무 집행 등이 법령이나 정관 등에 적합하지 아니한 경우 그 시정을 명할 수 있고, 그 밖에 소비자의 피해 구제 등과 관련하여 필요한 경우에는 적합한 조치를 요구할 수 있다.
③ 공정거래위원회는 공제조합의 임직원이 다음 각 호의 어느 하나에 해당하는 경우에는 관련 임직원에 대한 징계ㆍ해임을 요구하거나 해당 위반행위를 시정하도록 명할 수 있다.
1. 제38조제7항에 따른 공제규정을 위반하여 업무를 처리한 경우
2. 제2항에 따른 시정명령이나 조치를 이행하지 아니한 경우
④ 제1항에 따라 조사 또는 검사를 하는 공무원은 그 권한을 표시하는 증표를 지니고 이를 관계인에게 보여주어야 한다.","법령명: 방문판매 등에 관한 법률
조문: 제39조 (공제조합의 감독)
내용: 제39조(공제조합의 감독)
① 공정거래위원회는 필요하다고 인정하면 공제조합에 대하여 업무 및 회계에 관한 보고서 제출 또는 그 밖에 필요한 조치를 명하거나 소속 공무원으로 하여금 공제조합의 업무 및 회계 상황을 조사하거나 장부 또는 그 밖의 서류를 검사하게 할 수 있다.
② 공정거래위원회는 공제조합의 운영 및 업무 집행 등이 법령이나 정관 등에 적합하지 아니한 경우 그 시정을 명할 수 있고, 그 밖에 소비자의 피해 구제 등과 관련하여 필요한 경우에는 적합한 조치를 요구할 수 있다.
③ 공정거래위원회는 공제조합의 임직원이 다음 각 호의 어느 하나에 해당하는 경우에는 관련 임직원에 대한 징계ㆍ해임을 요구하거나 해당 위반행위를 시정하도록 명할 수 있다.
1. 제38조제7항에 따른 공제규정을 위반하여 업무를 처리한 경우
2. 제2항에 따른 시정명령이나 조치를 이행하지 아니한 경우
④ 제1항에 따라 조사 또는 검사를 하는 공무원은 그 권한을 표시하는 증표를 지니고 이를 관계인에게 보여주어야 한다.",https://www.law.go.kr/법령/방문판매 등에 관한 법률
000354,방문판매 등에 관한 법률,법률,공정거래위원회,20250121,20250121,40,,공제조합의 사업,제40조(공제조합의 사업) 공제조합은 다음 각 호의 사업을 시행한다.,"1. 소비자피해 보상을 위한 공제사업 및 소비자의 권익보호를 위한 공익사업
2. 소비자피해 예방과 홍보를 위한 출판 및 교육 사업
3. 시장의 건전한 발전을 위한 자율정화사업
4. 공정거래위원회로부터 위탁받은 사업
5. 그 밖에 정관으로 정하는 사업","제40조(공제조합의 사업) 공제조합은 다음 각 호의 사업을 시행한다.
1. 소비자피해 보상을 위한 공제사업 및 소비자의 권익보호를 위한 공익사업
2. 소비자피해 예방과 홍보를 위한 출판 및 교육 사업
3. 시장의 건전한 발전을 위한 자율정화사업
4. 공정거래위원회로부터 위탁받은 사업
5. 그 밖에 정관으로 정하는 사업","법령명: 방문판매 등에 관한 법률
조문: 제40조 (공제조합의 사업)
내용: 제40조(공제조합의 사업) 공제조합은 다음 각 호의 사업을 시행한다.
1. 소비자피해 보상을 위한 공제사업 및 소비자의 권익보호를 위한 공익사업
2. 소비자피해 예방과 홍보를 위한 출판 및 교육 사업
3. 시장의 건전한 발전을 위한 자율정화사업
4. 공정거래위원회로부터 위탁받은 사업
5. 그 밖에 정관으로 정하는 사업",https://www.law.go.kr/법령/방문판매 등에 관한 법률
000354,방문판매 등에 관한 법률,법률,공정거래위원회,20250121,20250121,41,,특수판매 소비자단체 등의 지원,제41조(특수판매 소비자단체 등의 지원) 공정거래위원회는 특수판매에서의 공정거래질서 확립 및 소비자권익 보호를 위한 사업을 시행하는 기관 또는 단체에 대하여 예산의 범위에서 필요한 지원을 할 수 있다.,,제41조(특수판매 소비자단체 등의 지원) 공정거래위원회는 특수판매에서의 공정거래질서 확립 및 소비자권익 보호를 위한 사업을 시행하는 기관 또는 단체에 대하여 예산의 범위에서 필요한 지원을 할 수 있다.,"법령명: 방문판매 등에 관한 법률
조문: 제41조 (특수판매 소비자단체 등의 지원)
내용: 제41조(특수판매 소비자단체 등의 지원) 공정거래위원회는 특수판매에서의 공정거래질서 확립 및 소비자권익 보호를 위한 사업을 시행하는 기관 또는 단체에 대하여 예산의 범위에서 필요한 지원을 할 수 있다.",https://www.law.go.kr/법령/방문판매 등에 관한 법률
000354,방문판매 등에 관한 법률,법률,공정거래위원회,20250121,20250121,42,,전화권유판매 수신거부의사 등록시스템 등,제42조(전화권유판매 수신거부의사 등록시스템 등),"① 공정거래위원회는 전화권유판매자의 행위로부터 소비자를 보호하기 위하여 소비자가 수신거부의사를 명시적으로 표시하여 등록할 수 있는 수신거부의사 등록시스템(이하 이 조에서 ""등록시스템""이라 한다)을 구축할 수 있다.
② 전화권유판매자는 전화권유판매를 하려는 경우에는 대통령령으로 정하는 바에 따라 등록시스템에서 소비자의 수신거부의사 등록 여부를 확인하여야 하며, 전화권유판매 수신거부의사를 등록한 소비자에게 전화권유판매를 하여서는 아니 된다. 다만, 전화권유판매업자가 총리령으로 정하는 바에 따라 소비자로부터 개별적인 동의를 받은 경우에는 그러하지 아니하다.
③ 공정거래위원회는 등록시스템의 운용을 다음 각 호의 어느 하나에 해당하는 기관 또는 단체에 위탁할 수 있으며, 해당 기관 또는 단체에 그 원활한 운용에 필요한 비용의 전부 또는 일부를 지원할 수 있다.
1. 「소비자기본법」에 따라 설립된 기관 또는 등록된 소비자단체
2. 그 밖에 제54조에 따라 등록된 사업자단체 또는 다른 법률에 따라 소비자보호를 위하여 설립된 기관 또는 단체
④ 제3항에 따라 운용을 위탁받을 수 있는 대상 기관 또는 단체의 선정 절차 및 기준은 대통령령으로 정한다.
⑤ 공정거래위원회는 제3항에 따른 위탁사무의 적정한 운용 및 관리를 위하여 필요하다고 인정하는 경우에는 자료의 제출을 요구하거나 소속 공무원으로 하여금 해당 위탁사무를 조사하게 할 수 있다. 이 경우 조사의 방법ㆍ절차 등에 관하여는 대통령령으로 정한다.
⑥ 공정거래위원회는 제3항에 따라 위탁사업자로 선정된 자가 제1호 또는 제2호에 해당하게 된 경우에는 그 선정을 취소하여야 하며, 제3호 또는 제4호에 해당하게 된 경우에는 그 선정을 취소할 수 있다.
1. 거짓 또는 부정한 방법으로 위탁사업자로 선정된 경우
2. 등록시스템을 제1항에 따른 목적 외의 목적으로 이용하거나 제3자로 하여금 이용하게 한 경우
3. 제4항에 따른 선정기준을 충족하지 못하게 된 경우
4. 제5항에 따른 조사 결과 원래의 선정 목적을 달성하기 어렵다고 인정되는 경우
⑦ 제1항부터 제6항까지에서 규정한 사항 외에 등록시스템의 구축 및 운영에 관하여 필요한 사항은 총리령으로 정한다.","제42조(전화권유판매 수신거부의사 등록시스템 등)
① 공정거래위원회는 전화권유판매자의 행위로부터 소비자를 보호하기 위하여 소비자가 수신거부의사를 명시적으로 표시하여 등록할 수 있는 수신거부의사 등록시스템(이하 이 조에서 ""등록시스템""이라 한다)을 구축할 수 있다.
② 전화권유판매자는 전화권유판매를 하려는 경우에는 대통령령으로 정하는 바에 따라 등록시스템에서 소비자의 수신거부의사 등록 여부를 확인하여야 하며, 전화권유판매 수신거부의사를 등록한 소비자에게 전화권유판매를 하여서는 아니 된다. 다만, 전화권유판매업자가 총리령으로 정하는 바에 따라 소비자로부터 개별적인 동의를 받은 경우에는 그러하지 아니하다.
③ 공정거래위원회는 등록시스템의 운용을 다음 각 호의 어느 하나에 해당하는 기관 또는 단체에 위탁할 수 있으며, 해당 기관 또는 단체에 그 원활한 운용에 필요한 비용의 전부 또는 일부를 지원할 수 있다.
1. 「소비자기본법」에 따라 설립된 기관 또는 등록된 소비자단체
2. 그 밖에 제54조에 따라 등록된 사업자단체 또는 다른 법률에 따라 소비자보호를 위하여 설립된 기관 또는 단체
④ 제3항에 따라 운용을 위탁받을 수 있는 대상 기관 또는 단체의 선정 절차 및 기준은 대통령령으로 정한다.
⑤ 공정거래위원회는 제3항에 따른 위탁사무의 적정한 운용 및 관리를 위하여 필요하다고 인정하는 경우에는 자료의 제출을 요구하거나 소속 공무원으로 하여금 해당 위탁사무를 조사하게 할 수 있다. 이 경우 조사의 방법ㆍ절차 등에 관하여는 대통령령으로 정한다.
⑥ 공정거래위원회는 제3항에 따라 위탁사업자로 선정된 자가 제1호 또는 제2호에 해당하게 된 경우에는 그 선정을 취소하여야 하며, 제3호 또는 제4호에 해당하게 된 경우에는 그 선정을 취소할 수 있다.
1. 거짓 또는 부정한 방법으로 위탁사업자로 선정된 경우
2. 등록시스템을 제1항에 따른 목적 외의 목적으로 이용하거나 제3자로 하여금 이용하게 한 경우
3. 제4항에 따른 선정기준을 충족하지 못하게 된 경우
4. 제5항에 따른 조사 결과 원래의 선정 목적을 달성하기 어렵다고 인정되는 경우
⑦ 제1항부터 제6항까지에서 규정한 사항 외에 등록시스템의 구축 및 운영에 관하여 필요한 사항은 총리령으로 정한다.","법령명: 방문판매 등에 관한 법률
조문: 제42조 (전화권유판매 수신거부의사 등록시스템 등)
내용: 제42조(전화권유판매 수신거부의사 등록시스템 등)
① 공정거래위원회는 전화권유판매자의 행위로부터 소비자를 보호하기 위하여 소비자가 수신거부의사를 명시적으로 표시하여 등록할 수 있는 수신거부의사 등록시스템(이하 이 조에서 ""등록시스템""이라 한다)을 구축할 수 있다.
② 전화권유판매자는 전화권유판매를 하려는 경우에는 대통령령으로 정하는 바에 따라 등록시스템에서 소비자의 수신거부의사 등록 여부를 확인하여야 하며, 전화권유판매 수신거부의사를 등록한 소비자에게 전화권유판매를 하여서는 아니 된다. 다만, 전화권유판매업자가 총리령으로 정하는 바에 따라 소비자로부터 개별적인 동의를 받은 경우에는 그러하지 아니하다.
③ 공정거래위원회는 등록시스템의 운용을 다음 각 호의 어느 하나에 해당하는 기관 또는 단체에 위탁할 수 있으며, 해당 기관 또는 단체에 그 원활한 운용에 필요한 비용의 전부 또는 일부를 지원할 수 있다.
1. 「소비자기본법」에 따라 설립된 기관 또는 등록된 소비자단체
2. 그 밖에 제54조에 따라 등록된 사업자단체 또는 다른 법률에 따라 소비자보호를 위하여 설립된 기관 또는 단체
④ 제3항에 따라 운용을 위탁받을 수 있는 대상 기관 또는 단체의 선정 절차 및 기준은 대통령령으로 정한다.
⑤ 공정거래위원회는 제3항에 따른 위탁사무의 적정한 운용 및 관리를 위하여 필요하다고 인정하는 경우에는 자료의 제출을 요구하거나 소속 공무원으로 하여금 해당 위탁사무를 조사하게 할 수 있다. 이 경우 조사의 방법ㆍ절차 등에 관하여는 대통령령으로 정한다.
⑥ 공정거래위원회는 제3항에 따라 위탁사업자로 선정된 자가 제1호 또는 제2호에 해당하게 된 경우에는 그 선정을 취소하여야 하며, 제3호 또는 제4호에 해당하게 된 경우에는 그 선정을 취소할 수 있다.
1. 거짓 또는 부정한 방법으로 위탁사업자로 선정된 경우
2. 등록시스템을 제1항에 따른 목적 외의 목적으로 이용하거나 제3자로 하여금 이용하게 한 경우
3. 제4항에 따른 선정기준을 충족하지 못하게 된 경우
4. 제5항에 따른 조사 결과 원래의 선정 목적을 달성하기 어렵다고 인정되는 경우
⑦ 제1항부터 제6항까지에서 규정한 사항 외에 등록시스템의 구축 및 운영에 관하여 필요한 사항은 총리령으로 정한다.",https://www.law.go.kr/법령/방문판매 등에 관한 법률
000354,방문판매 등에 관한 법률,법률,공정거래위원회,20250121,20250121,43,,위반행위의 조사 등,제43조(위반행위의 조사 등),"① 공정거래위원회, 시ㆍ도지사 또는 시장ㆍ군수ㆍ구청장(이하 ""행정청""이라 한다)은 이 법을 위반한 사실이 있다고 인정할 때에는 직권으로 필요한 조사를 할 수 있다. 다만, 다단계판매 및 후원방문판매와 관련된 규정의 위반 사실에 대하여는 공정거래위원회 또는 시ㆍ도지사가 조사를 할 수 있다.
② 시ㆍ도지사 또는 시장ㆍ군수ㆍ구청장이 제1항에 따른 조사를 하려는 경우에는 공정거래위원회에 통보하여야 하며, 공정거래위원회는 조사 등이 중복될 우려가 있는 경우에는 시ㆍ도지사 또는 시장ㆍ군수ㆍ구청장에게 조사의 중지를 요청할 수 있다. 이 경우 요청을 받은 시ㆍ도지사 또는 시장ㆍ군수ㆍ구청장은 상당한 이유가 없으면 그 조사를 중지하여야 한다.
③ 행정청은 제1항에 따라 조사를 한 경우에는 그 결과(조사 결과 시정조치명령 등의 처분을 하려는 경우에는 그 처분의 내용을 포함한다)를 해당 사건의 당사자에게 문서로 알려야 한다.
④ 공정거래위원회는 제1항의 조사를 위하여 「소비자기본법」 제33조에 따른 한국소비자원(이하 이 조에서 ""한국소비자원""이라 한다)과 합동으로 조사반을 구성할 수 있다. 이 경우 조사반의 구성과 조사에 관한 구체적 방법과 절차, 그 밖에 필요한 사항은 대통령령으로 정한다.
⑤ 공정거래위원회는 합동조사반의 구성원이 되는 한국소비자원 임직원에 대하여 예산의 범위에서 수당이나 여비를 지급할 수 있다.
⑥ 제4항에 따라 해당 업무를 담당하는 한국소비자원의 임직원은 「형법」 제127조와 제129조부터 제132조까지의 규정에 따른 벌칙을 적용할 때에는 공무원으로 본다.
⑦ 누구든지 이 법의 규정에 위반되는 사실이 있다고 인정할 때에는 그 사실을 행정청에 신고할 수 있다. 다만, 다단계판매 및 후원방문판매와 관련된 규정에 위반되는 사실에 대하여는 공정거래위원회 또는 시ㆍ도지사에게 신고할 수 있다.
⑧ 공정거래위원회는 이 법을 위반하는 행위가 끝난 날부터 5년이 지난 경우 그 위반행위에 대하여는 제49조에 따른 시정조치를 명하거나 제51조에 따른 과징금을 부과하지 아니한다. 다만, 시정조치 또는 과징금 부과처분이 판결의 취지에 따라 취소된 경우로서 그 판결 이유에 따라 새로운 처분을 하는 경우에는 그러하지 아니하다.","제43조(위반행위의 조사 등)
① 공정거래위원회, 시ㆍ도지사 또는 시장ㆍ군수ㆍ구청장(이하 ""행정청""이라 한다)은 이 법을 위반한 사실이 있다고 인정할 때에는 직권으로 필요한 조사를 할 수 있다. 다만, 다단계판매 및 후원방문판매와 관련된 규정의 위반 사실에 대하여는 공정거래위원회 또는 시ㆍ도지사가 조사를 할 수 있다.
② 시ㆍ도지사 또는 시장ㆍ군수ㆍ구청장이 제1항에 따른 조사를 하려는 경우에는 공정거래위원회에 통보하여야 하며, 공정거래위원회는 조사 등이 중복될 우려가 있는 경우에는 시ㆍ도지사 또는 시장ㆍ군수ㆍ구청장에게 조사의 중지를 요청할 수 있다. 이 경우 요청을 받은 시ㆍ도지사 또는 시장ㆍ군수ㆍ구청장은 상당한 이유가 없으면 그 조사를 중지하여야 한다.
③ 행정청은 제1항에 따라 조사를 한 경우에는 그 결과(조사 결과 시정조치명령 등의 처분을 하려는 경우에는 그 처분의 내용을 포함한다)를 해당 사건의 당사자에게 문서로 알려야 한다.
④ 공정거래위원회는 제1항의 조사를 위하여 「소비자기본법」 제33조에 따른 한국소비자원(이하 이 조에서 ""한국소비자원""이라 한다)과 합동으로 조사반을 구성할 수 있다. 이 경우 조사반의 구성과 조사에 관한 구체적 방법과 절차, 그 밖에 필요한 사항은 대통령령으로 정한다.
⑤ 공정거래위원회는 합동조사반의 구성원이 되는 한국소비자원 임직원에 대하여 예산의 범위에서 수당이나 여비를 지급할 수 있다.
⑥ 제4항에 따라 해당 업무를 담당하는 한국소비자원의 임직원은 「형법」 제127조와 제129조부터 제132조까지의 규정에 따른 벌칙을 적용할 때에는 공무원으로 본다.
⑦ 누구든지 이 법의 규정에 위반되는 사실이 있다고 인정할 때에는 그 사실을 행정청에 신고할 수 있다. 다만, 다단계판매 및 후원방문판매와 관련된 규정에 위반되는 사실에 대하여는 공정거래위원회 또는 시ㆍ도지사에게 신고할 수 있다.
⑧ 공정거래위원회는 이 법을 위반하는 행위가 끝난 날부터 5년이 지난 경우 그 위반행위에 대하여는 제49조에 따른 시정조치를 명하거나 제51조에 따른 과징금을 부과하지 아니한다. 다만, 시정조치 또는 과징금 부과처분이 판결의 취지에 따라 취소된 경우로서 그 판결 이유에 따라 새로운 처분을 하는 경우에는 그러하지 아니하다.","법령명: 방문판매 등에 관한 법률
조문: 제43조 (위반행위의 조사 등)
내용: 제43조(위반행위의 조사 등)
① 공정거래위원회, 시ㆍ도지사 또는 시장ㆍ군수ㆍ구청장(이하 ""행정청""이라 한다)은 이 법을 위반한 사실이 있다고 인정할 때에는 직권으로 필요한 조사를 할 수 있다. 다만, 다단계판매 및 후원방문판매와 관련된 규정의 위반 사실에 대하여는 공정거래위원회 또는 시ㆍ도지사가 조사를 할 수 있다.
② 시ㆍ도지사 또는 시장ㆍ군수ㆍ구청장이 제1항에 따른 조사를 하려는 경우에는 공정거래위원회에 통보하여야 하며, 공정거래위원회는 조사 등이 중복될 우려가 있는 경우에는 시ㆍ도지사 또는 시장ㆍ군수ㆍ구청장에게 조사의 중지를 요청할 수 있다. 이 경우 요청을 받은 시ㆍ도지사 또는 시장ㆍ군수ㆍ구청장은 상당한 이유가 없으면 그 조사를 중지하여야 한다.
③ 행정청은 제1항에 따라 조사를 한 경우에는 그 결과(조사 결과 시정조치명령 등의 처분을 하려는 경우에는 그 처분의 내용을 포함한다)를 해당 사건의 당사자에게 문서로 알려야 한다.
④ 공정거래위원회는 제1항의 조사를 위하여 「소비자기본법」 제33조에 따른 한국소비자원(이하 이 조에서 ""한국소비자원""이라 한다)과 합동으로 조사반을 구성할 수 있다. 이 경우 조사반의 구성과 조사에 관한 구체적 방법과 절차, 그 밖에 필요한 사항은 대통령령으로 정한다.
⑤ 공정거래위원회는 합동조사반의 구성원이 되는 한국소비자원 임직원에 대하여 예산의 범위에서 수당이나 여비를 지급할 수 있다.
⑥ 제4항에 따라 해당 업무를 담당하는 한국소비자원의 임직원은 「형법」 제127조와 제129조부터 제132조까지의 규정에 따른 벌칙을 적용할 때에는 공무원으로 본다.
⑦ 누구든지 이 법의 규정에 위반되는 사실이 있다고 인정할 때에는 그 사실을 행정청에 신고할 수 있다. 다만, 다단계판매 및 후원방문판매와 관련된 규정에 위반되는 사실에 대하여는 공정거래위원회 또는 시ㆍ도지사에게 신고할 수 있다.
⑧ 공정거래위원회는 이 법을 위반하는 행위가 끝난 날부터 5년이 지난 경우 그 위반행위에 대하여는 제49조에 따른 시정조치를 명하거나 제51조에 따른 과징금을 부과하지 아니한다. 다만, 시정조치 또는 과징금 부과처분이 판결의 취지에 따라 취소된 경우로서 그 판결 이유에 따라 새로운 처분을 하는 경우에는 그러하지 아니하다.",https://www.law.go.kr/법령/방문판매 등에 관한 법률
000354,방문판매 등에 관한 법률,법률,공정거래위원회,20250121,20250121,43,2,실태조사 등,제43조의2(실태조사 등),"① 공정거래위원회는 특수판매에서의 건전한 거래질서 확립 및 소비자 보호를 위하여 특수판매에 대한 실태조사와 교육을 실시할 수 있다.
② 제1항에 따른 실태조사의 방법, 절차 등에 필요한 사항은 대통령령으로 정한다.","제43조의2(실태조사 등)
① 공정거래위원회는 특수판매에서의 건전한 거래질서 확립 및 소비자 보호를 위하여 특수판매에 대한 실태조사와 교육을 실시할 수 있다.
② 제1항에 따른 실태조사의 방법, 절차 등에 필요한 사항은 대통령령으로 정한다.","법령명: 방문판매 등에 관한 법률
조문: 제43조의2 (실태조사 등)
내용: 제43조의2(실태조사 등)
① 공정거래위원회는 특수판매에서의 건전한 거래질서 확립 및 소비자 보호를 위하여 특수판매에 대한 실태조사와 교육을 실시할 수 있다.
② 제1항에 따른 실태조사의 방법, 절차 등에 필요한 사항은 대통령령으로 정한다.",https://www.law.go.kr/법령/방문판매 등에 관한 법률
000354,방문판매 등에 관한 법률,법률,공정거래위원회,20250121,20250121,44,,포상금의 지급,제44조(포상금의 지급),"① 공정거래위원회는 다음 각 호의 어느 하나에 해당하는 위반행위를 신고 또는 제보하고 이를 입증할 수 있는 증거자료를 제출한 자에 대하여 예산의 범위에서 포상금을 지급할 수 있다.
1. 제13조제1항 또는 제29조제3항을 위반하여 등록을 하지 아니하고 다단계판매조직 또는 후원방문판매조직을 개설ㆍ관리 또는 운영하는 행위
2. 제24조를 위반한 행위
② 제1항에 따른 포상금의 지급대상이 되는 이 법 위반행위 및 포상금 지급대상자의 범위, 포상금 지급의 기준ㆍ절차 등에 관하여 필요한 사항은 대통령령으로 정한다.","제44조(포상금의 지급)
① 공정거래위원회는 다음 각 호의 어느 하나에 해당하는 위반행위를 신고 또는 제보하고 이를 입증할 수 있는 증거자료를 제출한 자에 대하여 예산의 범위에서 포상금을 지급할 수 있다.
1. 제13조제1항 또는 제29조제3항을 위반하여 등록을 하지 아니하고 다단계판매조직 또는 후원방문판매조직을 개설ㆍ관리 또는 운영하는 행위
2. 제24조를 위반한 행위
② 제1항에 따른 포상금의 지급대상이 되는 이 법 위반행위 및 포상금 지급대상자의 범위, 포상금 지급의 기준ㆍ절차 등에 관하여 필요한 사항은 대통령령으로 정한다.","법령명: 방문판매 등에 관한 법률
조문: 제44조 (포상금의 지급)
내용: 제44조(포상금의 지급)
① 공정거래위원회는 다음 각 호의 어느 하나에 해당하는 위반행위를 신고 또는 제보하고 이를 입증할 수 있는 증거자료를 제출한 자에 대하여 예산의 범위에서 포상금을 지급할 수 있다.
1. 제13조제1항 또는 제29조제3항을 위반하여 등록을 하지 아니하고 다단계판매조직 또는 후원방문판매조직을 개설ㆍ관리 또는 운영하는 행위
2. 제24조를 위반한 행위
② 제1항에 따른 포상금의 지급대상이 되는 이 법 위반행위 및 포상금 지급대상자의 범위, 포상금 지급의 기준ㆍ절차 등에 관하여 필요한 사항은 대통령령으로 정한다.",https://www.law.go.kr/법령/방문판매 등에 관한 법률
000354,방문판매 등에 관한 법률,법률,공정거래위원회,20250121,20250121,44,2,포상금의 환수 등,제44조의2(포상금의 환수 등),"① 공정거래위원회는 제44조제1항에 따라 포상금을 지급한 후 다음 각 호의 어느 하나에 해당하는 사실이 발견된 경우에는 해당 포상금을 지급받은 자에게 반환할 금액을 통지하여야 하고, 해당 포상금을 지급받은 자는 그 통지를 받은 날부터 30일 이내에 이를 납부하여야 한다.
1. 위법 또는 부당한 방법의 증거수집, 허위신고, 거짓진술, 증거위조 등 부정한 방법으로 포상금을 지급받은 경우
2. 동일한 원인으로 다른 법령에 따라 포상금 등을 지급받은 경우
3. 그 밖에 착오 등의 사유로 포상금이 잘못 지급된 경우
② 공정거래위원회는 제1항에 따라 포상금을 반환하여야 할 자가 납부 기한까지 그 금액을 납부하지 아니한 때에는 국세 체납처분의 예에 따라 징수할 수 있다.","제44조의2(포상금의 환수 등)
① 공정거래위원회는 제44조제1항에 따라 포상금을 지급한 후 다음 각 호의 어느 하나에 해당하는 사실이 발견된 경우에는 해당 포상금을 지급받은 자에게 반환할 금액을 통지하여야 하고, 해당 포상금을 지급받은 자는 그 통지를 받은 날부터 30일 이내에 이를 납부하여야 한다.
1. 위법 또는 부당한 방법의 증거수집, 허위신고, 거짓진술, 증거위조 등 부정한 방법으로 포상금을 지급받은 경우
2. 동일한 원인으로 다른 법령에 따라 포상금 등을 지급받은 경우
3. 그 밖에 착오 등의 사유로 포상금이 잘못 지급된 경우
② 공정거래위원회는 제1항에 따라 포상금을 반환하여야 할 자가 납부 기한까지 그 금액을 납부하지 아니한 때에는 국세 체납처분의 예에 따라 징수할 수 있다.","법령명: 방문판매 등에 관한 법률
조문: 제44조의2 (포상금의 환수 등)
내용: 제44조의2(포상금의 환수 등)
① 공정거래위원회는 제44조제1항에 따라 포상금을 지급한 후 다음 각 호의 어느 하나에 해당하는 사실이 발견된 경우에는 해당 포상금을 지급받은 자에게 반환할 금액을 통지하여야 하고, 해당 포상금을 지급받은 자는 그 통지를 받은 날부터 30일 이내에 이를 납부하여야 한다.
1. 위법 또는 부당한 방법의 증거수집, 허위신고, 거짓진술, 증거위조 등 부정한 방법으로 포상금을 지급받은 경우
2. 동일한 원인으로 다른 법령에 따라 포상금 등을 지급받은 경우
3. 그 밖에 착오 등의 사유로 포상금이 잘못 지급된 경우
② 공정거래위원회는 제1항에 따라 포상금을 반환하여야 할 자가 납부 기한까지 그 금액을 납부하지 아니한 때에는 국세 체납처분의 예에 따라 징수할 수 있다.",https://www.law.go.kr/법령/방문판매 등에 관한 법률
000354,방문판매 등에 관한 법률,법률,공정거래위원회,20250121,20250121,45,,부당행위에 대한 정보의 공개,제45조(부당행위에 대한 정보의 공개) 공정거래위원회는 특수판매의 공정거래질서 확립과 소비자피해 예방을 위하여 필요한 경우에는 대통령령으로 정하는 바에 따라 특수판매업자의 이 법 위반행위에 대한 조사 결과 등 부당행위에 대한 정보를 공개할 수 있다.,,제45조(부당행위에 대한 정보의 공개) 공정거래위원회는 특수판매의 공정거래질서 확립과 소비자피해 예방을 위하여 필요한 경우에는 대통령령으로 정하는 바에 따라 특수판매업자의 이 법 위반행위에 대한 조사 결과 등 부당행위에 대한 정보를 공개할 수 있다.,"법령명: 방문판매 등에 관한 법률
조문: 제45조 (부당행위에 대한 정보의 공개)
내용: 제45조(부당행위에 대한 정보의 공개) 공정거래위원회는 특수판매의 공정거래질서 확립과 소비자피해 예방을 위하여 필요한 경우에는 대통령령으로 정하는 바에 따라 특수판매업자의 이 법 위반행위에 대한 조사 결과 등 부당행위에 대한 정보를 공개할 수 있다.",https://www.law.go.kr/법령/방문판매 등에 관한 법률
000354,방문판매 등에 관한 법률,법률,공정거래위원회,20250121,20250121,46,,평가ㆍ인증 사업의 공정화,제46조(평가ㆍ인증 사업의 공정화),"① 특수판매의 공정거래질서 확립 및 소비자보호를 위하여 관련 특수판매업자의 평가ㆍ인증 등의 업무를 하는 자(이하 ""평가ㆍ인증사업자""라 한다)는 그 명칭에 상관없이 대통령령으로 정하는 바에 따라 그 평가ㆍ인증에 관한 기준ㆍ방법 등을 공시하고, 그에 따라 공정하게 평가ㆍ인증하여야 한다.
② 제1항에 따른 평가ㆍ인증의 기준 및 방법은 특수판매업자가 거래의 공정화 및 소비자보호를 위하여 기울인 노력과 그 성과에 관한 정보를 전달하는 데에 적절한 것이어야 한다.
③ 공정거래위원회는 평가ㆍ인증사업자에게 운용 상황 등에 관한 자료를 제출하도록 할 수 있다.","제46조(평가ㆍ인증 사업의 공정화)
① 특수판매의 공정거래질서 확립 및 소비자보호를 위하여 관련 특수판매업자의 평가ㆍ인증 등의 업무를 하는 자(이하 ""평가ㆍ인증사업자""라 한다)는 그 명칭에 상관없이 대통령령으로 정하는 바에 따라 그 평가ㆍ인증에 관한 기준ㆍ방법 등을 공시하고, 그에 따라 공정하게 평가ㆍ인증하여야 한다.
② 제1항에 따른 평가ㆍ인증의 기준 및 방법은 특수판매업자가 거래의 공정화 및 소비자보호를 위하여 기울인 노력과 그 성과에 관한 정보를 전달하는 데에 적절한 것이어야 한다.
③ 공정거래위원회는 평가ㆍ인증사업자에게 운용 상황 등에 관한 자료를 제출하도록 할 수 있다.","법령명: 방문판매 등에 관한 법률
조문: 제46조 (평가ㆍ인증 사업의 공정화)
내용: 제46조(평가ㆍ인증 사업의 공정화)
① 특수판매의 공정거래질서 확립 및 소비자보호를 위하여 관련 특수판매업자의 평가ㆍ인증 등의 업무를 하는 자(이하 ""평가ㆍ인증사업자""라 한다)는 그 명칭에 상관없이 대통령령으로 정하는 바에 따라 그 평가ㆍ인증에 관한 기준ㆍ방법 등을 공시하고, 그에 따라 공정하게 평가ㆍ인증하여야 한다.
② 제1항에 따른 평가ㆍ인증의 기준 및 방법은 특수판매업자가 거래의 공정화 및 소비자보호를 위하여 기울인 노력과 그 성과에 관한 정보를 전달하는 데에 적절한 것이어야 한다.
③ 공정거래위원회는 평가ㆍ인증사업자에게 운용 상황 등에 관한 자료를 제출하도록 할 수 있다.",https://www.law.go.kr/법령/방문판매 등에 관한 법률
000354,방문판매 등에 관한 법률,법률,공정거래위원회,20250121,20250121,47,,보고 및 감독,제47조(보고 및 감독),"① 시ㆍ도지사 또는 시장ㆍ군수ㆍ구청장은 제48조에 따른 시정권고를 하는 경우에는 대통령령으로 정하는 바에 따라 공정거래위원회에 보고하여야 한다.
② 공정거래위원회는 이 법의 효율적인 시행을 위하여 필요하다고 인정할 때에는 그 소관 사항에 관하여 시ㆍ도지사 또는 시장ㆍ군수ㆍ구청장 등에게 조사ㆍ확인 또는 자료의 제출을 요구하거나 그 밖에 시정에 필요한 조치를 하도록 요구할 수 있다. 이 경우 시ㆍ도지사 또는 시장ㆍ군수ㆍ구청장은 특별한 사유가 없으면 이에 따라야 한다.","제47조(보고 및 감독)
① 시ㆍ도지사 또는 시장ㆍ군수ㆍ구청장은 제48조에 따른 시정권고를 하는 경우에는 대통령령으로 정하는 바에 따라 공정거래위원회에 보고하여야 한다.
② 공정거래위원회는 이 법의 효율적인 시행을 위하여 필요하다고 인정할 때에는 그 소관 사항에 관하여 시ㆍ도지사 또는 시장ㆍ군수ㆍ구청장 등에게 조사ㆍ확인 또는 자료의 제출을 요구하거나 그 밖에 시정에 필요한 조치를 하도록 요구할 수 있다. 이 경우 시ㆍ도지사 또는 시장ㆍ군수ㆍ구청장은 특별한 사유가 없으면 이에 따라야 한다.","법령명: 방문판매 등에 관한 법률
조문: 제47조 (보고 및 감독)
내용: 제47조(보고 및 감독)
① 시ㆍ도지사 또는 시장ㆍ군수ㆍ구청장은 제48조에 따른 시정권고를 하는 경우에는 대통령령으로 정하는 바에 따라 공정거래위원회에 보고하여야 한다.
② 공정거래위원회는 이 법의 효율적인 시행을 위하여 필요하다고 인정할 때에는 그 소관 사항에 관하여 시ㆍ도지사 또는 시장ㆍ군수ㆍ구청장 등에게 조사ㆍ확인 또는 자료의 제출을 요구하거나 그 밖에 시정에 필요한 조치를 하도록 요구할 수 있다. 이 경우 시ㆍ도지사 또는 시장ㆍ군수ㆍ구청장은 특별한 사유가 없으면 이에 따라야 한다.",https://www.law.go.kr/법령/방문판매 등에 관한 법률
000354,방문판매 등에 관한 법률,법률,공정거래위원회,20250121,20250121,48,,위반행위의 시정권고,제48조(위반행위의 시정권고),"① 행정청은 사업자가 이 법에 위반되는 행위를 하거나 이 법에 따른 의무를 이행하지 아니하는 경우 제49조에 따른 시정조치를 하기 전에 그 사업자가 해당 행위의 중지, 이 법에 따른 의무의 이행, 그 밖에 소비자피해 예방 및 구제에 필요한 조치를 하도록 시정 방안을 정하여 그 사업자에게 이에 따를 것을 권고할 수 있다. 이 경우 해당 사업자가 그 권고를 수락한 경우에는 제3항에 따라 시정조치가 내려진 것으로 본다는 뜻을 함께 통지하여야 한다.
② 제1항에 따라 시정권고를 받은 사업자는 그 통지를 받은 날부터 10일 이내에 그 권고의 수락 여부를 시정권고를 한 행정청에 통지하여야 한다.
③ 제1항에 따라 시정권고를 받은 사업자가 이를 수락한 때에는 제49조에 따른 시정조치가 내려진 것으로 본다.","제48조(위반행위의 시정권고)
① 행정청은 사업자가 이 법에 위반되는 행위를 하거나 이 법에 따른 의무를 이행하지 아니하는 경우 제49조에 따른 시정조치를 하기 전에 그 사업자가 해당 행위의 중지, 이 법에 따른 의무의 이행, 그 밖에 소비자피해 예방 및 구제에 필요한 조치를 하도록 시정 방안을 정하여 그 사업자에게 이에 따를 것을 권고할 수 있다. 이 경우 해당 사업자가 그 권고를 수락한 경우에는 제3항에 따라 시정조치가 내려진 것으로 본다는 뜻을 함께 통지하여야 한다.
② 제1항에 따라 시정권고를 받은 사업자는 그 통지를 받은 날부터 10일 이내에 그 권고의 수락 여부를 시정권고를 한 행정청에 통지하여야 한다.
③ 제1항에 따라 시정권고를 받은 사업자가 이를 수락한 때에는 제49조에 따른 시정조치가 내려진 것으로 본다.","법령명: 방문판매 등에 관한 법률
조문: 제48조 (위반행위의 시정권고)
내용: 제48조(위반행위의 시정권고)
① 행정청은 사업자가 이 법에 위반되는 행위를 하거나 이 법에 따른 의무를 이행하지 아니하는 경우 제49조에 따른 시정조치를 하기 전에 그 사업자가 해당 행위의 중지, 이 법에 따른 의무의 이행, 그 밖에 소비자피해 예방 및 구제에 필요한 조치를 하도록 시정 방안을 정하여 그 사업자에게 이에 따를 것을 권고할 수 있다. 이 경우 해당 사업자가 그 권고를 수락한 경우에는 제3항에 따라 시정조치가 내려진 것으로 본다는 뜻을 함께 통지하여야 한다.
② 제1항에 따라 시정권고를 받은 사업자는 그 통지를 받은 날부터 10일 이내에 그 권고의 수락 여부를 시정권고를 한 행정청에 통지하여야 한다.
③ 제1항에 따라 시정권고를 받은 사업자가 이를 수락한 때에는 제49조에 따른 시정조치가 내려진 것으로 본다.",https://www.law.go.kr/법령/방문판매 등에 관한 법률
000354,방문판매 등에 관한 법률,법률,공정거래위원회,20250121,20250121,49,,시정조치 등,제49조(시정조치 등),"① 공정거래위원회는 사업자가 다음 각 호의 어느 하나(제29조제3항에 따라 준용되는 경우를 포함한다)에 해당하는 행위를 하거나 이 법에 따른 의무를 이행하지 아니하는 경우 해당 사업자 등에 대하여 그 시정을 위한 조치를 명할 수 있다. <개정 2018.6.12, 2021.4.20>
1. 제5조제1항부터 제3항까지, 제6조, 제7조제1항부터 제3항까지 및 제5항, 제7조의2, 제8조제5항, 제9조, 제10조제1항, 제12조제1항, 제13조제1항부터 제3항까지 및 제7항, 제14조부터 제24조까지, 제26조제1항 및 제2항, 제28조, 제29조제1항 및 제2항, 제30조, 제32조제1항부터 제3항까지, 제33조, 제35조제2항, 제37조제1항ㆍ제4항ㆍ제5항 및 제7항, 제42조제2항, 제46조제1항 및 제2항, 제55조를 위반하는 경우
2. 제11조제1항 각 호의 어느 하나, 제23조제1항 각 호의 어느 하나, 제24조제1항 각 호의 어느 하나 또는 제34조제1항 각 호의 어느 하나에 해당하는 금지행위를 한 경우
3. 제36조제2항 후단에 따라 거래기록을 보존하는 특수판매업자가 거래기록의 대상ㆍ범위ㆍ기간 및 열람 방법 등에 관하여 대통령령으로 정하는 바에 따라 보존하지 아니한 경우
② 제1항에 따른 시정을 위한 조치는 다음 각 호의 어느 하나에 해당하는 조치를 포함한다.
1. 해당 위반행위의 중지
2. 이 법에 규정된 의무의 이행
3. 시정조치를 받은 사실의 공표
4. 소비자피해 예방 및 구제에 필요한 조치
5. 그 밖에 시정을 위하여 필요한 조치
③ 제2항제3호에 따른 시정조치를 받은 사실의 공표에 필요한 사항은 대통령령으로 정한다.
④ 공정거래위원회는 사업자가 다음 각 호의 어느 하나에 해당하는 경우에는 대통령령으로 정하는 바에 따라 1년 이내의 기간을 정하여 그 영업의 전부 또는 일부의 정지를 명할 수 있다.
1. 제1항의 시정조치에도 불구하고 최근 3년간 같은 위반행위가 2회 이상 반복되는 경우(행위의 기준은 처분일로 한다)
2. 시정조치를 이행하지 아니한 경우
3. 시정조치만으로는 소비자피해를 방지하기 어렵거나 소비자에 대한 피해보상이 불가능하다고 판단되는 경우
⑤ 공정거래위원회 또는 시ㆍ도지사는 사업자가 제1호에 해당하는 경우(제29조제3항에 따라 준용되는 경우를 포함한다)에는 그 등록을 취소하여야 하고, 제2호부터 제4호까지의 규정에 해당하는 경우(제29조제3항에 따라 준용되는 경우를 포함한다)에는 대통령령으로 정하는 바에 따라 그 등록을 취소할 수 있다.
1. 속임수나 그 밖의 부정한 방법으로 제13조제1항에 따른 등록을 한 경우
2. 제14조 각 호의 결격사유에 해당하게 된 경우
3. 소비자피해보상보험계약등이 해지된 경우
4. 영업정지기간 중에 영업을 하는 경우","제49조(시정조치 등)
① 공정거래위원회는 사업자가 다음 각 호의 어느 하나(제29조제3항에 따라 준용되는 경우를 포함한다)에 해당하는 행위를 하거나 이 법에 따른 의무를 이행하지 아니하는 경우 해당 사업자 등에 대하여 그 시정을 위한 조치를 명할 수 있다. <개정 2018.6.12, 2021.4.20>
1. 제5조제1항부터 제3항까지, 제6조, 제7조제1항부터 제3항까지 및 제5항, 제7조의2, 제8조제5항, 제9조, 제10조제1항, 제12조제1항, 제13조제1항부터 제3항까지 및 제7항, 제14조부터 제24조까지, 제26조제1항 및 제2항, 제28조, 제29조제1항 및 제2항, 제30조, 제32조제1항부터 제3항까지, 제33조, 제35조제2항, 제37조제1항ㆍ제4항ㆍ제5항 및 제7항, 제42조제2항, 제46조제1항 및 제2항, 제55조를 위반하는 경우
2. 제11조제1항 각 호의 어느 하나, 제23조제1항 각 호의 어느 하나, 제24조제1항 각 호의 어느 하나 또는 제34조제1항 각 호의 어느 하나에 해당하는 금지행위를 한 경우
3. 제36조제2항 후단에 따라 거래기록을 보존하는 특수판매업자가 거래기록의 대상ㆍ범위ㆍ기간 및 열람 방법 등에 관하여 대통령령으로 정하는 바에 따라 보존하지 아니한 경우
② 제1항에 따른 시정을 위한 조치는 다음 각 호의 어느 하나에 해당하는 조치를 포함한다.
1. 해당 위반행위의 중지
2. 이 법에 규정된 의무의 이행
3. 시정조치를 받은 사실의 공표
4. 소비자피해 예방 및 구제에 필요한 조치
5. 그 밖에 시정을 위하여 필요한 조치
③ 제2항제3호에 따른 시정조치를 받은 사실의 공표에 필요한 사항은 대통령령으로 정한다.
④ 공정거래위원회는 사업자가 다음 각 호의 어느 하나에 해당하는 경우에는 대통령령으로 정하는 바에 따라 1년 이내의 기간을 정하여 그 영업의 전부 또는 일부의 정지를 명할 수 있다.
1. 제1항의 시정조치에도 불구하고 최근 3년간 같은 위반행위가 2회 이상 반복되는 경우(행위의 기준은 처분일로 한다)
2. 시정조치를 이행하지 아니한 경우
3. 시정조치만으로는 소비자피해를 방지하기 어렵거나 소비자에 대한 피해보상이 불가능하다고 판단되는 경우
⑤ 공정거래위원회 또는 시ㆍ도지사는 사업자가 제1호에 해당하는 경우(제29조제3항에 따라 준용되는 경우를 포함한다)에는 그 등록을 취소하여야 하고, 제2호부터 제4호까지의 규정에 해당하는 경우(제29조제3항에 따라 준용되는 경우를 포함한다)에는 대통령령으로 정하는 바에 따라 그 등록을 취소할 수 있다.
1. 속임수나 그 밖의 부정한 방법으로 제13조제1항에 따른 등록을 한 경우
2. 제14조 각 호의 결격사유에 해당하게 된 경우
3. 소비자피해보상보험계약등이 해지된 경우
4. 영업정지기간 중에 영업을 하는 경우","법령명: 방문판매 등에 관한 법률
조문: 제49조 (시정조치 등)
내용: 제49조(시정조치 등)
① 공정거래위원회는 사업자가 다음 각 호의 어느 하나(제29조제3항에 따라 준용되는 경우를 포함한다)에 해당하는 행위를 하거나 이 법에 따른 의무를 이행하지 아니하는 경우 해당 사업자 등에 대하여 그 시정을 위한 조치를 명할 수 있다. <개정 2018.6.12, 2021.4.20>
1. 제5조제1항부터 제3항까지, 제6조, 제7조제1항부터 제3항까지 및 제5항, 제7조의2, 제8조제5항, 제9조, 제10조제1항, 제12조제1항, 제13조제1항부터 제3항까지 및 제7항, 제14조부터 제24조까지, 제26조제1항 및 제2항, 제28조, 제29조제1항 및 제2항, 제30조, 제32조제1항부터 제3항까지, 제33조, 제35조제2항, 제37조제1항ㆍ제4항ㆍ제5항 및 제7항, 제42조제2항, 제46조제1항 및 제2항, 제55조를 위반하는 경우
2. 제11조제1항 각 호의 어느 하나, 제23조제1항 각 호의 어느 하나, 제24조제1항 각 호의 어느 하나 또는 제34조제1항 각 호의 어느 하나에 해당하는 금지행위를 한 경우
3. 제36조제2항 후단에 따라 거래기록을 보존하는 특수판매업자가 거래기록의 대상ㆍ범위ㆍ기간 및 열람 방법 등에 관하여 대통령령으로 정하는 바에 따라 보존하지 아니한 경우
② 제1항에 따른 시정을 위한 조치는 다음 각 호의 어느 하나에 해당하는 조치를 포함한다.
1. 해당 위반행위의 중지
2. 이 법에 규정된 의무의 이행
3. 시정조치를 받은 사실의 공표
4. 소비자피해 예방 및 구제에 필요한 조치
5. 그 밖에 시정을 위하여 필요한 조치
③ 제2항제3호에 따른 시정조치를 받은 사실의 공표에 필요한 사항은 대통령령으로 정한다.
④ 공정거래위원회는 사업자가 다음 각 호의 어느 하나에 해당하는 경우에는 대통령령으로 정하는 바에 따라 1년 이내의 기간을 정하여 그 영업의 전부 또는 일부의 정지를 명할 수 있다.
1. 제1항의 시정조치에도 불구하고 최근 3년간 같은 위반행위가 2회 이상 반복되는 경우(행위의 기준은 처분일로 한다)
2. 시정조치를 이행하지 아니한 경우
3. 시정조치만으로는 소비자피해를 방지하기 어렵거나 소비자에 대한 피해보상이 불가능하다고 판단되는 경우
⑤ 공정거래위원회 또는 시ㆍ도지사는 사업자가 제1호에 해당하는 경우(제29조제3항에 따라 준용되는 경우를 포함한다)에는 그 등록을 취소하여야 하고, 제2호부터 제4호까지의 규정에 해당하는 경우(제29조제3항에 따라 준용되는 경우를 포함한다)에는 대통령령으로 정하는 바에 따라 그 등록을 취소할 수 있다.
1. 속임수나 그 밖의 부정한 방법으로 제13조제1항에 따른 등록을 한 경우
2. 제14조 각 호의 결격사유에 해당하게 된 경우
3. 소비자피해보상보험계약등이 해지된 경우
4. 영업정지기간 중에 영업을 하는 경우",https://www.law.go.kr/법령/방문판매 등에 관한 법률
000354,방문판매 등에 관한 법률,법률,공정거래위원회,20250121,20250121,50,,소비자피해분쟁조정의 요청,제50조(소비자피해분쟁조정의 요청),"① 행정청은 이 법 위반행위와 관련하여 소비자의 피해 구제 신청이 있으면 제48조에 따른 시정권고 또는 제49조에 따른 시정조치를 하기 전에 특수판매에 관한 소비자보호 관련 업무를 수행하는 기관 또는 단체 가운데 대통령령으로 정하는 소비자피해분쟁조정기구에 그 조정을 의뢰할 수 있다.
② 행정청은 제1항에 따라 의뢰된 조정안을 당사자가 수락하고 이행하는 경우에는 제49조에 따른 시정조치를 하지 아니한다는 뜻을 당사자에게 알려야 한다.
③ 공정거래위원회는 제1항에 따라 의뢰된 조정안을 당사자가 수락하고 이행한 경우에는 대통령령으로 정하는 바에 따라 제49조에 따른 시정조치를 하지 아니한다. 이 경우 제43조제8항은 적용하지 아니한다.
④ 공정거래위원회는 제1항에 따라 분쟁의 조정을 의뢰하는 경우 예산의 범위에서 해당 분쟁의 조정에 필요한 예산을 지원할 수 있다.","제50조(소비자피해분쟁조정의 요청)
① 행정청은 이 법 위반행위와 관련하여 소비자의 피해 구제 신청이 있으면 제48조에 따른 시정권고 또는 제49조에 따른 시정조치를 하기 전에 특수판매에 관한 소비자보호 관련 업무를 수행하는 기관 또는 단체 가운데 대통령령으로 정하는 소비자피해분쟁조정기구에 그 조정을 의뢰할 수 있다.
② 행정청은 제1항에 따라 의뢰된 조정안을 당사자가 수락하고 이행하는 경우에는 제49조에 따른 시정조치를 하지 아니한다는 뜻을 당사자에게 알려야 한다.
③ 공정거래위원회는 제1항에 따라 의뢰된 조정안을 당사자가 수락하고 이행한 경우에는 대통령령으로 정하는 바에 따라 제49조에 따른 시정조치를 하지 아니한다. 이 경우 제43조제8항은 적용하지 아니한다.
④ 공정거래위원회는 제1항에 따라 분쟁의 조정을 의뢰하는 경우 예산의 범위에서 해당 분쟁의 조정에 필요한 예산을 지원할 수 있다.","법령명: 방문판매 등에 관한 법률
조문: 제50조 (소비자피해분쟁조정의 요청)
내용: 제50조(소비자피해분쟁조정의 요청)
① 행정청은 이 법 위반행위와 관련하여 소비자의 피해 구제 신청이 있으면 제48조에 따른 시정권고 또는 제49조에 따른 시정조치를 하기 전에 특수판매에 관한 소비자보호 관련 업무를 수행하는 기관 또는 단체 가운데 대통령령으로 정하는 소비자피해분쟁조정기구에 그 조정을 의뢰할 수 있다.
② 행정청은 제1항에 따라 의뢰된 조정안을 당사자가 수락하고 이행하는 경우에는 제49조에 따른 시정조치를 하지 아니한다는 뜻을 당사자에게 알려야 한다.
③ 공정거래위원회는 제1항에 따라 의뢰된 조정안을 당사자가 수락하고 이행한 경우에는 대통령령으로 정하는 바에 따라 제49조에 따른 시정조치를 하지 아니한다. 이 경우 제43조제8항은 적용하지 아니한다.
④ 공정거래위원회는 제1항에 따라 분쟁의 조정을 의뢰하는 경우 예산의 범위에서 해당 분쟁의 조정에 필요한 예산을 지원할 수 있다.",https://www.law.go.kr/법령/방문판매 등에 관한 법률
000354,방문판매 등에 관한 법률,법률,공정거래위원회,20250121,20250121,50,2,동의의결,제50조의2(동의의결),"① 공정거래위원회의 조사나 심의를 받고 있는 사업자 또는 사업자단체(이하 이 조부터 제50조의4까지의 규정에서 ""신청인""이라 한다)는 해당 조사나 심의의 대상이 되는 행위(이하 이 조부터 제50조의4까지의 규정에서 ""해당 행위""라 한다)로 인한 불공정한 거래내용 등의 자발적 해결, 소비자의 피해구제 및 거래질서의 개선 등을 위하여 제3항에 따른 동의의결을 하여 줄 것을 공정거래위원회에 신청할 수 있다. 다만, 동의의결이 있기 전 신청인이 신청을 취소하는 경우 공정거래위원회는 동의의결을 하지 아니하고 이 법에 따른 심의 절차를 진행하여야 한다.
② 신청인이 제1항에 따른 신청을 하는 경우 다음 각 호의 사항을 기재한 서면으로 하여야 한다.
1. 해당 행위를 특정할 수 있는 사실관계
2. 해당 행위의 중지, 원상회복 등 경쟁질서의 회복이나 거래질서의 적극적 개선을 위하여 필요한 시정방안
3. 그 밖에 소비자, 다른 사업자 등의 피해를 구제하거나 예방하기 위하여 필요한 시정방안
③ 공정거래위원회는 해당 행위의 사실관계에 대한 조사를 마친 후 제2항제2호 및 제3호에 따른 시정방안(이하 ""시정방안""이라 한다)이 다음 각 호의 요건을 모두 충족한다고 판단되는 경우에는 해당 행위 관련 심의 절차를 중단하고 시정방안과 같은 취지의 의결(이하 ""동의의결""이라 한다)을 할 수 있다. 이 경우 신청인과의 협의를 거쳐 시정방안을 수정할 수 있다.
1. 해당 행위가 이 법을 위반한 것으로 판단될 경우에 예상되는 시정조치 및 그 밖의 제재와 균형을 이룰 것
2. 공정하고 자유로운 경쟁질서나 거래질서를 회복시키거나 소비자, 다른 사업자 등을 보호하기에 적절하다고 인정될 것
④ 공정거래위원회의 동의의결은 해당 행위가 이 법에 위반된다고 인정한 것을 의미하지 아니하며, 누구든지 신청인이 동의의결을 받은 사실을 들어 해당 행위가 이 법에 위반된다고 주장할 수 없다.","제50조의2(동의의결)
① 공정거래위원회의 조사나 심의를 받고 있는 사업자 또는 사업자단체(이하 이 조부터 제50조의4까지의 규정에서 ""신청인""이라 한다)는 해당 조사나 심의의 대상이 되는 행위(이하 이 조부터 제50조의4까지의 규정에서 ""해당 행위""라 한다)로 인한 불공정한 거래내용 등의 자발적 해결, 소비자의 피해구제 및 거래질서의 개선 등을 위하여 제3항에 따른 동의의결을 하여 줄 것을 공정거래위원회에 신청할 수 있다. 다만, 동의의결이 있기 전 신청인이 신청을 취소하는 경우 공정거래위원회는 동의의결을 하지 아니하고 이 법에 따른 심의 절차를 진행하여야 한다.
② 신청인이 제1항에 따른 신청을 하는 경우 다음 각 호의 사항을 기재한 서면으로 하여야 한다.
1. 해당 행위를 특정할 수 있는 사실관계
2. 해당 행위의 중지, 원상회복 등 경쟁질서의 회복이나 거래질서의 적극적 개선을 위하여 필요한 시정방안
3. 그 밖에 소비자, 다른 사업자 등의 피해를 구제하거나 예방하기 위하여 필요한 시정방안
③ 공정거래위원회는 해당 행위의 사실관계에 대한 조사를 마친 후 제2항제2호 및 제3호에 따른 시정방안(이하 ""시정방안""이라 한다)이 다음 각 호의 요건을 모두 충족한다고 판단되는 경우에는 해당 행위 관련 심의 절차를 중단하고 시정방안과 같은 취지의 의결(이하 ""동의의결""이라 한다)을 할 수 있다. 이 경우 신청인과의 협의를 거쳐 시정방안을 수정할 수 있다.
1. 해당 행위가 이 법을 위반한 것으로 판단될 경우에 예상되는 시정조치 및 그 밖의 제재와 균형을 이룰 것
2. 공정하고 자유로운 경쟁질서나 거래질서를 회복시키거나 소비자, 다른 사업자 등을 보호하기에 적절하다고 인정될 것
④ 공정거래위원회의 동의의결은 해당 행위가 이 법에 위반된다고 인정한 것을 의미하지 아니하며, 누구든지 신청인이 동의의결을 받은 사실을 들어 해당 행위가 이 법에 위반된다고 주장할 수 없다.","법령명: 방문판매 등에 관한 법률
조문: 제50조의2 (동의의결)
내용: 제50조의2(동의의결)
① 공정거래위원회의 조사나 심의를 받고 있는 사업자 또는 사업자단체(이하 이 조부터 제50조의4까지의 규정에서 ""신청인""이라 한다)는 해당 조사나 심의의 대상이 되는 행위(이하 이 조부터 제50조의4까지의 규정에서 ""해당 행위""라 한다)로 인한 불공정한 거래내용 등의 자발적 해결, 소비자의 피해구제 및 거래질서의 개선 등을 위하여 제3항에 따른 동의의결을 하여 줄 것을 공정거래위원회에 신청할 수 있다. 다만, 동의의결이 있기 전 신청인이 신청을 취소하는 경우 공정거래위원회는 동의의결을 하지 아니하고 이 법에 따른 심의 절차를 진행하여야 한다.
② 신청인이 제1항에 따른 신청을 하는 경우 다음 각 호의 사항을 기재한 서면으로 하여야 한다.
1. 해당 행위를 특정할 수 있는 사실관계
2. 해당 행위의 중지, 원상회복 등 경쟁질서의 회복이나 거래질서의 적극적 개선을 위하여 필요한 시정방안
3. 그 밖에 소비자, 다른 사업자 등의 피해를 구제하거나 예방하기 위하여 필요한 시정방안
③ 공정거래위원회는 해당 행위의 사실관계에 대한 조사를 마친 후 제2항제2호 및 제3호에 따른 시정방안(이하 ""시정방안""이라 한다)이 다음 각 호의 요건을 모두 충족한다고 판단되는 경우에는 해당 행위 관련 심의 절차를 중단하고 시정방안과 같은 취지의 의결(이하 ""동의의결""이라 한다)을 할 수 있다. 이 경우 신청인과의 협의를 거쳐 시정방안을 수정할 수 있다.
1. 해당 행위가 이 법을 위반한 것으로 판단될 경우에 예상되는 시정조치 및 그 밖의 제재와 균형을 이룰 것
2. 공정하고 자유로운 경쟁질서나 거래질서를 회복시키거나 소비자, 다른 사업자 등을 보호하기에 적절하다고 인정될 것
④ 공정거래위원회의 동의의결은 해당 행위가 이 법에 위반된다고 인정한 것을 의미하지 아니하며, 누구든지 신청인이 동의의결을 받은 사실을 들어 해당 행위가 이 법에 위반된다고 주장할 수 없다.",https://www.law.go.kr/법령/방문판매 등에 관한 법률
000354,방문판매 등에 관한 법률,법률,공정거래위원회,20250121,20250121,50,3,동의의결 절차,제50조의3(동의의결 절차),"① 공정거래위원회는 신속한 조치의 필요성, 소비자 피해의 직접 보상 필요성 등을 종합적으로 고려하여 동의의결 절차의 개시 여부를 결정하여야 한다.
② 공정거래위원회는 동의의결을 하기 전에 30일 이상의 기간을 정하여 다음 각 호의 사항을 신고인 등 이해관계인에게 통지하거나, 관보 또는 공정거래위원회의 인터넷 홈페이지에 공고하는 등의 방법으로 의견을 제출할 기회를 주어야 한다.
1. 해당 행위의 개요
2. 관계 법령 조항
3. 시정방안(제50조의2제3항 후단에 따라 시정방안이 수정된 경우에는 그 수정된 시정방안을 말한다)
4. 해당 행위와 관련하여 신고인 등 이해관계인의 이해를 돕는 그 밖의 정보. 다만, 사업상 또는 사생활의 비밀 보호나 그 밖에 공익상 공개하기에 적절하지 아니한 것은 제외한다.
③ 공정거래위원회는 제2항 각 호의 사항을 관계 행정기관의 장에게 통보하고 그 의견을 들어야 한다. 다만, 제58조부터 제64조까지의 규정이 적용되는 행위에 대해서는 검찰총장과 협의하여야 한다.
④ 공정거래위원회는 동의의결을 하거나 이를 취소하는 경우에는 「독점규제 및 공정거래에 관한 법률」 제59조의 구분에 따른 회의의 심의ㆍ의결을 거쳐야 한다.
⑤ 동의의결을 받은 신청인은 제4항의 의결에 따라 동의의결의 이행계획과 이행결과를 공정거래위원회에 제출하여야 한다.
⑥ 공정거래위원회는 제5항에 따라 제출된 이행계획의 이행 여부를 점검할 수 있고, 동의의결을 받은 신청인에게 그 이행에 관련된 자료의 제출을 요청할 수 있다.
⑦ 공정거래위원회는 제6항에 따른 이행계획의 이행 여부 점검 등 동의의결의 이행관리에 관한 업무를 대통령령으로 정하는 바에 따라 조정원 또는 「소비자기본법」 제33조에 따른 한국소비자원(이하 ""소비자원""이라 한다)에 위탁할 수 있다.
⑧ 제7항에 따른 위탁을 받은 기관의 장은 제5항에 따라 신청인이 제출한 동의의결의 이행계획과 이행결과에 대한 이행관리 현황을 분기별로 공정거래위원회에 보고하여야 한다. 다만, 공정거래위원회의 현황 보고 요구가 있는 경우 즉시 이에 따라야 한다.
⑨ 제7항에 따른 위탁을 받은 기관의 장은 동의의결을 받은 신청인이 그 이행을 게을리하거나 이행하지 아니하는 경우에는 지체 없이 그 사실을 공정거래위원회에 통보하여야 한다.
⑩ 제50조의2제2항에 따른 서면의 신청 방법, 의견 조회 방법, 심의ㆍ의결 절차, 조정원 또는 소비자원에 대한 이행관리 업무의 위탁 절차 등 그 밖의 세부 사항은 공정거래위원회가 정하여 고시할 수 있다.","제50조의3(동의의결 절차)
① 공정거래위원회는 신속한 조치의 필요성, 소비자 피해의 직접 보상 필요성 등을 종합적으로 고려하여 동의의결 절차의 개시 여부를 결정하여야 한다.
② 공정거래위원회는 동의의결을 하기 전에 30일 이상의 기간을 정하여 다음 각 호의 사항을 신고인 등 이해관계인에게 통지하거나, 관보 또는 공정거래위원회의 인터넷 홈페이지에 공고하는 등의 방법으로 의견을 제출할 기회를 주어야 한다.
1. 해당 행위의 개요
2. 관계 법령 조항
3. 시정방안(제50조의2제3항 후단에 따라 시정방안이 수정된 경우에는 그 수정된 시정방안을 말한다)
4. 해당 행위와 관련하여 신고인 등 이해관계인의 이해를 돕는 그 밖의 정보. 다만, 사업상 또는 사생활의 비밀 보호나 그 밖에 공익상 공개하기에 적절하지 아니한 것은 제외한다.
③ 공정거래위원회는 제2항 각 호의 사항을 관계 행정기관의 장에게 통보하고 그 의견을 들어야 한다. 다만, 제58조부터 제64조까지의 규정이 적용되는 행위에 대해서는 검찰총장과 협의하여야 한다.
④ 공정거래위원회는 동의의결을 하거나 이를 취소하는 경우에는 「독점규제 및 공정거래에 관한 법률」 제59조의 구분에 따른 회의의 심의ㆍ의결을 거쳐야 한다.
⑤ 동의의결을 받은 신청인은 제4항의 의결에 따라 동의의결의 이행계획과 이행결과를 공정거래위원회에 제출하여야 한다.
⑥ 공정거래위원회는 제5항에 따라 제출된 이행계획의 이행 여부를 점검할 수 있고, 동의의결을 받은 신청인에게 그 이행에 관련된 자료의 제출을 요청할 수 있다.
⑦ 공정거래위원회는 제6항에 따른 이행계획의 이행 여부 점검 등 동의의결의 이행관리에 관한 업무를 대통령령으로 정하는 바에 따라 조정원 또는 「소비자기본법」 제33조에 따른 한국소비자원(이하 ""소비자원""이라 한다)에 위탁할 수 있다.
⑧ 제7항에 따른 위탁을 받은 기관의 장은 제5항에 따라 신청인이 제출한 동의의결의 이행계획과 이행결과에 대한 이행관리 현황을 분기별로 공정거래위원회에 보고하여야 한다. 다만, 공정거래위원회의 현황 보고 요구가 있는 경우 즉시 이에 따라야 한다.
⑨ 제7항에 따른 위탁을 받은 기관의 장은 동의의결을 받은 신청인이 그 이행을 게을리하거나 이행하지 아니하는 경우에는 지체 없이 그 사실을 공정거래위원회에 통보하여야 한다.
⑩ 제50조의2제2항에 따른 서면의 신청 방법, 의견 조회 방법, 심의ㆍ의결 절차, 조정원 또는 소비자원에 대한 이행관리 업무의 위탁 절차 등 그 밖의 세부 사항은 공정거래위원회가 정하여 고시할 수 있다.","법령명: 방문판매 등에 관한 법률
조문: 제50조의3 (동의의결 절차)
내용: 제50조의3(동의의결 절차)
① 공정거래위원회는 신속한 조치의 필요성, 소비자 피해의 직접 보상 필요성 등을 종합적으로 고려하여 동의의결 절차의 개시 여부를 결정하여야 한다.
② 공정거래위원회는 동의의결을 하기 전에 30일 이상의 기간을 정하여 다음 각 호의 사항을 신고인 등 이해관계인에게 통지하거나, 관보 또는 공정거래위원회의 인터넷 홈페이지에 공고하는 등의 방법으로 의견을 제출할 기회를 주어야 한다.
1. 해당 행위의 개요
2. 관계 법령 조항
3. 시정방안(제50조의2제3항 후단에 따라 시정방안이 수정된 경우에는 그 수정된 시정방안을 말한다)
4. 해당 행위와 관련하여 신고인 등 이해관계인의 이해를 돕는 그 밖의 정보. 다만, 사업상 또는 사생활의 비밀 보호나 그 밖에 공익상 공개하기에 적절하지 아니한 것은 제외한다.
③ 공정거래위원회는 제2항 각 호의 사항을 관계 행정기관의 장에게 통보하고 그 의견을 들어야 한다. 다만, 제58조부터 제64조까지의 규정이 적용되는 행위에 대해서는 검찰총장과 협의하여야 한다.
④ 공정거래위원회는 동의의결을 하거나 이를 취소하는 경우에는 「독점규제 및 공정거래에 관한 법률」 제59조의 구분에 따른 회의의 심의ㆍ의결을 거쳐야 한다.
⑤ 동의의결을 받은 신청인은 제4항의 의결에 따라 동의의결의 이행계획과 이행결과를 공정거래위원회에 제출하여야 한다.
⑥ 공정거래위원회는 제5항에 따라 제출된 이행계획의 이행 여부를 점검할 수 있고, 동의의결을 받은 신청인에게 그 이행에 관련된 자료의 제출을 요청할 수 있다.
⑦ 공정거래위원회는 제6항에 따른 이행계획의 이행 여부 점검 등 동의의결의 이행관리에 관한 업무를 대통령령으로 정하는 바에 따라 조정원 또는 「소비자기본법」 제33조에 따른 한국소비자원(이하 ""소비자원""이라 한다)에 위탁할 수 있다.
⑧ 제7항에 따른 위탁을 받은 기관의 장은 제5항에 따라 신청인이 제출한 동의의결의 이행계획과 이행결과에 대한 이행관리 현황을 분기별로 공정거래위원회에 보고하여야 한다. 다만, 공정거래위원회의 현황 보고 요구가 있는 경우 즉시 이에 따라야 한다.
⑨ 제7항에 따른 위탁을 받은 기관의 장은 동의의결을 받은 신청인이 그 이행을 게을리하거나 이행하지 아니하는 경우에는 지체 없이 그 사실을 공정거래위원회에 통보하여야 한다.
⑩ 제50조의2제2항에 따른 서면의 신청 방법, 의견 조회 방법, 심의ㆍ의결 절차, 조정원 또는 소비자원에 대한 이행관리 업무의 위탁 절차 등 그 밖의 세부 사항은 공정거래위원회가 정하여 고시할 수 있다.",https://www.law.go.kr/법령/방문판매 등에 관한 법률
000354,방문판매 등에 관한 법률,법률,공정거래위원회,20250121,20250121,50,4,동의의결의 취소,제50조의4(동의의결의 취소),"① 공정거래위원회는 다음 각 호의 어느 하나에 해당하는 경우에는 동의의결을 취소할 수 있다.
1. 동의의결의 기초가 된 시장상황 등 사실관계의 현저한 변경 등으로 인하여 시정방안이 적정하지 아니하게 된 경우
2. 신청인이 제공한 불완전하거나 부정확한 정보로 인하여 동의의결을 하게 되었거나, 신청인이 거짓 또는 그 밖의 부정한 방법으로 동의의결을 받은 경우
3. 신청인이 정당한 이유 없이 동의의결을 이행하지 아니하는 경우
② 제1항제1호에 따라 동의의결을 취소하는 경우 신청인이 제50조의2제1항에 따라 동의의결을 하여줄 것을 신청하면 공정거래위원회는 다시 동의의결을 할 수 있다. 이 경우 제50조의2부터 제50조의5까지의 규정을 적용한다.
③ 제1항제2호 또는 제3호에 따라 동의의결을 취소하는 경우 공정거래위원회는 제50조의2제3항에 따라 중단된 해당 행위 관련 심의절차를 계속하여 진행할 수 있다.","제50조의4(동의의결의 취소)
① 공정거래위원회는 다음 각 호의 어느 하나에 해당하는 경우에는 동의의결을 취소할 수 있다.
1. 동의의결의 기초가 된 시장상황 등 사실관계의 현저한 변경 등으로 인하여 시정방안이 적정하지 아니하게 된 경우
2. 신청인이 제공한 불완전하거나 부정확한 정보로 인하여 동의의결을 하게 되었거나, 신청인이 거짓 또는 그 밖의 부정한 방법으로 동의의결을 받은 경우
3. 신청인이 정당한 이유 없이 동의의결을 이행하지 아니하는 경우
② 제1항제1호에 따라 동의의결을 취소하는 경우 신청인이 제50조의2제1항에 따라 동의의결을 하여줄 것을 신청하면 공정거래위원회는 다시 동의의결을 할 수 있다. 이 경우 제50조의2부터 제50조의5까지의 규정을 적용한다.
③ 제1항제2호 또는 제3호에 따라 동의의결을 취소하는 경우 공정거래위원회는 제50조의2제3항에 따라 중단된 해당 행위 관련 심의절차를 계속하여 진행할 수 있다.","법령명: 방문판매 등에 관한 법률
조문: 제50조의4 (동의의결의 취소)
내용: 제50조의4(동의의결의 취소)
① 공정거래위원회는 다음 각 호의 어느 하나에 해당하는 경우에는 동의의결을 취소할 수 있다.
1. 동의의결의 기초가 된 시장상황 등 사실관계의 현저한 변경 등으로 인하여 시정방안이 적정하지 아니하게 된 경우
2. 신청인이 제공한 불완전하거나 부정확한 정보로 인하여 동의의결을 하게 되었거나, 신청인이 거짓 또는 그 밖의 부정한 방법으로 동의의결을 받은 경우
3. 신청인이 정당한 이유 없이 동의의결을 이행하지 아니하는 경우
② 제1항제1호에 따라 동의의결을 취소하는 경우 신청인이 제50조의2제1항에 따라 동의의결을 하여줄 것을 신청하면 공정거래위원회는 다시 동의의결을 할 수 있다. 이 경우 제50조의2부터 제50조의5까지의 규정을 적용한다.
③ 제1항제2호 또는 제3호에 따라 동의의결을 취소하는 경우 공정거래위원회는 제50조의2제3항에 따라 중단된 해당 행위 관련 심의절차를 계속하여 진행할 수 있다.",https://www.law.go.kr/법령/방문판매 등에 관한 법률
000354,방문판매 등에 관한 법률,법률,공정거래위원회,20250121,20250121,50,5,이행강제금,제50조의5(이행강제금),"① 공정거래위원회는 정당한 이유 없이 동의의결 시 정한 이행기한까지 동의의결을 이행하지 아니한 자에게 동의의결이 이행되거나 취소되기 전까지 이행기한이 지난 날부터 1일당 200만원 이하의 이행강제금을 부과할 수 있다.
② 이행강제금의 부과ㆍ납부ㆍ징수 및 환급 등에 관하여는 「독점규제 및 공정거래에 관한 법률」 제16조제2항부터 제4항까지를 준용한다. <개정 2025.1.21>","제50조의5(이행강제금)
① 공정거래위원회는 정당한 이유 없이 동의의결 시 정한 이행기한까지 동의의결을 이행하지 아니한 자에게 동의의결이 이행되거나 취소되기 전까지 이행기한이 지난 날부터 1일당 200만원 이하의 이행강제금을 부과할 수 있다.
② 이행강제금의 부과ㆍ납부ㆍ징수 및 환급 등에 관하여는 「독점규제 및 공정거래에 관한 법률」 제16조제2항부터 제4항까지를 준용한다. <개정 2025.1.21>","법령명: 방문판매 등에 관한 법률
조문: 제50조의5 (이행강제금)
내용: 제50조의5(이행강제금)
① 공정거래위원회는 정당한 이유 없이 동의의결 시 정한 이행기한까지 동의의결을 이행하지 아니한 자에게 동의의결이 이행되거나 취소되기 전까지 이행기한이 지난 날부터 1일당 200만원 이하의 이행강제금을 부과할 수 있다.
② 이행강제금의 부과ㆍ납부ㆍ징수 및 환급 등에 관하여는 「독점규제 및 공정거래에 관한 법률」 제16조제2항부터 제4항까지를 준용한다. <개정 2025.1.21>",https://www.law.go.kr/법령/방문판매 등에 관한 법률
000354,방문판매 등에 관한 법률,법률,공정거래위원회,20250121,20250121,51,,과징금,제51조(과징금),"① 공정거래위원회는 제49조제4항에 따른 영업정지를 갈음하여 해당 사업자에 대하여 대통령령으로 정하는 위반행위 관련 매출액을 초과하지 아니하는 범위에서 과징금을 부과할 수 있다. 이 경우 관련 매출액이 없거나 이를 산정할 수 없는 등의 경우에는 5천만원을 초과하지 아니하는 범위에서 과징금을 부과할 수 있다.
② 공정거래위원회는 제1항에 따른 과징금을 부과할 때 다음 각 호의 사항을 고려하여야 한다.
1. 위반행위로 인한 소비자피해 정도
2. 소비자피해에 대한 사업자의 보상노력 정도
3. 위반행위로 취득한 이익의 규모
4. 위반행위의 내용ㆍ기간 및 횟수 등
③ 공정거래위원회는 이 법을 위반한 사업자인 회사의 합병이 있는 경우에는 그 회사가 한 위반행위를 합병 후 존속하거나 합병으로 새로 설립된 회사가 한 행위로 보아 과징금을 부과ㆍ징수할 수 있다.
④ 삭제 <2018.6.12>
⑤ 제1항에 따른 과징금의 부과기준은 대통령령으로 정한다.","제51조(과징금)
① 공정거래위원회는 제49조제4항에 따른 영업정지를 갈음하여 해당 사업자에 대하여 대통령령으로 정하는 위반행위 관련 매출액을 초과하지 아니하는 범위에서 과징금을 부과할 수 있다. 이 경우 관련 매출액이 없거나 이를 산정할 수 없는 등의 경우에는 5천만원을 초과하지 아니하는 범위에서 과징금을 부과할 수 있다.
② 공정거래위원회는 제1항에 따른 과징금을 부과할 때 다음 각 호의 사항을 고려하여야 한다.
1. 위반행위로 인한 소비자피해 정도
2. 소비자피해에 대한 사업자의 보상노력 정도
3. 위반행위로 취득한 이익의 규모
4. 위반행위의 내용ㆍ기간 및 횟수 등
③ 공정거래위원회는 이 법을 위반한 사업자인 회사의 합병이 있는 경우에는 그 회사가 한 위반행위를 합병 후 존속하거나 합병으로 새로 설립된 회사가 한 행위로 보아 과징금을 부과ㆍ징수할 수 있다.
④ 삭제 <2018.6.12>
⑤ 제1항에 따른 과징금의 부과기준은 대통령령으로 정한다.","법령명: 방문판매 등에 관한 법률
조문: 제51조 (과징금)
내용: 제51조(과징금)
① 공정거래위원회는 제49조제4항에 따른 영업정지를 갈음하여 해당 사업자에 대하여 대통령령으로 정하는 위반행위 관련 매출액을 초과하지 아니하는 범위에서 과징금을 부과할 수 있다. 이 경우 관련 매출액이 없거나 이를 산정할 수 없는 등의 경우에는 5천만원을 초과하지 아니하는 범위에서 과징금을 부과할 수 있다.
② 공정거래위원회는 제1항에 따른 과징금을 부과할 때 다음 각 호의 사항을 고려하여야 한다.
1. 위반행위로 인한 소비자피해 정도
2. 소비자피해에 대한 사업자의 보상노력 정도
3. 위반행위로 취득한 이익의 규모
4. 위반행위의 내용ㆍ기간 및 횟수 등
③ 공정거래위원회는 이 법을 위반한 사업자인 회사의 합병이 있는 경우에는 그 회사가 한 위반행위를 합병 후 존속하거나 합병으로 새로 설립된 회사가 한 행위로 보아 과징금을 부과ㆍ징수할 수 있다.
④ 삭제 <2018.6.12>
⑤ 제1항에 따른 과징금의 부과기준은 대통령령으로 정한다.",https://www.law.go.kr/법령/방문판매 등에 관한 법률
000354,방문판매 등에 관한 법률,법률,공정거래위원회,20250121,20250121,52,,소비자 등에게 불리한 계약의 금지,"제52조(소비자 등에게 불리한 계약의 금지) 제7조, 제7조의2, 제8조부터 제10조까지, 제16조부터 제19조까지, 제30조부터 제32조까지의 규정 중 어느 하나를 위반한 계약으로서 소비자에게 불리한 것은 효력이 없다. <개정 2018.6.12>",,"제52조(소비자 등에게 불리한 계약의 금지) 제7조, 제7조의2, 제8조부터 제10조까지, 제16조부터 제19조까지, 제30조부터 제32조까지의 규정 중 어느 하나를 위반한 계약으로서 소비자에게 불리한 것은 효력이 없다. <개정 2018.6.12>","법령명: 방문판매 등에 관한 법률
조문: 제52조 (소비자 등에게 불리한 계약의 금지)
내용: 제52조(소비자 등에게 불리한 계약의 금지) 제7조, 제7조의2, 제8조부터 제10조까지, 제16조부터 제19조까지, 제30조부터 제32조까지의 규정 중 어느 하나를 위반한 계약으로서 소비자에게 불리한 것은 효력이 없다. <개정 2018.6.12>",https://www.law.go.kr/법령/방문판매 등에 관한 법률
000354,방문판매 등에 관한 법률,법률,공정거래위원회,20250121,20250121,53,,전속관할,"제53조(전속관할) 특수판매와 관련된 소(訴)는 제소 당시 소비자 주소를, 주소가 없는 경우에는 거소를 관할하는 지방법원의 전속관할로 한다. 다만, 제소 당시 소비자의 주소 또는 거소가 분명하지 아니한 경우에는 「민사소송법」의 관계 규정을 준용한다.",,"제53조(전속관할) 특수판매와 관련된 소(訴)는 제소 당시 소비자 주소를, 주소가 없는 경우에는 거소를 관할하는 지방법원의 전속관할로 한다. 다만, 제소 당시 소비자의 주소 또는 거소가 분명하지 아니한 경우에는 「민사소송법」의 관계 규정을 준용한다.","법령명: 방문판매 등에 관한 법률
조문: 제53조 (전속관할)
내용: 제53조(전속관할) 특수판매와 관련된 소(訴)는 제소 당시 소비자 주소를, 주소가 없는 경우에는 거소를 관할하는 지방법원의 전속관할로 한다. 다만, 제소 당시 소비자의 주소 또는 거소가 분명하지 아니한 경우에는 「민사소송법」의 관계 규정을 준용한다.",https://www.law.go.kr/법령/방문판매 등에 관한 법률
000354,방문판매 등에 관한 법률,법률,공정거래위원회,20250121,20250121,54,,사업자단체의 등록,제54조(사업자단체의 등록),"① 특수판매의 건전한 발전과 소비자의 신뢰도 제고, 그 밖에 공동이익의 증진을 위한 목적으로 설립된 사업자단체는 대통령령으로 정하는 바에 따라 공정거래위원회에 등록할 수 있다.
② 제1항에 따른 등록의 요건, 방법 및 절차 등에 관하여 필요한 사항은 대통령령으로 정한다.","제54조(사업자단체의 등록)
① 특수판매의 건전한 발전과 소비자의 신뢰도 제고, 그 밖에 공동이익의 증진을 위한 목적으로 설립된 사업자단체는 대통령령으로 정하는 바에 따라 공정거래위원회에 등록할 수 있다.
② 제1항에 따른 등록의 요건, 방법 및 절차 등에 관하여 필요한 사항은 대통령령으로 정한다.","법령명: 방문판매 등에 관한 법률
조문: 제54조 (사업자단체의 등록)
내용: 제54조(사업자단체의 등록)
① 특수판매의 건전한 발전과 소비자의 신뢰도 제고, 그 밖에 공동이익의 증진을 위한 목적으로 설립된 사업자단체는 대통령령으로 정하는 바에 따라 공정거래위원회에 등록할 수 있다.
② 제1항에 따른 등록의 요건, 방법 및 절차 등에 관하여 필요한 사항은 대통령령으로 정한다.",https://www.law.go.kr/법령/방문판매 등에 관한 법률
000354,방문판매 등에 관한 법률,법률,공정거래위원회,20250121,20250121,55,,소비자에 관한 정보의 오용ㆍ남용 및 도용 방지 등,"제55조(소비자에 관한 정보의 오용ㆍ남용 및 도용 방지 등) 특수판매업자가 소비자에 관한 정보를 수집ㆍ이용하는 경우에는 「전자상거래 등에서의 소비자보호에 관한 법률」 제11조를 준용한다. 이 경우 ""전자상거래 또는 통신판매""는 ""특수판매""로 본다.",,"제55조(소비자에 관한 정보의 오용ㆍ남용 및 도용 방지 등) 특수판매업자가 소비자에 관한 정보를 수집ㆍ이용하는 경우에는 「전자상거래 등에서의 소비자보호에 관한 법률」 제11조를 준용한다. 이 경우 ""전자상거래 또는 통신판매""는 ""특수판매""로 본다.","법령명: 방문판매 등에 관한 법률
조문: 제55조 (소비자에 관한 정보의 오용ㆍ남용 및 도용 방지 등)
내용: 제55조(소비자에 관한 정보의 오용ㆍ남용 및 도용 방지 등) 특수판매업자가 소비자에 관한 정보를 수집ㆍ이용하는 경우에는 「전자상거래 등에서의 소비자보호에 관한 법률」 제11조를 준용한다. 이 경우 ""전자상거래 또는 통신판매""는 ""특수판매""로 본다.",https://www.law.go.kr/법령/방문판매 등에 관한 법률
000354,방문판매 등에 관한 법률,법률,공정거래위원회,20250121,20250121,56,,권한의 위임ㆍ위탁,제56조(권한의 위임ㆍ위탁),"① 이 법에 따른 공정거래위원회의 권한은 그 일부를 대통령령으로 정하는 바에 따라 소속 기관의 장 또는 시ㆍ도지사에게 위임하거나 다른 행정기관의 장에게 위탁할 수 있다.
② 이 법에 따른 시ㆍ도지사의 권한은 그 일부를 대통령령으로 정하는 바에 따라 시장ㆍ군수ㆍ구청장에게 위임할 수 있다.
③ 공정거래위원회는 이 법을 효율적으로 집행하기 위하여 필요한 경우 사무의 일부를 제54조에 따라 등록한 사업자단체에 위탁할 수 있다.
④ 제1항부터 제3항까지의 규정에 따라 위임하거나 위탁한 사무에 대한 감독, 처리ㆍ보고, 조사ㆍ확인, 자료의 제출 또는 시정에 필요한 조치의 요구 등에 관하여 필요한 사항은 대통령령으로 정한다.
⑤ 제3항 또는 제42조제3항에 따라 사무를 위탁받은 자의 임직원은 「형법」 제129조부터 제132조까지의 규정에 따른 벌칙을 적용할 때에는 공무원으로 본다.","제56조(권한의 위임ㆍ위탁)
① 이 법에 따른 공정거래위원회의 권한은 그 일부를 대통령령으로 정하는 바에 따라 소속 기관의 장 또는 시ㆍ도지사에게 위임하거나 다른 행정기관의 장에게 위탁할 수 있다.
② 이 법에 따른 시ㆍ도지사의 권한은 그 일부를 대통령령으로 정하는 바에 따라 시장ㆍ군수ㆍ구청장에게 위임할 수 있다.
③ 공정거래위원회는 이 법을 효율적으로 집행하기 위하여 필요한 경우 사무의 일부를 제54조에 따라 등록한 사업자단체에 위탁할 수 있다.
④ 제1항부터 제3항까지의 규정에 따라 위임하거나 위탁한 사무에 대한 감독, 처리ㆍ보고, 조사ㆍ확인, 자료의 제출 또는 시정에 필요한 조치의 요구 등에 관하여 필요한 사항은 대통령령으로 정한다.
⑤ 제3항 또는 제42조제3항에 따라 사무를 위탁받은 자의 임직원은 「형법」 제129조부터 제132조까지의 규정에 따른 벌칙을 적용할 때에는 공무원으로 본다.","법령명: 방문판매 등에 관한 법률
조문: 제56조 (권한의 위임ㆍ위탁)
내용: 제56조(권한의 위임ㆍ위탁)
① 이 법에 따른 공정거래위원회의 권한은 그 일부를 대통령령으로 정하는 바에 따라 소속 기관의 장 또는 시ㆍ도지사에게 위임하거나 다른 행정기관의 장에게 위탁할 수 있다.
② 이 법에 따른 시ㆍ도지사의 권한은 그 일부를 대통령령으로 정하는 바에 따라 시장ㆍ군수ㆍ구청장에게 위임할 수 있다.
③ 공정거래위원회는 이 법을 효율적으로 집행하기 위하여 필요한 경우 사무의 일부를 제54조에 따라 등록한 사업자단체에 위탁할 수 있다.
④ 제1항부터 제3항까지의 규정에 따라 위임하거나 위탁한 사무에 대한 감독, 처리ㆍ보고, 조사ㆍ확인, 자료의 제출 또는 시정에 필요한 조치의 요구 등에 관하여 필요한 사항은 대통령령으로 정한다.
⑤ 제3항 또는 제42조제3항에 따라 사무를 위탁받은 자의 임직원은 「형법」 제129조부터 제132조까지의 규정에 따른 벌칙을 적용할 때에는 공무원으로 본다.",https://www.law.go.kr/법령/방문판매 등에 관한 법률
000354,방문판매 등에 관한 법률,법률,공정거래위원회,20250121,20250121,57,,「독점규제 및 공정거래에 관한 법률」의 준용,제57조(「독점규제 및 공정거래에 관한 법률」의 준용),"① 이 법에 따른 공정거래위원회의 심의ㆍ의결에 관하여는 「독점규제 및 공정거래에 관한 법률」 제64조부터 제68조까지 및 제93조를 준용한다. <개정 2020.12.29>
② 이 법 위반행위에 대한 행정청의 조사 등에 관하여는 「독점규제 및 공정거래에 관한 법률」 제81조제1항ㆍ제2항ㆍ제3항ㆍ제6항 및 제9항을 준용한다. <개정 2020.12.29>
③ 이 법에 따른 공정거래위원회의 처분 및 제56조에 따라 위임된 시ㆍ도지사의 처분에 대한 이의신청, 시정조치명령의 집행정지, 소의 제기 및 불복의 소의 전속관할에 관하여는 「독점규제 및 공정거래에 관한 법률」 제96조부터 제98조까지, 제98조의2, 제98조의3 및 제99조부터 제101조까지를 준용한다. <개정 2020.12.29, 2024.2.6>
④ 이 법에 따른 과징금의 부과ㆍ징수에 관하여는 「독점규제 및 공정거래에 관한 법률」 제103조부터 제107조까지의 규정을 준용한다. <신설 2018.6.12, 2020.12.29>
⑤ 이 법에 따른 직무에 종사하거나 종사하였던 공정거래위원회의 위원 또는 공무원 및 제50조의3에 따른 이행관리 업무를 담당하거나 담당하였던 사람에 대하여는 「독점규제 및 공정거래에 관한 법률」 제119조를 준용한다. <개정 2018.6.12, 2020.12.29, 2022.1.4>
⑥ 제50조의3에 따른 이행관리 업무를 담당하거나 담당하였던 사람에 대하여는 「독점규제 및 공정거래에 관한 법률」 제123조제2항을 준용한다. <신설 2022.1.4>","제57조(「독점규제 및 공정거래에 관한 법률」의 준용)
① 이 법에 따른 공정거래위원회의 심의ㆍ의결에 관하여는 「독점규제 및 공정거래에 관한 법률」 제64조부터 제68조까지 및 제93조를 준용한다. <개정 2020.12.29>
② 이 법 위반행위에 대한 행정청의 조사 등에 관하여는 「독점규제 및 공정거래에 관한 법률」 제81조제1항ㆍ제2항ㆍ제3항ㆍ제6항 및 제9항을 준용한다. <개정 2020.12.29>
③ 이 법에 따른 공정거래위원회의 처분 및 제56조에 따라 위임된 시ㆍ도지사의 처분에 대한 이의신청, 시정조치명령의 집행정지, 소의 제기 및 불복의 소의 전속관할에 관하여는 「독점규제 및 공정거래에 관한 법률」 제96조부터 제98조까지, 제98조의2, 제98조의3 및 제99조부터 제101조까지를 준용한다. <개정 2020.12.29, 2024.2.6>
④ 이 법에 따른 과징금의 부과ㆍ징수에 관하여는 「독점규제 및 공정거래에 관한 법률」 제103조부터 제107조까지의 규정을 준용한다. <신설 2018.6.12, 2020.12.29>
⑤ 이 법에 따른 직무에 종사하거나 종사하였던 공정거래위원회의 위원 또는 공무원 및 제50조의3에 따른 이행관리 업무를 담당하거나 담당하였던 사람에 대하여는 「독점규제 및 공정거래에 관한 법률」 제119조를 준용한다. <개정 2018.6.12, 2020.12.29, 2022.1.4>
⑥ 제50조의3에 따른 이행관리 업무를 담당하거나 담당하였던 사람에 대하여는 「독점규제 및 공정거래에 관한 법률」 제123조제2항을 준용한다. <신설 2022.1.4>","법령명: 방문판매 등에 관한 법률
조문: 제57조 (「독점규제 및 공정거래에 관한 법률」의 준용)
내용: 제57조(「독점규제 및 공정거래에 관한 법률」의 준용)
① 이 법에 따른 공정거래위원회의 심의ㆍ의결에 관하여는 「독점규제 및 공정거래에 관한 법률」 제64조부터 제68조까지 및 제93조를 준용한다. <개정 2020.12.29>
② 이 법 위반행위에 대한 행정청의 조사 등에 관하여는 「독점규제 및 공정거래에 관한 법률」 제81조제1항ㆍ제2항ㆍ제3항ㆍ제6항 및 제9항을 준용한다. <개정 2020.12.29>
③ 이 법에 따른 공정거래위원회의 처분 및 제56조에 따라 위임된 시ㆍ도지사의 처분에 대한 이의신청, 시정조치명령의 집행정지, 소의 제기 및 불복의 소의 전속관할에 관하여는 「독점규제 및 공정거래에 관한 법률」 제96조부터 제98조까지, 제98조의2, 제98조의3 및 제99조부터 제101조까지를 준용한다. <개정 2020.12.29, 2024.2.6>
④ 이 법에 따른 과징금의 부과ㆍ징수에 관하여는 「독점규제 및 공정거래에 관한 법률」 제103조부터 제107조까지의 규정을 준용한다. <신설 2018.6.12, 2020.12.29>
⑤ 이 법에 따른 직무에 종사하거나 종사하였던 공정거래위원회의 위원 또는 공무원 및 제50조의3에 따른 이행관리 업무를 담당하거나 담당하였던 사람에 대하여는 「독점규제 및 공정거래에 관한 법률」 제119조를 준용한다. <개정 2018.6.12, 2020.12.29, 2022.1.4>
⑥ 제50조의3에 따른 이행관리 업무를 담당하거나 담당하였던 사람에 대하여는 「독점규제 및 공정거래에 관한 법률」 제123조제2항을 준용한다. <신설 2022.1.4>",https://www.law.go.kr/법령/방문판매 등에 관한 법률
000354,방문판매 등에 관한 법률,법률,공정거래위원회,20250121,20250121,58,,벌칙,제58조(벌칙),"① 다음 각 호의 어느 하나에 해당하는 자(제29조제3항에 따라 준용되는 경우를 포함한다)는 7년 이하의 징역 또는 2억원 이하의 벌금에 처한다. 이 경우 다음 각 호의 어느 하나에 해당하는 자가 이 법 위반행위와 관련하여 판매하거나 거래한 대금 총액의 3배에 해당하는 금액이 2억원을 초과할 때에는 7년 이하의 징역 또는 판매하거나 거래한 대금 총액의 3배에 해당하는 금액 이하의 벌금에 처한다.
1. 제13조제1항에 따른 등록을 하지 아니하고(제49조제5항에 따라 등록이 취소된 경우를 포함한다) 다단계판매조직이나 후원방문판매조직을 개설ㆍ관리 또는 운영한 자
2. 거짓이나 그 밖의 부정한 방법으로 제13조제1항에 따른 등록을 하고 다단계판매조직이나 후원방문판매조직을 개설ㆍ관리 또는 운영한 자
3. 제23조제1항제8호에 따른 금지행위를 한 자
4. 제24조제1항 또는 제2항에 따른 금지행위를 한 자
② 제1항의 징역형과 벌금형은 병과(倂科)할 수 있다.","제58조(벌칙)
① 다음 각 호의 어느 하나에 해당하는 자(제29조제3항에 따라 준용되는 경우를 포함한다)는 7년 이하의 징역 또는 2억원 이하의 벌금에 처한다. 이 경우 다음 각 호의 어느 하나에 해당하는 자가 이 법 위반행위와 관련하여 판매하거나 거래한 대금 총액의 3배에 해당하는 금액이 2억원을 초과할 때에는 7년 이하의 징역 또는 판매하거나 거래한 대금 총액의 3배에 해당하는 금액 이하의 벌금에 처한다.
1. 제13조제1항에 따른 등록을 하지 아니하고(제49조제5항에 따라 등록이 취소된 경우를 포함한다) 다단계판매조직이나 후원방문판매조직을 개설ㆍ관리 또는 운영한 자
2. 거짓이나 그 밖의 부정한 방법으로 제13조제1항에 따른 등록을 하고 다단계판매조직이나 후원방문판매조직을 개설ㆍ관리 또는 운영한 자
3. 제23조제1항제8호에 따른 금지행위를 한 자
4. 제24조제1항 또는 제2항에 따른 금지행위를 한 자
② 제1항의 징역형과 벌금형은 병과(倂科)할 수 있다.","법령명: 방문판매 등에 관한 법률
조문: 제58조 (벌칙)
내용: 제58조(벌칙)
① 다음 각 호의 어느 하나에 해당하는 자(제29조제3항에 따라 준용되는 경우를 포함한다)는 7년 이하의 징역 또는 2억원 이하의 벌금에 처한다. 이 경우 다음 각 호의 어느 하나에 해당하는 자가 이 법 위반행위와 관련하여 판매하거나 거래한 대금 총액의 3배에 해당하는 금액이 2억원을 초과할 때에는 7년 이하의 징역 또는 판매하거나 거래한 대금 총액의 3배에 해당하는 금액 이하의 벌금에 처한다.
1. 제13조제1항에 따른 등록을 하지 아니하고(제49조제5항에 따라 등록이 취소된 경우를 포함한다) 다단계판매조직이나 후원방문판매조직을 개설ㆍ관리 또는 운영한 자
2. 거짓이나 그 밖의 부정한 방법으로 제13조제1항에 따른 등록을 하고 다단계판매조직이나 후원방문판매조직을 개설ㆍ관리 또는 운영한 자
3. 제23조제1항제8호에 따른 금지행위를 한 자
4. 제24조제1항 또는 제2항에 따른 금지행위를 한 자
② 제1항의 징역형과 벌금형은 병과(倂科)할 수 있다.",https://www.law.go.kr/법령/방문판매 등에 관한 법률
000354,방문판매 등에 관한 법률,법률,공정거래위원회,20250121,20250121,59,,벌칙,제59조(벌칙),"① 다음 각 호의 어느 하나에 해당하는 자는 5년 이하의 징역 또는 1억 5천만원 이하의 벌금에 처한다. 다만, 제29조제3항에 따라 준용되는 경우에는 3년 이하의 징역 또는 1억원 이하의 벌금에 처한다.
1. 제22조제2항을 위반한 자
2. 제23조제1항제1호 또는 제2호에 따른 금지행위를 한 자
3. 제29조제1항에 따른 금지행위를 한 자
② 제1항의 징역형과 벌금형은 병과할 수 있다.","제59조(벌칙)
① 다음 각 호의 어느 하나에 해당하는 자는 5년 이하의 징역 또는 1억 5천만원 이하의 벌금에 처한다. 다만, 제29조제3항에 따라 준용되는 경우에는 3년 이하의 징역 또는 1억원 이하의 벌금에 처한다.
1. 제22조제2항을 위반한 자
2. 제23조제1항제1호 또는 제2호에 따른 금지행위를 한 자
3. 제29조제1항에 따른 금지행위를 한 자
② 제1항의 징역형과 벌금형은 병과할 수 있다.","법령명: 방문판매 등에 관한 법률
조문: 제59조 (벌칙)
내용: 제59조(벌칙)
① 다음 각 호의 어느 하나에 해당하는 자는 5년 이하의 징역 또는 1억 5천만원 이하의 벌금에 처한다. 다만, 제29조제3항에 따라 준용되는 경우에는 3년 이하의 징역 또는 1억원 이하의 벌금에 처한다.
1. 제22조제2항을 위반한 자
2. 제23조제1항제1호 또는 제2호에 따른 금지행위를 한 자
3. 제29조제1항에 따른 금지행위를 한 자
② 제1항의 징역형과 벌금형은 병과할 수 있다.",https://www.law.go.kr/법령/방문판매 등에 관한 법률
000354,방문판매 등에 관한 법률,법률,공정거래위원회,20250121,20250121,60,,벌칙,제60조(벌칙),"① 다음 각 호의 어느 하나에 해당하는 자는 3년 이하의 징역 또는 1억원 이하의 벌금에 처한다. 다만, 제29조제3항에 따라 준용되는 경우에는 2년 이하의 징역 또는 5천만원 이하의 벌금에 처한다.
1. 제13조제2항 또는 제3항을 위반하여 거짓으로 신고한 자
2. 제15조제5항에 따른 다단계판매원 수첩에 거짓 사실을 기재한 자
3. 제18조제2항을 위반하여 재화등의 대금을 환급하지 아니한 자
4. 제20조제3항 또는 제5항을 위반한 자
5. 제21조제1항 또는 제3항을 위반한 자
6. 제22조제1항 또는 제4항을 위반한 자
7. 제23조제1항제3호ㆍ제5호ㆍ제7호 또는 제11호에 따른 금지행위를 한 자
8. 제37조제5항을 위반하여 소비자피해보상보험계약등의 체결 또는 유지에 관하여 거짓 자료를 제출한 사업자
9. 제37조제7항을 위반하여 같은 조 제6항에 따른 표지를 사용하거나 이와 비슷한 표지를 제작 또는 사용한 자
10. 제49조제1항에 따른 시정조치명령을 따르지 아니한 자
11. 제49조제4항에 따른 영업정지명령을 위반하여 영업을 한 자
② 제1항의 징역형과 벌금형은 병과할 수 있다.","제60조(벌칙)
① 다음 각 호의 어느 하나에 해당하는 자는 3년 이하의 징역 또는 1억원 이하의 벌금에 처한다. 다만, 제29조제3항에 따라 준용되는 경우에는 2년 이하의 징역 또는 5천만원 이하의 벌금에 처한다.
1. 제13조제2항 또는 제3항을 위반하여 거짓으로 신고한 자
2. 제15조제5항에 따른 다단계판매원 수첩에 거짓 사실을 기재한 자
3. 제18조제2항을 위반하여 재화등의 대금을 환급하지 아니한 자
4. 제20조제3항 또는 제5항을 위반한 자
5. 제21조제1항 또는 제3항을 위반한 자
6. 제22조제1항 또는 제4항을 위반한 자
7. 제23조제1항제3호ㆍ제5호ㆍ제7호 또는 제11호에 따른 금지행위를 한 자
8. 제37조제5항을 위반하여 소비자피해보상보험계약등의 체결 또는 유지에 관하여 거짓 자료를 제출한 사업자
9. 제37조제7항을 위반하여 같은 조 제6항에 따른 표지를 사용하거나 이와 비슷한 표지를 제작 또는 사용한 자
10. 제49조제1항에 따른 시정조치명령을 따르지 아니한 자
11. 제49조제4항에 따른 영업정지명령을 위반하여 영업을 한 자
② 제1항의 징역형과 벌금형은 병과할 수 있다.","법령명: 방문판매 등에 관한 법률
조문: 제60조 (벌칙)
내용: 제60조(벌칙)
① 다음 각 호의 어느 하나에 해당하는 자는 3년 이하의 징역 또는 1억원 이하의 벌금에 처한다. 다만, 제29조제3항에 따라 준용되는 경우에는 2년 이하의 징역 또는 5천만원 이하의 벌금에 처한다.
1. 제13조제2항 또는 제3항을 위반하여 거짓으로 신고한 자
2. 제15조제5항에 따른 다단계판매원 수첩에 거짓 사실을 기재한 자
3. 제18조제2항을 위반하여 재화등의 대금을 환급하지 아니한 자
4. 제20조제3항 또는 제5항을 위반한 자
5. 제21조제1항 또는 제3항을 위반한 자
6. 제22조제1항 또는 제4항을 위반한 자
7. 제23조제1항제3호ㆍ제5호ㆍ제7호 또는 제11호에 따른 금지행위를 한 자
8. 제37조제5항을 위반하여 소비자피해보상보험계약등의 체결 또는 유지에 관하여 거짓 자료를 제출한 사업자
9. 제37조제7항을 위반하여 같은 조 제6항에 따른 표지를 사용하거나 이와 비슷한 표지를 제작 또는 사용한 자
10. 제49조제1항에 따른 시정조치명령을 따르지 아니한 자
11. 제49조제4항에 따른 영업정지명령을 위반하여 영업을 한 자
② 제1항의 징역형과 벌금형은 병과할 수 있다.",https://www.law.go.kr/법령/방문판매 등에 관한 법률
000354,방문판매 등에 관한 법률,법률,공정거래위원회,20250121,20250121,61,,벌칙,제61조(벌칙),"① 다음 각 호의 어느 하나에 해당하는 자는 2년 이하의 징역 또는 5천만원 이하의 벌금에 처한다.
1. 제11조제1항제1호ㆍ제2호 또는 제5호에 해당하는 금지행위를 한 자
2. 제34조제1항제1호ㆍ제2호 또는 제5호에 해당하는 금지행위를 한 자
② 제1항의 징역형과 벌금형은 병과할 수 있다.","제61조(벌칙)
① 다음 각 호의 어느 하나에 해당하는 자는 2년 이하의 징역 또는 5천만원 이하의 벌금에 처한다.
1. 제11조제1항제1호ㆍ제2호 또는 제5호에 해당하는 금지행위를 한 자
2. 제34조제1항제1호ㆍ제2호 또는 제5호에 해당하는 금지행위를 한 자
② 제1항의 징역형과 벌금형은 병과할 수 있다.","법령명: 방문판매 등에 관한 법률
조문: 제61조 (벌칙)
내용: 제61조(벌칙)
① 다음 각 호의 어느 하나에 해당하는 자는 2년 이하의 징역 또는 5천만원 이하의 벌금에 처한다.
1. 제11조제1항제1호ㆍ제2호 또는 제5호에 해당하는 금지행위를 한 자
2. 제34조제1항제1호ㆍ제2호 또는 제5호에 해당하는 금지행위를 한 자
② 제1항의 징역형과 벌금형은 병과할 수 있다.",https://www.law.go.kr/법령/방문판매 등에 관한 법률
000354,방문판매 등에 관한 법률,법률,공정거래위원회,20250121,20250121,62,,벌칙,"제62조(벌칙) 다음 각 호의 어느 하나에 해당하는 자(제29조제3항에 따라 준용되는 경우를 포함한다)는 1년 이하의 징역 또는 3천만원 이하의 벌금에 처한다. <개정 2013.5.28, 2016.3.29, 2021.4.20>","1. 제5조제1항을 위반하여 신고를 하지 아니하거나 거짓으로 신고한 자
2. 제11조제1항제3호에 따른 금지행위를 한 자
3. 제12조제1항 또는 제26조제1항을 위반하여 휴업기간 또는 영업정지기간 중에 계속하여야 할 업무를 계속하지 아니한 자
4. 제13조제7항을 위반하여 자료를 제출하지 아니하거나 거짓 자료를 제출한 자
5. 제15조제1항에 따른 등록을 하지 아니하고 실질적으로 다단계판매원으로 활동한 자
6. 제15조제2항제1호 또는 제3호부터 제7호까지의 규정에 따라 다단계판매원으로 등록할 수 없는 자임에도 불구하고 다단계판매원으로 등록한 자
7. 제15조제2항제2호를 위반하여 미성년자를 다단계판매원으로 가입시킨 다단계판매자
8. 제15조제3항에 따른 다단계판매원 등록증에 거짓 사실을 적은 자
9. 제15조제4항을 위반하여 다단계판매원 등록부를 거짓으로 작성한 자
10. 제23조제1항제9호에 따른 금지행위를 한 자
11. 제33조에 따른 재화등의 거래기록 등을 거짓으로 작성한 자","제62조(벌칙) 다음 각 호의 어느 하나에 해당하는 자(제29조제3항에 따라 준용되는 경우를 포함한다)는 1년 이하의 징역 또는 3천만원 이하의 벌금에 처한다. <개정 2013.5.28, 2016.3.29, 2021.4.20>
1. 제5조제1항을 위반하여 신고를 하지 아니하거나 거짓으로 신고한 자
2. 제11조제1항제3호에 따른 금지행위를 한 자
3. 제12조제1항 또는 제26조제1항을 위반하여 휴업기간 또는 영업정지기간 중에 계속하여야 할 업무를 계속하지 아니한 자
4. 제13조제7항을 위반하여 자료를 제출하지 아니하거나 거짓 자료를 제출한 자
5. 제15조제1항에 따른 등록을 하지 아니하고 실질적으로 다단계판매원으로 활동한 자
6. 제15조제2항제1호 또는 제3호부터 제7호까지의 규정에 따라 다단계판매원으로 등록할 수 없는 자임에도 불구하고 다단계판매원으로 등록한 자
7. 제15조제2항제2호를 위반하여 미성년자를 다단계판매원으로 가입시킨 다단계판매자
8. 제15조제3항에 따른 다단계판매원 등록증에 거짓 사실을 적은 자
9. 제15조제4항을 위반하여 다단계판매원 등록부를 거짓으로 작성한 자
10. 제23조제1항제9호에 따른 금지행위를 한 자
11. 제33조에 따른 재화등의 거래기록 등을 거짓으로 작성한 자","법령명: 방문판매 등에 관한 법률
조문: 제62조 (벌칙)
내용: 제62조(벌칙) 다음 각 호의 어느 하나에 해당하는 자(제29조제3항에 따라 준용되는 경우를 포함한다)는 1년 이하의 징역 또는 3천만원 이하의 벌금에 처한다. <개정 2013.5.28, 2016.3.29, 2021.4.20>
1. 제5조제1항을 위반하여 신고를 하지 아니하거나 거짓으로 신고한 자
2. 제11조제1항제3호에 따른 금지행위를 한 자
3. 제12조제1항 또는 제26조제1항을 위반하여 휴업기간 또는 영업정지기간 중에 계속하여야 할 업무를 계속하지 아니한 자
4. 제13조제7항을 위반하여 자료를 제출하지 아니하거나 거짓 자료를 제출한 자
5. 제15조제1항에 따른 등록을 하지 아니하고 실질적으로 다단계판매원으로 활동한 자
6. 제15조제2항제1호 또는 제3호부터 제7호까지의 규정에 따라 다단계판매원으로 등록할 수 없는 자임에도 불구하고 다단계판매원으로 등록한 자
7. 제15조제2항제2호를 위반하여 미성년자를 다단계판매원으로 가입시킨 다단계판매자
8. 제15조제3항에 따른 다단계판매원 등록증에 거짓 사실을 적은 자
9. 제15조제4항을 위반하여 다단계판매원 등록부를 거짓으로 작성한 자
10. 제23조제1항제9호에 따른 금지행위를 한 자
11. 제33조에 따른 재화등의 거래기록 등을 거짓으로 작성한 자",https://www.law.go.kr/법령/방문판매 등에 관한 법률
000354,방문판매 등에 관한 법률,법률,공정거래위원회,20250121,20250121,63,,벌칙,제63조(벌칙) 다음 각 호의 어느 하나에 해당하는 자(제29조제3항에 따라 준용되는 경우를 포함한다)는 1천만원 이하의 벌금에 처한다.,"1. 제6조제3항을 위반하여 성명 등을 거짓으로 밝힌 자
2. 제7조제2항, 제16조 또는 제30조제2항에 따른 계약서를 발급할 때 거짓 내용이 적힌 계약서를 발급한 자
3. 제11조제1항제4호 또는 제7호에 따른 금지행위를 한 자
4. 제34조제1항제3호ㆍ제4호 또는 제7호에 따른 금지행위를 한 자","제63조(벌칙) 다음 각 호의 어느 하나에 해당하는 자(제29조제3항에 따라 준용되는 경우를 포함한다)는 1천만원 이하의 벌금에 처한다.
1. 제6조제3항을 위반하여 성명 등을 거짓으로 밝힌 자
2. 제7조제2항, 제16조 또는 제30조제2항에 따른 계약서를 발급할 때 거짓 내용이 적힌 계약서를 발급한 자
3. 제11조제1항제4호 또는 제7호에 따른 금지행위를 한 자
4. 제34조제1항제3호ㆍ제4호 또는 제7호에 따른 금지행위를 한 자","법령명: 방문판매 등에 관한 법률
조문: 제63조 (벌칙)
내용: 제63조(벌칙) 다음 각 호의 어느 하나에 해당하는 자(제29조제3항에 따라 준용되는 경우를 포함한다)는 1천만원 이하의 벌금에 처한다.
1. 제6조제3항을 위반하여 성명 등을 거짓으로 밝힌 자
2. 제7조제2항, 제16조 또는 제30조제2항에 따른 계약서를 발급할 때 거짓 내용이 적힌 계약서를 발급한 자
3. 제11조제1항제4호 또는 제7호에 따른 금지행위를 한 자
4. 제34조제1항제3호ㆍ제4호 또는 제7호에 따른 금지행위를 한 자",https://www.law.go.kr/법령/방문판매 등에 관한 법률
000354,방문판매 등에 관한 법률,법률,공정거래위원회,20250121,20250121,64,,벌칙,"제64조(벌칙) 제57조제5항에 따라 준용되는 「독점규제 및 공정거래에 관한 법률」 제119조를 위반한 자는 2년 이하의 징역 또는 200만원 이하의 벌금에 처한다. <개정 2018.6.12, 2020.12.29>",,"제64조(벌칙) 제57조제5항에 따라 준용되는 「독점규제 및 공정거래에 관한 법률」 제119조를 위반한 자는 2년 이하의 징역 또는 200만원 이하의 벌금에 처한다. <개정 2018.6.12, 2020.12.29>","법령명: 방문판매 등에 관한 법률
조문: 제64조 (벌칙)
내용: 제64조(벌칙) 제57조제5항에 따라 준용되는 「독점규제 및 공정거래에 관한 법률」 제119조를 위반한 자는 2년 이하의 징역 또는 200만원 이하의 벌금에 처한다. <개정 2018.6.12, 2020.12.29>",https://www.law.go.kr/법령/방문판매 등에 관한 법률
000354,방문판매 등에 관한 법률,법률,공정거래위원회,20250121,20250121,65,,양벌규정 등,제65조(양벌규정 등),"① 법인의 대표자나 법인 또는 개인의 대리인, 사용인, 그 밖의 종업원이 그 법인 또는 개인의 업무에 관하여 제58조부터 제63조까지의 어느 하나에 해당하는 위반행위를 하면 그 행위자를 벌하는 외에 그 법인 또는 개인에게도 해당 조문의 벌금형을 과(科)한다. 다만, 법인 또는 개인이 그 위반행위를 방지하기 위하여 해당 업무에 관하여 상당한 주의와 감독을 게을리하지 아니한 경우에는 그러하지 아니하다.
② 제58조부터 제63조까지의 어느 하나에 해당하는 위반행위를 한 자 또는 제1항에 따라 벌금형이 부과되는 법인 또는 개인이 이미 공정거래위원회 또는 시ㆍ도지사의 처분을 받거나 소비자의 피해를 보상한 경우에는 제58조부터 제63조까지의 규정에 따른 형을 감경하거나 면제할 수 있다.","제65조(양벌규정 등)
① 법인의 대표자나 법인 또는 개인의 대리인, 사용인, 그 밖의 종업원이 그 법인 또는 개인의 업무에 관하여 제58조부터 제63조까지의 어느 하나에 해당하는 위반행위를 하면 그 행위자를 벌하는 외에 그 법인 또는 개인에게도 해당 조문의 벌금형을 과(科)한다. 다만, 법인 또는 개인이 그 위반행위를 방지하기 위하여 해당 업무에 관하여 상당한 주의와 감독을 게을리하지 아니한 경우에는 그러하지 아니하다.
② 제58조부터 제63조까지의 어느 하나에 해당하는 위반행위를 한 자 또는 제1항에 따라 벌금형이 부과되는 법인 또는 개인이 이미 공정거래위원회 또는 시ㆍ도지사의 처분을 받거나 소비자의 피해를 보상한 경우에는 제58조부터 제63조까지의 규정에 따른 형을 감경하거나 면제할 수 있다.","법령명: 방문판매 등에 관한 법률
조문: 제65조 (양벌규정 등)
내용: 제65조(양벌규정 등)
① 법인의 대표자나 법인 또는 개인의 대리인, 사용인, 그 밖의 종업원이 그 법인 또는 개인의 업무에 관하여 제58조부터 제63조까지의 어느 하나에 해당하는 위반행위를 하면 그 행위자를 벌하는 외에 그 법인 또는 개인에게도 해당 조문의 벌금형을 과(科)한다. 다만, 법인 또는 개인이 그 위반행위를 방지하기 위하여 해당 업무에 관하여 상당한 주의와 감독을 게을리하지 아니한 경우에는 그러하지 아니하다.
② 제58조부터 제63조까지의 어느 하나에 해당하는 위반행위를 한 자 또는 제1항에 따라 벌금형이 부과되는 법인 또는 개인이 이미 공정거래위원회 또는 시ㆍ도지사의 처분을 받거나 소비자의 피해를 보상한 경우에는 제58조부터 제63조까지의 규정에 따른 형을 감경하거나 면제할 수 있다.",https://www.law.go.kr/법령/방문판매 등에 관한 법률
000354,방문판매 등에 관한 법률,법률,공정거래위원회,20250121,20250121,66,,과태료,제66조(과태료),"① 사업자 또는 사업자단체가 제1호 또는 제2호에 해당하는 경우에는 3천만원 이하, 제3호에 해당하는 경우에는 5천만원 이하의 과태료를 부과하고, 사업자 또는 사업자단체의 임원 또는 종업원, 그 밖의 이해관계인이 제1호 또는 제2호에 해당하는 경우에는 500만원 이하, 제3호에 해당하는 경우에는 1천만원 이하의 과태료를 부과한다. <신설 2018.6.12, 2020.12.29>
1. 제57조제2항에 따라 준용되는 「독점규제 및 공정거래에 관한 법률」 제81조제1항제1호에 따른 출석처분을 받은 당사자 중 정당한 사유 없이 출석하지 아니한 자
2. 제57조제2항에 따라 준용되는 「독점규제 및 공정거래에 관한 법률」 제81조제1항제3호 또는 같은 조 제6항에 따른 보고 또는 필요한 자료나 물건을 제출하지 아니하거나 거짓으로 보고하거나 거짓 자료나 물건을 제출한 자
3. 제57조제2항에 따라 준용되는 「독점규제 및 공정거래에 관한 법률」 제81조제2항 및 제3항에 따른 조사를 거부ㆍ방해 또는 기피한 자
② 다음 각 호의 어느 하나에 해당하는 자(제29조제3항에 따라 준용되는 경우를 포함한다)에게는 1천만원 이하의 과태료를 부과한다. <개정 2018.6.12>
1. 제9조를 위반하여 재화등의 대금을 환급하지 아니하거나 환급에 필요한 조치를 하지 아니한 자
2. 제11조제1항제6호, 제23조제1항제4호 또는 제34조제1항제6호에 따른 금지행위를 한 자
3. 제11조제1항제8호, 제23조제1항제6호 또는 제34조제1항제8호에 따른 금지행위를 한 자
4. 제13조제2항 또는 제3항을 위반하여 신고를 하지 아니한 자
5. 제15조제3항에 따른 다단계판매원 등록증 또는 같은 조 제5항에 따른 다단계판매원 수첩을 발급하지 아니한 자
6. 제15조제4항을 위반하여 다단계판매원 등록부를 작성하지 아니한 자 또는 다단계판매원의 신원을 확인할 수 있도록 하지 아니한 자
7. 제23조제1항제10호에 따른 금지행위를 한 자
8. 제32조를 위반하여 위약금을 과다하게 청구하거나 대금 환급을 거부한 자
9. 제42조제2항을 위반하여 소비자에게 전화권유판매를 한 자
10. 삭제<2018.6.12>
11. 삭제<2018.6.12>
12. 삭제<2018.6.12>
③ 다음 각 호의 어느 하나에 해당하는 자(제29조제3항에 따라 준용되는 경우를 포함한다)에게는 500만원 이하의 과태료를 부과한다. <개정 2018.6.12>
1. 제5조제2항 및 제3항에 따른 신고를 하지 아니하거나 거짓으로 신고한 자
2. 제6조제1항을 위반하여 방문판매원등의 명부를 작성하지 아니하거나 같은 조 제2항을 위반하여 방문판매원의 신원을 확인할 수 있도록 하지 아니한 자 또는 같은 조 제3항을 위반하여 성명 등을 밝히지 아니한 자
3. 제7조제2항, 제16조 또는 제30조제2항에 따른 계약서를 발급하지 아니한 자
3의2. 제7조의2제1항을 위반하여 소비자의 동의를 받아 통화내용 중 계약에 관한 사항을 계약일부터 3개월 이상 보존하지 아니하거나 같은 조 제2항을 위반하여 소비자의 통화내용 열람 요청을 따르지 아니한 자
4. 제20조제2항을 위반하여 후원수당의 산정 및 지급 기준을 변경한 자
5. 제20조제4항을 위반하여 후원수당의 산정ㆍ지급 명세 등의 열람을 허용하지 아니한 자
6. 제30조제3항을 위반하여 소비자에게 계약 종료일을 통지하지 아니한 자
7. 제33조에 따른 재화등의 거래기록 등을 소비자가 열람할 수 있도록 하지 아니한 자
④ 제57조제1항에 따라 준용되는 「독점규제 및 공정거래에 관한 법률」 제66조를 위반하여 질서유지의 명령을 따르지 아니한 자에게는 100만원 이하의 과태료를 부과한다. <개정 2018.6.12, 2020.12.29>
⑤ 제1항부터 제4항까지에 따른 과태료는 행정청이 부과ㆍ징수한다. 다만, 다단계판매 및 후원방문판매와 관련된 규정에 따른 과태료는 공정거래위원회 또는 시ㆍ도지사가 부과ㆍ징수한다. <개정 2018.6.12>
⑥ 제1항부터 제4항까지에 따른 과태료의 부과기준은 대통령령으로 정한다. <개정 2018.6.12>","제66조(과태료)
① 사업자 또는 사업자단체가 제1호 또는 제2호에 해당하는 경우에는 3천만원 이하, 제3호에 해당하는 경우에는 5천만원 이하의 과태료를 부과하고, 사업자 또는 사업자단체의 임원 또는 종업원, 그 밖의 이해관계인이 제1호 또는 제2호에 해당하는 경우에는 500만원 이하, 제3호에 해당하는 경우에는 1천만원 이하의 과태료를 부과한다. <신설 2018.6.12, 2020.12.29>
1. 제57조제2항에 따라 준용되는 「독점규제 및 공정거래에 관한 법률」 제81조제1항제1호에 따른 출석처분을 받은 당사자 중 정당한 사유 없이 출석하지 아니한 자
2. 제57조제2항에 따라 준용되는 「독점규제 및 공정거래에 관한 법률」 제81조제1항제3호 또는 같은 조 제6항에 따른 보고 또는 필요한 자료나 물건을 제출하지 아니하거나 거짓으로 보고하거나 거짓 자료나 물건을 제출한 자
3. 제57조제2항에 따라 준용되는 「독점규제 및 공정거래에 관한 법률」 제81조제2항 및 제3항에 따른 조사를 거부ㆍ방해 또는 기피한 자
② 다음 각 호의 어느 하나에 해당하는 자(제29조제3항에 따라 준용되는 경우를 포함한다)에게는 1천만원 이하의 과태료를 부과한다. <개정 2018.6.12>
1. 제9조를 위반하여 재화등의 대금을 환급하지 아니하거나 환급에 필요한 조치를 하지 아니한 자
2. 제11조제1항제6호, 제23조제1항제4호 또는 제34조제1항제6호에 따른 금지행위를 한 자
3. 제11조제1항제8호, 제23조제1항제6호 또는 제34조제1항제8호에 따른 금지행위를 한 자
4. 제13조제2항 또는 제3항을 위반하여 신고를 하지 아니한 자
5. 제15조제3항에 따른 다단계판매원 등록증 또는 같은 조 제5항에 따른 다단계판매원 수첩을 발급하지 아니한 자
6. 제15조제4항을 위반하여 다단계판매원 등록부를 작성하지 아니한 자 또는 다단계판매원의 신원을 확인할 수 있도록 하지 아니한 자
7. 제23조제1항제10호에 따른 금지행위를 한 자
8. 제32조를 위반하여 위약금을 과다하게 청구하거나 대금 환급을 거부한 자
9. 제42조제2항을 위반하여 소비자에게 전화권유판매를 한 자
10. 삭제<2018.6.12>
11. 삭제<2018.6.12>
12. 삭제<2018.6.12>
③ 다음 각 호의 어느 하나에 해당하는 자(제29조제3항에 따라 준용되는 경우를 포함한다)에게는 500만원 이하의 과태료를 부과한다. <개정 2018.6.12>
1. 제5조제2항 및 제3항에 따른 신고를 하지 아니하거나 거짓으로 신고한 자
2. 제6조제1항을 위반하여 방문판매원등의 명부를 작성하지 아니하거나 같은 조 제2항을 위반하여 방문판매원의 신원을 확인할 수 있도록 하지 아니한 자 또는 같은 조 제3항을 위반하여 성명 등을 밝히지 아니한 자
3. 제7조제2항, 제16조 또는 제30조제2항에 따른 계약서를 발급하지 아니한 자
3의2. 제7조의2제1항을 위반하여 소비자의 동의를 받아 통화내용 중 계약에 관한 사항을 계약일부터 3개월 이상 보존하지 아니하거나 같은 조 제2항을 위반하여 소비자의 통화내용 열람 요청을 따르지 아니한 자
4. 제20조제2항을 위반하여 후원수당의 산정 및 지급 기준을 변경한 자
5. 제20조제4항을 위반하여 후원수당의 산정ㆍ지급 명세 등의 열람을 허용하지 아니한 자
6. 제30조제3항을 위반하여 소비자에게 계약 종료일을 통지하지 아니한 자
7. 제33조에 따른 재화등의 거래기록 등을 소비자가 열람할 수 있도록 하지 아니한 자
④ 제57조제1항에 따라 준용되는 「독점규제 및 공정거래에 관한 법률」 제66조를 위반하여 질서유지의 명령을 따르지 아니한 자에게는 100만원 이하의 과태료를 부과한다. <개정 2018.6.12, 2020.12.29>
⑤ 제1항부터 제4항까지에 따른 과태료는 행정청이 부과ㆍ징수한다. 다만, 다단계판매 및 후원방문판매와 관련된 규정에 따른 과태료는 공정거래위원회 또는 시ㆍ도지사가 부과ㆍ징수한다. <개정 2018.6.12>
⑥ 제1항부터 제4항까지에 따른 과태료의 부과기준은 대통령령으로 정한다. <개정 2018.6.12>","법령명: 방문판매 등에 관한 법률
조문: 제66조 (과태료)
내용: 제66조(과태료)
① 사업자 또는 사업자단체가 제1호 또는 제2호에 해당하는 경우에는 3천만원 이하, 제3호에 해당하는 경우에는 5천만원 이하의 과태료를 부과하고, 사업자 또는 사업자단체의 임원 또는 종업원, 그 밖의 이해관계인이 제1호 또는 제2호에 해당하는 경우에는 500만원 이하, 제3호에 해당하는 경우에는 1천만원 이하의 과태료를 부과한다. <신설 2018.6.12, 2020.12.29>
1. 제57조제2항에 따라 준용되는 「독점규제 및 공정거래에 관한 법률」 제81조제1항제1호에 따른 출석처분을 받은 당사자 중 정당한 사유 없이 출석하지 아니한 자
2. 제57조제2항에 따라 준용되는 「독점규제 및 공정거래에 관한 법률」 제81조제1항제3호 또는 같은 조 제6항에 따른 보고 또는 필요한 자료나 물건을 제출하지 아니하거나 거짓으로 보고하거나 거짓 자료나 물건을 제출한 자
3. 제57조제2항에 따라 준용되는 「독점규제 및 공정거래에 관한 법률」 제81조제2항 및 제3항에 따른 조사를 거부ㆍ방해 또는 기피한 자
② 다음 각 호의 어느 하나에 해당하는 자(제29조제3항에 따라 준용되는 경우를 포함한다)에게는 1천만원 이하의 과태료를 부과한다. <개정 2018.6.12>
1. 제9조를 위반하여 재화등의 대금을 환급하지 아니하거나 환급에 필요한 조치를 하지 아니한 자
2. 제11조제1항제6호, 제23조제1항제4호 또는 제34조제1항제6호에 따른 금지행위를 한 자
3. 제11조제1항제8호, 제23조제1항제6호 또는 제34조제1항제8호에 따른 금지행위를 한 자
4. 제13조제2항 또는 제3항을 위반하여 신고를 하지 아니한 자
5. 제15조제3항에 따른 다단계판매원 등록증 또는 같은 조 제5항에 따른 다단계판매원 수첩을 발급하지 아니한 자
6. 제15조제4항을 위반하여 다단계판매원 등록부를 작성하지 아니한 자 또는 다단계판매원의 신원을 확인할 수 있도록 하지 아니한 자
7. 제23조제1항제10호에 따른 금지행위를 한 자
8. 제32조를 위반하여 위약금을 과다하게 청구하거나 대금 환급을 거부한 자
9. 제42조제2항을 위반하여 소비자에게 전화권유판매를 한 자
10. 삭제<2018.6.12>
11. 삭제<2018.6.12>
12. 삭제<2018.6.12>
③ 다음 각 호의 어느 하나에 해당하는 자(제29조제3항에 따라 준용되는 경우를 포함한다)에게는 500만원 이하의 과태료를 부과한다. <개정 2018.6.12>
1. 제5조제2항 및 제3항에 따른 신고를 하지 아니하거나 거짓으로 신고한 자
2. 제6조제1항을 위반하여 방문판매원등의 명부를 작성하지 아니하거나 같은 조 제2항을 위반하여 방문판매원의 신원을 확인할 수 있도록 하지 아니한 자 또는 같은 조 제3항을 위반하여 성명 등을 밝히지 아니한 자
3. 제7조제2항, 제16조 또는 제30조제2항에 따른 계약서를 발급하지 아니한 자
3의2. 제7조의2제1항을 위반하여 소비자의 동의를 받아 통화내용 중 계약에 관한 사항을 계약일부터 3개월 이상 보존하지 아니하거나 같은 조 제2항을 위반하여 소비자의 통화내용 열람 요청을 따르지 아니한 자
4. 제20조제2항을 위반하여 후원수당의 산정 및 지급 기준을 변경한 자
5. 제20조제4항을 위반하여 후원수당의 산정ㆍ지급 명세 등의 열람을 허용하지 아니한 자
6. 제30조제3항을 위반하여 소비자에게 계약 종료일을 통지하지 아니한 자
7. 제33조에 따른 재화등의 거래기록 등을 소비자가 열람할 수 있도록 하지 아니한 자
④ 제57조제1항에 따라 준용되는 「독점규제 및 공정거래에 관한 법률」 제66조를 위반하여 질서유지의 명령을 따르지 아니한 자에게는 100만원 이하의 과태료를 부과한다. <개정 2018.6.12, 2020.12.29>
⑤ 제1항부터 제4항까지에 따른 과태료는 행정청이 부과ㆍ징수한다. 다만, 다단계판매 및 후원방문판매와 관련된 규정에 따른 과태료는 공정거래위원회 또는 시ㆍ도지사가 부과ㆍ징수한다. <개정 2018.6.12>
⑥ 제1항부터 제4항까지에 따른 과태료의 부과기준은 대통령령으로 정한다. <개정 2018.6.12>",https://www.law.go.kr/법령/방문판매 등에 관한 법률
000354,방문판매 등에 관한 법률,법률,공정거래위원회,20250121,20250121,67,,과태료에 관한 규정 적용의 특례,제67조(과태료에 관한 규정 적용의 특례) 제66조의 과태료에 관한 규정을 적용할 때 제51조에 따라 과징금을 부과한 행위에 대해서는 과태료를 부과할 수 없다.,,제67조(과태료에 관한 규정 적용의 특례) 제66조의 과태료에 관한 규정을 적용할 때 제51조에 따라 과징금을 부과한 행위에 대해서는 과태료를 부과할 수 없다.,"법령명: 방문판매 등에 관한 법률
조문: 제67조 (과태료에 관한 규정 적용의 특례)
내용: 제67조(과태료에 관한 규정 적용의 특례) 제66조의 과태료에 관한 규정을 적용할 때 제51조에 따라 과징금을 부과한 행위에 대해서는 과태료를 부과할 수 없다.",https://www.law.go.kr/법령/방문판매 등에 관한 법률
000667,약관의 규제에 관한 법률,법률,공정거래위원회,20240807,20240206,1,,목적,"제1조(목적) 이 법은 사업자가 그 거래상의 지위를 남용하여 불공정한 내용의 약관(約款)을 작성하여 거래에 사용하는 것을 방지하고 불공정한 내용의 약관을 규제함으로써 건전한 거래질서를 확립하고, 이를 통하여 소비자를 보호하고 국민생활을 균형 있게 향상시키는 것을 목적으로 한다.",,"제1조(목적) 이 법은 사업자가 그 거래상의 지위를 남용하여 불공정한 내용의 약관(約款)을 작성하여 거래에 사용하는 것을 방지하고 불공정한 내용의 약관을 규제함으로써 건전한 거래질서를 확립하고, 이를 통하여 소비자를 보호하고 국민생활을 균형 있게 향상시키는 것을 목적으로 한다.","법령명: 약관의 규제에 관한 법률
조문: 제1조 (목적)
내용: 제1조(목적) 이 법은 사업자가 그 거래상의 지위를 남용하여 불공정한 내용의 약관(約款)을 작성하여 거래에 사용하는 것을 방지하고 불공정한 내용의 약관을 규제함으로써 건전한 거래질서를 확립하고, 이를 통하여 소비자를 보호하고 국민생활을 균형 있게 향상시키는 것을 목적으로 한다.",https://www.law.go.kr/법령/약관의 규제에 관한 법률
000667,약관의 규제에 관한 법률,법률,공정거래위원회,20240807,20240206,2,,정의,제2조(정의) 이 법에서 사용하는 용어의 정의는 다음과 같다.,"1. ""약관""이란 그 명칭이나 형태 또는 범위에 상관없이 계약의 한쪽 당사자가 여러 명의 상대방과 계약을 체결하기 위하여 일정한 형식으로 미리 마련한 계약의 내용을 말한다.
2. ""사업자""란 계약의 한쪽 당사자로서 상대 당사자에게 약관을 계약의 내용으로 할 것을 제안하는 자를 말한다.
3. ""고객""이란 계약의 한쪽 당사자로서 사업자로부터 약관을 계약의 내용으로 할 것을 제안받은 자를 말한다.","제2조(정의) 이 법에서 사용하는 용어의 정의는 다음과 같다.
1. ""약관""이란 그 명칭이나 형태 또는 범위에 상관없이 계약의 한쪽 당사자가 여러 명의 상대방과 계약을 체결하기 위하여 일정한 형식으로 미리 마련한 계약의 내용을 말한다.
2. ""사업자""란 계약의 한쪽 당사자로서 상대 당사자에게 약관을 계약의 내용으로 할 것을 제안하는 자를 말한다.
3. ""고객""이란 계약의 한쪽 당사자로서 사업자로부터 약관을 계약의 내용으로 할 것을 제안받은 자를 말한다.","법령명: 약관의 규제에 관한 법률
조문: 제2조 (정의)
내용: 제2조(정의) 이 법에서 사용하는 용어의 정의는 다음과 같다.
1. ""약관""이란 그 명칭이나 형태 또는 범위에 상관없이 계약의 한쪽 당사자가 여러 명의 상대방과 계약을 체결하기 위하여 일정한 형식으로 미리 마련한 계약의 내용을 말한다.
2. ""사업자""란 계약의 한쪽 당사자로서 상대 당사자에게 약관을 계약의 내용으로 할 것을 제안하는 자를 말한다.
3. ""고객""이란 계약의 한쪽 당사자로서 사업자로부터 약관을 계약의 내용으로 할 것을 제안받은 자를 말한다.",https://www.law.go.kr/법령/약관의 규제에 관한 법률
000667,약관의 규제에 관한 법률,법률,공정거래위원회,20240807,20240206,3,,약관의 작성 및 설명의무 등,제3조(약관의 작성 및 설명의무 등),"① 사업자는 고객이 약관의 내용을 쉽게 알 수 있도록 한글로 작성하고, 표준화ㆍ체계화된 용어를 사용하며, 약관의 중요한 내용을 부호, 색채, 굵고 큰 문자 등으로 명확하게 표시하여 알아보기 쉽게 약관을 작성하여야 한다. <개정 2011.3.29>
② 사업자는 계약을 체결할 때에는 고객에게 약관의 내용을 계약의 종류에 따라 일반적으로 예상되는 방법으로 분명하게 밝히고, 고객이 요구할 경우 그 약관의 사본을 고객에게 내주어 고객이 약관의 내용을 알 수 있게 하여야 한다. 다만, 다음 각 호의 어느 하나에 해당하는 업종의 약관에 대하여는 그러하지 아니하다. <개정 2011.3.29>
1. 여객운송업
2. 전기ㆍ가스 및 수도사업
3. 우편업
4. 공중전화 서비스 제공 통신업
③ 사업자는 약관에 정하여져 있는 중요한 내용을 고객이 이해할 수 있도록 설명하여야 한다. 다만, 계약의 성질상 설명하는 것이 현저하게 곤란한 경우에는 그러하지 아니하다.
④ 사업자가 제2항 및 제3항을 위반하여 계약을 체결한 경우에는 해당 약관을 계약의 내용으로 주장할 수 없다.","제3조(약관의 작성 및 설명의무 등)
① 사업자는 고객이 약관의 내용을 쉽게 알 수 있도록 한글로 작성하고, 표준화ㆍ체계화된 용어를 사용하며, 약관의 중요한 내용을 부호, 색채, 굵고 큰 문자 등으로 명확하게 표시하여 알아보기 쉽게 약관을 작성하여야 한다. <개정 2011.3.29>
② 사업자는 계약을 체결할 때에는 고객에게 약관의 내용을 계약의 종류에 따라 일반적으로 예상되는 방법으로 분명하게 밝히고, 고객이 요구할 경우 그 약관의 사본을 고객에게 내주어 고객이 약관의 내용을 알 수 있게 하여야 한다. 다만, 다음 각 호의 어느 하나에 해당하는 업종의 약관에 대하여는 그러하지 아니하다. <개정 2011.3.29>
1. 여객운송업
2. 전기ㆍ가스 및 수도사업
3. 우편업
4. 공중전화 서비스 제공 통신업
③ 사업자는 약관에 정하여져 있는 중요한 내용을 고객이 이해할 수 있도록 설명하여야 한다. 다만, 계약의 성질상 설명하는 것이 현저하게 곤란한 경우에는 그러하지 아니하다.
④ 사업자가 제2항 및 제3항을 위반하여 계약을 체결한 경우에는 해당 약관을 계약의 내용으로 주장할 수 없다.","법령명: 약관의 규제에 관한 법률
조문: 제3조 (약관의 작성 및 설명의무 등)
내용: 제3조(약관의 작성 및 설명의무 등)
① 사업자는 고객이 약관의 내용을 쉽게 알 수 있도록 한글로 작성하고, 표준화ㆍ체계화된 용어를 사용하며, 약관의 중요한 내용을 부호, 색채, 굵고 큰 문자 등으로 명확하게 표시하여 알아보기 쉽게 약관을 작성하여야 한다. <개정 2011.3.29>
② 사업자는 계약을 체결할 때에는 고객에게 약관의 내용을 계약의 종류에 따라 일반적으로 예상되는 방법으로 분명하게 밝히고, 고객이 요구할 경우 그 약관의 사본을 고객에게 내주어 고객이 약관의 내용을 알 수 있게 하여야 한다. 다만, 다음 각 호의 어느 하나에 해당하는 업종의 약관에 대하여는 그러하지 아니하다. <개정 2011.3.29>
1. 여객운송업
2. 전기ㆍ가스 및 수도사업
3. 우편업
4. 공중전화 서비스 제공 통신업
③ 사업자는 약관에 정하여져 있는 중요한 내용을 고객이 이해할 수 있도록 설명하여야 한다. 다만, 계약의 성질상 설명하는 것이 현저하게 곤란한 경우에는 그러하지 아니하다.
④ 사업자가 제2항 및 제3항을 위반하여 계약을 체결한 경우에는 해당 약관을 계약의 내용으로 주장할 수 없다.",https://www.law.go.kr/법령/약관의 규제에 관한 법률
000667,약관의 규제에 관한 법률,법률,공정거래위원회,20240807,20240206,4,,개별 약정의 우선,제4조(개별 약정의 우선) 약관에서 정하고 있는 사항에 관하여 사업자와 고객이 약관의 내용과 다르게 합의한 사항이 있을 때에는 그 합의 사항은 약관보다 우선한다.,,제4조(개별 약정의 우선) 약관에서 정하고 있는 사항에 관하여 사업자와 고객이 약관의 내용과 다르게 합의한 사항이 있을 때에는 그 합의 사항은 약관보다 우선한다.,"법령명: 약관의 규제에 관한 법률
조문: 제4조 (개별 약정의 우선)
내용: 제4조(개별 약정의 우선) 약관에서 정하고 있는 사항에 관하여 사업자와 고객이 약관의 내용과 다르게 합의한 사항이 있을 때에는 그 합의 사항은 약관보다 우선한다.",https://www.law.go.kr/법령/약관의 규제에 관한 법률
000667,약관의 규제에 관한 법률,법률,공정거래위원회,20240807,20240206,5,,약관의 해석,제5조(약관의 해석),"① 약관은 신의성실의 원칙에 따라 공정하게 해석되어야 하며 고객에 따라 다르게 해석되어서는 아니 된다.
② 약관의 뜻이 명백하지 아니한 경우에는 고객에게 유리하게 해석되어야 한다.","제5조(약관의 해석)
① 약관은 신의성실의 원칙에 따라 공정하게 해석되어야 하며 고객에 따라 다르게 해석되어서는 아니 된다.
② 약관의 뜻이 명백하지 아니한 경우에는 고객에게 유리하게 해석되어야 한다.","법령명: 약관의 규제에 관한 법률
조문: 제5조 (약관의 해석)
내용: 제5조(약관의 해석)
① 약관은 신의성실의 원칙에 따라 공정하게 해석되어야 하며 고객에 따라 다르게 해석되어서는 아니 된다.
② 약관의 뜻이 명백하지 아니한 경우에는 고객에게 유리하게 해석되어야 한다.",https://www.law.go.kr/법령/약관의 규제에 관한 법률
000667,약관의 규제에 관한 법률,법률,공정거래위원회,20240807,20240206,6,,일반원칙,제6조(일반원칙),"① 신의성실의 원칙을 위반하여 공정성을 잃은 약관 조항은 무효이다.
② 약관의 내용 중 다음 각 호의 어느 하나에 해당하는 내용을 정하고 있는 조항은 공정성을 잃은 것으로 추정된다.
1. 고객에게 부당하게 불리한 조항
2. 고객이 계약의 거래형태 등 관련된 모든 사정에 비추어 예상하기 어려운 조항
3. 계약의 목적을 달성할 수 없을 정도로 계약에 따르는 본질적 권리를 제한하는 조항","제6조(일반원칙)
① 신의성실의 원칙을 위반하여 공정성을 잃은 약관 조항은 무효이다.
② 약관의 내용 중 다음 각 호의 어느 하나에 해당하는 내용을 정하고 있는 조항은 공정성을 잃은 것으로 추정된다.
1. 고객에게 부당하게 불리한 조항
2. 고객이 계약의 거래형태 등 관련된 모든 사정에 비추어 예상하기 어려운 조항
3. 계약의 목적을 달성할 수 없을 정도로 계약에 따르는 본질적 권리를 제한하는 조항","법령명: 약관의 규제에 관한 법률
조문: 제6조 (일반원칙)
내용: 제6조(일반원칙)
① 신의성실의 원칙을 위반하여 공정성을 잃은 약관 조항은 무효이다.
② 약관의 내용 중 다음 각 호의 어느 하나에 해당하는 내용을 정하고 있는 조항은 공정성을 잃은 것으로 추정된다.
1. 고객에게 부당하게 불리한 조항
2. 고객이 계약의 거래형태 등 관련된 모든 사정에 비추어 예상하기 어려운 조항
3. 계약의 목적을 달성할 수 없을 정도로 계약에 따르는 본질적 권리를 제한하는 조항",https://www.law.go.kr/법령/약관의 규제에 관한 법률
000667,약관의 규제에 관한 법률,법률,공정거래위원회,20240807,20240206,7,,면책조항의 금지,제7조(면책조항의 금지) 계약 당사자의 책임에 관하여 정하고 있는 약관의 내용 중 다음 각 호의 어느 하나에 해당하는 내용을 정하고 있는 조항은 무효로 한다.,"1. 사업자, 이행 보조자 또는 피고용자의 고의 또는 중대한 과실로 인한 법률상의 책임을 배제하는 조항
2. 상당한 이유 없이 사업자의 손해배상 범위를 제한하거나 사업자가 부담하여야 할 위험을 고객에게 떠넘기는 조항
3. 상당한 이유 없이 사업자의 담보책임을 배제 또는 제한하거나 그 담보책임에 따르는 고객의 권리행사의 요건을 가중하는 조항
4. 상당한 이유 없이 계약목적물에 관하여 견본이 제시되거나 품질ㆍ성능 등에 관한 표시가 있는 경우 그 보장된 내용에 대한 책임을 배제 또는 제한하는 조항","제7조(면책조항의 금지) 계약 당사자의 책임에 관하여 정하고 있는 약관의 내용 중 다음 각 호의 어느 하나에 해당하는 내용을 정하고 있는 조항은 무효로 한다.
1. 사업자, 이행 보조자 또는 피고용자의 고의 또는 중대한 과실로 인한 법률상의 책임을 배제하는 조항
2. 상당한 이유 없이 사업자의 손해배상 범위를 제한하거나 사업자가 부담하여야 할 위험을 고객에게 떠넘기는 조항
3. 상당한 이유 없이 사업자의 담보책임을 배제 또는 제한하거나 그 담보책임에 따르는 고객의 권리행사의 요건을 가중하는 조항
4. 상당한 이유 없이 계약목적물에 관하여 견본이 제시되거나 품질ㆍ성능 등에 관한 표시가 있는 경우 그 보장된 내용에 대한 책임을 배제 또는 제한하는 조항","법령명: 약관의 규제에 관한 법률
조문: 제7조 (면책조항의 금지)
내용: 제7조(면책조항의 금지) 계약 당사자의 책임에 관하여 정하고 있는 약관의 내용 중 다음 각 호의 어느 하나에 해당하는 내용을 정하고 있는 조항은 무효로 한다.
1. 사업자, 이행 보조자 또는 피고용자의 고의 또는 중대한 과실로 인한 법률상의 책임을 배제하는 조항
2. 상당한 이유 없이 사업자의 손해배상 범위를 제한하거나 사업자가 부담하여야 할 위험을 고객에게 떠넘기는 조항
3. 상당한 이유 없이 사업자의 담보책임을 배제 또는 제한하거나 그 담보책임에 따르는 고객의 권리행사의 요건을 가중하는 조항
4. 상당한 이유 없이 계약목적물에 관하여 견본이 제시되거나 품질ㆍ성능 등에 관한 표시가 있는 경우 그 보장된 내용에 대한 책임을 배제 또는 제한하는 조항",https://www.law.go.kr/법령/약관의 규제에 관한 법률
000667,약관의 규제에 관한 법률,법률,공정거래위원회,20240807,20240206,8,,손해배상액의 예정,제8조(손해배상액의 예정) 고객에게 부당하게 과중한 지연 손해금 등의 손해배상 의무를 부담시키는 약관 조항은 무효로 한다.,,제8조(손해배상액의 예정) 고객에게 부당하게 과중한 지연 손해금 등의 손해배상 의무를 부담시키는 약관 조항은 무효로 한다.,"법령명: 약관의 규제에 관한 법률
조문: 제8조 (손해배상액의 예정)
내용: 제8조(손해배상액의 예정) 고객에게 부당하게 과중한 지연 손해금 등의 손해배상 의무를 부담시키는 약관 조항은 무효로 한다.",https://www.law.go.kr/법령/약관의 규제에 관한 법률
000667,약관의 규제에 관한 법률,법률,공정거래위원회,20240807,20240206,9,,계약의 해제ㆍ해지,제9조(계약의 해제ㆍ해지) 계약의 해제ㆍ해지에 관하여 정하고 있는 약관의 내용 중 다음 각 호의 어느 하나에 해당되는 내용을 정하고 있는 조항은 무효로 한다.,"1. 법률에 따른 고객의 해제권 또는 해지권을 배제하거나 그 행사를 제한하는 조항
2. 사업자에게 법률에서 규정하고 있지 아니하는 해제권 또는 해지권을 부여하여 고객에게 부당하게 불이익을 줄 우려가 있는 조항
3. 법률에 따른 사업자의 해제권 또는 해지권의 행사 요건을 완화하여 고객에게 부당하게 불이익을 줄 우려가 있는 조항
4. 계약의 해제 또는 해지로 인한 원상회복의무를 상당한 이유 없이 고객에게 과중하게 부담시키거나 고객의 원상회복 청구권을 부당하게 포기하도록 하는 조항
5. 계약의 해제 또는 해지로 인한 사업자의 원상회복의무나 손해배상의무를 부당하게 경감하는 조항
6. 계속적인 채권관계의 발생을 목적으로 하는 계약에서 그 존속기간을 부당하게 단기 또는 장기로 하거나 묵시적인 기간의 연장 또는 갱신이 가능하도록 정하여 고객에게 부당하게 불이익을 줄 우려가 있는 조항","제9조(계약의 해제ㆍ해지) 계약의 해제ㆍ해지에 관하여 정하고 있는 약관의 내용 중 다음 각 호의 어느 하나에 해당되는 내용을 정하고 있는 조항은 무효로 한다.
1. 법률에 따른 고객의 해제권 또는 해지권을 배제하거나 그 행사를 제한하는 조항
2. 사업자에게 법률에서 규정하고 있지 아니하는 해제권 또는 해지권을 부여하여 고객에게 부당하게 불이익을 줄 우려가 있는 조항
3. 법률에 따른 사업자의 해제권 또는 해지권의 행사 요건을 완화하여 고객에게 부당하게 불이익을 줄 우려가 있는 조항
4. 계약의 해제 또는 해지로 인한 원상회복의무를 상당한 이유 없이 고객에게 과중하게 부담시키거나 고객의 원상회복 청구권을 부당하게 포기하도록 하는 조항
5. 계약의 해제 또는 해지로 인한 사업자의 원상회복의무나 손해배상의무를 부당하게 경감하는 조항
6. 계속적인 채권관계의 발생을 목적으로 하는 계약에서 그 존속기간을 부당하게 단기 또는 장기로 하거나 묵시적인 기간의 연장 또는 갱신이 가능하도록 정하여 고객에게 부당하게 불이익을 줄 우려가 있는 조항","법령명: 약관의 규제에 관한 법률
조문: 제9조 (계약의 해제ㆍ해지)
내용: 제9조(계약의 해제ㆍ해지) 계약의 해제ㆍ해지에 관하여 정하고 있는 약관의 내용 중 다음 각 호의 어느 하나에 해당되는 내용을 정하고 있는 조항은 무효로 한다.
1. 법률에 따른 고객의 해제권 또는 해지권을 배제하거나 그 행사를 제한하는 조항
2. 사업자에게 법률에서 규정하고 있지 아니하는 해제권 또는 해지권을 부여하여 고객에게 부당하게 불이익을 줄 우려가 있는 조항
3. 법률에 따른 사업자의 해제권 또는 해지권의 행사 요건을 완화하여 고객에게 부당하게 불이익을 줄 우려가 있는 조항
4. 계약의 해제 또는 해지로 인한 원상회복의무를 상당한 이유 없이 고객에게 과중하게 부담시키거나 고객의 원상회복 청구권을 부당하게 포기하도록 하는 조항
5. 계약의 해제 또는 해지로 인한 사업자의 원상회복의무나 손해배상의무를 부당하게 경감하는 조항
6. 계속적인 채권관계의 발생을 목적으로 하는 계약에서 그 존속기간을 부당하게 단기 또는 장기로 하거나 묵시적인 기간의 연장 또는 갱신이 가능하도록 정하여 고객에게 부당하게 불이익을 줄 우려가 있는 조항",https://www.law.go.kr/법령/약관의 규제에 관한 법률
000667,약관의 규제에 관한 법률,법률,공정거래위원회,20240807,20240206,10,,채무의 이행,제10조(채무의 이행) 채무의 이행에 관하여 정하고 있는 약관의 내용 중 다음 각 호의 어느 하나에 해당하는 내용을 정하고 있는 조항은 무효로 한다.,"1. 상당한 이유 없이 급부(給付)의 내용을 사업자가 일방적으로 결정하거나 변경할 수 있도록 권한을 부여하는 조항
2. 상당한 이유 없이 사업자가 이행하여야 할 급부를 일방적으로 중지할 수 있게 하거나 제3자에게 대행할 수 있게 하는 조항","제10조(채무의 이행) 채무의 이행에 관하여 정하고 있는 약관의 내용 중 다음 각 호의 어느 하나에 해당하는 내용을 정하고 있는 조항은 무효로 한다.
1. 상당한 이유 없이 급부(給付)의 내용을 사업자가 일방적으로 결정하거나 변경할 수 있도록 권한을 부여하는 조항
2. 상당한 이유 없이 사업자가 이행하여야 할 급부를 일방적으로 중지할 수 있게 하거나 제3자에게 대행할 수 있게 하는 조항","법령명: 약관의 규제에 관한 법률
조문: 제10조 (채무의 이행)
내용: 제10조(채무의 이행) 채무의 이행에 관하여 정하고 있는 약관의 내용 중 다음 각 호의 어느 하나에 해당하는 내용을 정하고 있는 조항은 무효로 한다.
1. 상당한 이유 없이 급부(給付)의 내용을 사업자가 일방적으로 결정하거나 변경할 수 있도록 권한을 부여하는 조항
2. 상당한 이유 없이 사업자가 이행하여야 할 급부를 일방적으로 중지할 수 있게 하거나 제3자에게 대행할 수 있게 하는 조항",https://www.law.go.kr/법령/약관의 규제에 관한 법률
000667,약관의 규제에 관한 법률,법률,공정거래위원회,20240807,20240206,11,,고객의 권익 보호,제11조(고객의 권익 보호) 고객의 권익에 관하여 정하고 있는 약관의 내용 중 다음 각 호의 어느 하나에 해당하는 내용을 정하고 있는 조항은 무효로 한다.,"1. 법률에 따른 고객의 항변권(抗辯權), 상계권(相計權) 등의 권리를 상당한 이유 없이 배제하거나 제한하는 조항
2. 고객에게 주어진 기한의 이익을 상당한 이유 없이 박탈하는 조항
3. 고객이 제3자와 계약을 체결하는 것을 부당하게 제한하는 조항
4. 사업자가 업무상 알게 된 고객의 비밀을 정당한 이유 없이 누설하는 것을 허용하는 조항","제11조(고객의 권익 보호) 고객의 권익에 관하여 정하고 있는 약관의 내용 중 다음 각 호의 어느 하나에 해당하는 내용을 정하고 있는 조항은 무효로 한다.
1. 법률에 따른 고객의 항변권(抗辯權), 상계권(相計權) 등의 권리를 상당한 이유 없이 배제하거나 제한하는 조항
2. 고객에게 주어진 기한의 이익을 상당한 이유 없이 박탈하는 조항
3. 고객이 제3자와 계약을 체결하는 것을 부당하게 제한하는 조항
4. 사업자가 업무상 알게 된 고객의 비밀을 정당한 이유 없이 누설하는 것을 허용하는 조항","법령명: 약관의 규제에 관한 법률
조문: 제11조 (고객의 권익 보호)
내용: 제11조(고객의 권익 보호) 고객의 권익에 관하여 정하고 있는 약관의 내용 중 다음 각 호의 어느 하나에 해당하는 내용을 정하고 있는 조항은 무효로 한다.
1. 법률에 따른 고객의 항변권(抗辯權), 상계권(相計權) 등의 권리를 상당한 이유 없이 배제하거나 제한하는 조항
2. 고객에게 주어진 기한의 이익을 상당한 이유 없이 박탈하는 조항
3. 고객이 제3자와 계약을 체결하는 것을 부당하게 제한하는 조항
4. 사업자가 업무상 알게 된 고객의 비밀을 정당한 이유 없이 누설하는 것을 허용하는 조항",https://www.law.go.kr/법령/약관의 규제에 관한 법률
000667,약관의 규제에 관한 법률,법률,공정거래위원회,20240807,20240206,12,,의사표시의 의제,제12조(의사표시의 의제) 의사표시에 관하여 정하고 있는 약관의 내용 중 다음 각 호의 어느 하나에 해당하는 내용을 정하고 있는 조항은 무효로 한다.,"1. 일정한 작위(作爲) 또는 부작위(不作爲)가 있을 경우 고객의 의사표시가 표명되거나 표명되지 아니한 것으로 보는 조항. 다만, 고객에게 상당한 기한 내에 의사표시를 하지 아니하면 의사표시가 표명되거나 표명되지 아니한 것으로 본다는 뜻을 명확하게 따로 고지한 경우이거나 부득이한 사유로 그러한 고지를 할 수 없는 경우에는 그러하지 아니하다.
2. 고객의 의사표시의 형식이나 요건에 대하여 부당하게 엄격한 제한을 두는 조항
3. 고객의 이익에 중대한 영향을 미치는 사업자의 의사표시가 상당한 이유 없이 고객에게 도달된 것으로 보는 조항
4. 고객의 이익에 중대한 영향을 미치는 사업자의 의사표시 기한을 부당하게 길게 정하거나 불확정하게 정하는 조항","제12조(의사표시의 의제) 의사표시에 관하여 정하고 있는 약관의 내용 중 다음 각 호의 어느 하나에 해당하는 내용을 정하고 있는 조항은 무효로 한다.
1. 일정한 작위(作爲) 또는 부작위(不作爲)가 있을 경우 고객의 의사표시가 표명되거나 표명되지 아니한 것으로 보는 조항. 다만, 고객에게 상당한 기한 내에 의사표시를 하지 아니하면 의사표시가 표명되거나 표명되지 아니한 것으로 본다는 뜻을 명확하게 따로 고지한 경우이거나 부득이한 사유로 그러한 고지를 할 수 없는 경우에는 그러하지 아니하다.
2. 고객의 의사표시의 형식이나 요건에 대하여 부당하게 엄격한 제한을 두는 조항
3. 고객의 이익에 중대한 영향을 미치는 사업자의 의사표시가 상당한 이유 없이 고객에게 도달된 것으로 보는 조항
4. 고객의 이익에 중대한 영향을 미치는 사업자의 의사표시 기한을 부당하게 길게 정하거나 불확정하게 정하는 조항","법령명: 약관의 규제에 관한 법률
조문: 제12조 (의사표시의 의제)
내용: 제12조(의사표시의 의제) 의사표시에 관하여 정하고 있는 약관의 내용 중 다음 각 호의 어느 하나에 해당하는 내용을 정하고 있는 조항은 무효로 한다.
1. 일정한 작위(作爲) 또는 부작위(不作爲)가 있을 경우 고객의 의사표시가 표명되거나 표명되지 아니한 것으로 보는 조항. 다만, 고객에게 상당한 기한 내에 의사표시를 하지 아니하면 의사표시가 표명되거나 표명되지 아니한 것으로 본다는 뜻을 명확하게 따로 고지한 경우이거나 부득이한 사유로 그러한 고지를 할 수 없는 경우에는 그러하지 아니하다.
2. 고객의 의사표시의 형식이나 요건에 대하여 부당하게 엄격한 제한을 두는 조항
3. 고객의 이익에 중대한 영향을 미치는 사업자의 의사표시가 상당한 이유 없이 고객에게 도달된 것으로 보는 조항
4. 고객의 이익에 중대한 영향을 미치는 사업자의 의사표시 기한을 부당하게 길게 정하거나 불확정하게 정하는 조항",https://www.law.go.kr/법령/약관의 규제에 관한 법률
000667,약관의 규제에 관한 법률,법률,공정거래위원회,20240807,20240206,13,,대리인의 책임 가중,제13조(대리인의 책임 가중) 고객의 대리인에 의하여 계약이 체결된 경우 고객이 그 의무를 이행하지 아니하는 경우에는 대리인에게 그 의무의 전부 또는 일부를 이행할 책임을 지우는 내용의 약관 조항은 무효로 한다.,,제13조(대리인의 책임 가중) 고객의 대리인에 의하여 계약이 체결된 경우 고객이 그 의무를 이행하지 아니하는 경우에는 대리인에게 그 의무의 전부 또는 일부를 이행할 책임을 지우는 내용의 약관 조항은 무효로 한다.,"법령명: 약관의 규제에 관한 법률
조문: 제13조 (대리인의 책임 가중)
내용: 제13조(대리인의 책임 가중) 고객의 대리인에 의하여 계약이 체결된 경우 고객이 그 의무를 이행하지 아니하는 경우에는 대리인에게 그 의무의 전부 또는 일부를 이행할 책임을 지우는 내용의 약관 조항은 무효로 한다.",https://www.law.go.kr/법령/약관의 규제에 관한 법률
000667,약관의 규제에 관한 법률,법률,공정거래위원회,20240807,20240206,14,,소송 제기의 금지 등,제14조(소송 제기의 금지 등) 소송 제기 등과 관련된 약관의 내용 중 다음 각 호의 어느 하나에 해당하는 조항은 무효로 한다.,"1. 고객에게 부당하게 불리한 소송 제기 금지 조항 또는 재판관할의 합의 조항
2. 상당한 이유 없이 고객에게 입증책임을 부담시키는 약관 조항","제14조(소송 제기의 금지 등) 소송 제기 등과 관련된 약관의 내용 중 다음 각 호의 어느 하나에 해당하는 조항은 무효로 한다.
1. 고객에게 부당하게 불리한 소송 제기 금지 조항 또는 재판관할의 합의 조항
2. 상당한 이유 없이 고객에게 입증책임을 부담시키는 약관 조항","법령명: 약관의 규제에 관한 법률
조문: 제14조 (소송 제기의 금지 등)
내용: 제14조(소송 제기의 금지 등) 소송 제기 등과 관련된 약관의 내용 중 다음 각 호의 어느 하나에 해당하는 조항은 무효로 한다.
1. 고객에게 부당하게 불리한 소송 제기 금지 조항 또는 재판관할의 합의 조항
2. 상당한 이유 없이 고객에게 입증책임을 부담시키는 약관 조항",https://www.law.go.kr/법령/약관의 규제에 관한 법률
000667,약관의 규제에 관한 법률,법률,공정거래위원회,20240807,20240206,15,,적용의 제한,제15조(적용의 제한) 국제적으로 통용되는 약관이나 그 밖에 특별한 사정이 있는 약관으로서 대통령령으로 정하는 경우에는 제7조부터 제14조까지의 규정을 적용하는 것을 조항별ㆍ업종별로 제한할 수 있다.,,제15조(적용의 제한) 국제적으로 통용되는 약관이나 그 밖에 특별한 사정이 있는 약관으로서 대통령령으로 정하는 경우에는 제7조부터 제14조까지의 규정을 적용하는 것을 조항별ㆍ업종별로 제한할 수 있다.,"법령명: 약관의 규제에 관한 법률
조문: 제15조 (적용의 제한)
내용: 제15조(적용의 제한) 국제적으로 통용되는 약관이나 그 밖에 특별한 사정이 있는 약관으로서 대통령령으로 정하는 경우에는 제7조부터 제14조까지의 규정을 적용하는 것을 조항별ㆍ업종별로 제한할 수 있다.",https://www.law.go.kr/법령/약관의 규제에 관한 법률
000667,약관의 규제에 관한 법률,법률,공정거래위원회,20240807,20240206,16,,일부 무효의 특칙,"제16조(일부 무효의 특칙) 약관의 전부 또는 일부의 조항이 제3조제4항에 따라 계약의 내용이 되지 못하는 경우나 제6조부터 제14조까지의 규정에 따라 무효인 경우 계약은 나머지 부분만으로 유효하게 존속한다. 다만, 유효한 부분만으로는 계약의 목적 달성이 불가능하거나 그 유효한 부분이 한쪽 당사자에게 부당하게 불리한 경우에는 그 계약은 무효로 한다.",,"제16조(일부 무효의 특칙) 약관의 전부 또는 일부의 조항이 제3조제4항에 따라 계약의 내용이 되지 못하는 경우나 제6조부터 제14조까지의 규정에 따라 무효인 경우 계약은 나머지 부분만으로 유효하게 존속한다. 다만, 유효한 부분만으로는 계약의 목적 달성이 불가능하거나 그 유효한 부분이 한쪽 당사자에게 부당하게 불리한 경우에는 그 계약은 무효로 한다.","법령명: 약관의 규제에 관한 법률
조문: 제16조 (일부 무효의 특칙)
내용: 제16조(일부 무효의 특칙) 약관의 전부 또는 일부의 조항이 제3조제4항에 따라 계약의 내용이 되지 못하는 경우나 제6조부터 제14조까지의 규정에 따라 무효인 경우 계약은 나머지 부분만으로 유효하게 존속한다. 다만, 유효한 부분만으로는 계약의 목적 달성이 불가능하거나 그 유효한 부분이 한쪽 당사자에게 부당하게 불리한 경우에는 그 계약은 무효로 한다.",https://www.law.go.kr/법령/약관의 규제에 관한 법률
000667,약관의 규제에 관한 법률,법률,공정거래위원회,20240807,20240206,17,,불공정약관조항의 사용금지,"제17조(불공정약관조항의 사용금지) 사업자는 제6조부터 제14조까지의 규정에 해당하는 불공정한 약관 조항(이하 ""불공정약관조항""이라 한다)을 계약의 내용으로 하여서는 아니 된다.",,"제17조(불공정약관조항의 사용금지) 사업자는 제6조부터 제14조까지의 규정에 해당하는 불공정한 약관 조항(이하 ""불공정약관조항""이라 한다)을 계약의 내용으로 하여서는 아니 된다.","법령명: 약관의 규제에 관한 법률
조문: 제17조 (불공정약관조항의 사용금지)
내용: 제17조(불공정약관조항의 사용금지) 사업자는 제6조부터 제14조까지의 규정에 해당하는 불공정한 약관 조항(이하 ""불공정약관조항""이라 한다)을 계약의 내용으로 하여서는 아니 된다.",https://www.law.go.kr/법령/약관의 규제에 관한 법률
000667,약관의 규제에 관한 법률,법률,공정거래위원회,20240807,20240206,17,2,시정 조치,제17조의2(시정 조치),"① 공정거래위원회는 사업자가 제17조를 위반한 경우에는 사업자에게 해당 불공정약관조항의 삭제ㆍ수정 등 시정에 필요한 조치를 권고할 수 있다.
② 공정거래위원회는 제17조를 위반한 사업자가 다음 각 호의 어느 하나에 해당하는 경우에는 사업자에게 해당 불공정약관조항의 삭제ㆍ수정, 시정명령을 받은 사실의 공표, 그 밖에 약관을 시정하기 위하여 필요한 조치를 명할 수 있다. <개정 2013.5.28, 2020.12.29>
1. 사업자가 「독점규제 및 공정거래에 관한 법률」 제2조제3호의 시장지배적사업자인 경우
2. 사업자가 자기의 거래상의 지위를 부당하게 이용하여 계약을 체결하는 경우
3. 사업자가 일반 공중에게 물품ㆍ용역을 공급하는 계약으로서 계약 체결의 긴급성ㆍ신속성으로 인하여 고객이 계약을 체결할 때에 약관 조항의 내용을 변경하기 곤란한 경우
4. 사업자의 계약 당사자로서의 지위가 현저하게 우월하거나 고객이 다른 사업자를 선택할 범위가 제한되어 있어 약관을 계약의 내용으로 하는 것이 사실상 강제되는 경우
5. 계약의 성질상 또는 목적상 계약의 취소ㆍ해제 또는 해지가 불가능하거나 계약을 취소ㆍ해제 또는 해지하면 고객에게 현저한 재산상의 손해가 발생하는 경우
6. 사업자가 제1항에 따른 권고를 정당한 사유 없이 따르지 아니하여 여러 고객에게 피해가 발생하거나 발생할 우려가 현저한 경우
③ 공정거래위원회는 제1항 및 제2항에 따른 시정권고 또는 시정명령을 할 때 필요하면 해당 사업자와 같은 종류의 사업을 하는 다른 사업자에게 같은 내용의 불공정약관조항을 사용하지 말 것을 권고할 수 있다.","제17조의2(시정 조치)
① 공정거래위원회는 사업자가 제17조를 위반한 경우에는 사업자에게 해당 불공정약관조항의 삭제ㆍ수정 등 시정에 필요한 조치를 권고할 수 있다.
② 공정거래위원회는 제17조를 위반한 사업자가 다음 각 호의 어느 하나에 해당하는 경우에는 사업자에게 해당 불공정약관조항의 삭제ㆍ수정, 시정명령을 받은 사실의 공표, 그 밖에 약관을 시정하기 위하여 필요한 조치를 명할 수 있다. <개정 2013.5.28, 2020.12.29>
1. 사업자가 「독점규제 및 공정거래에 관한 법률」 제2조제3호의 시장지배적사업자인 경우
2. 사업자가 자기의 거래상의 지위를 부당하게 이용하여 계약을 체결하는 경우
3. 사업자가 일반 공중에게 물품ㆍ용역을 공급하는 계약으로서 계약 체결의 긴급성ㆍ신속성으로 인하여 고객이 계약을 체결할 때에 약관 조항의 내용을 변경하기 곤란한 경우
4. 사업자의 계약 당사자로서의 지위가 현저하게 우월하거나 고객이 다른 사업자를 선택할 범위가 제한되어 있어 약관을 계약의 내용으로 하는 것이 사실상 강제되는 경우
5. 계약의 성질상 또는 목적상 계약의 취소ㆍ해제 또는 해지가 불가능하거나 계약을 취소ㆍ해제 또는 해지하면 고객에게 현저한 재산상의 손해가 발생하는 경우
6. 사업자가 제1항에 따른 권고를 정당한 사유 없이 따르지 아니하여 여러 고객에게 피해가 발생하거나 발생할 우려가 현저한 경우
③ 공정거래위원회는 제1항 및 제2항에 따른 시정권고 또는 시정명령을 할 때 필요하면 해당 사업자와 같은 종류의 사업을 하는 다른 사업자에게 같은 내용의 불공정약관조항을 사용하지 말 것을 권고할 수 있다.","법령명: 약관의 규제에 관한 법률
조문: 제17조의2 (시정 조치)
내용: 제17조의2(시정 조치)
① 공정거래위원회는 사업자가 제17조를 위반한 경우에는 사업자에게 해당 불공정약관조항의 삭제ㆍ수정 등 시정에 필요한 조치를 권고할 수 있다.
② 공정거래위원회는 제17조를 위반한 사업자가 다음 각 호의 어느 하나에 해당하는 경우에는 사업자에게 해당 불공정약관조항의 삭제ㆍ수정, 시정명령을 받은 사실의 공표, 그 밖에 약관을 시정하기 위하여 필요한 조치를 명할 수 있다. <개정 2013.5.28, 2020.12.29>
1. 사업자가 「독점규제 및 공정거래에 관한 법률」 제2조제3호의 시장지배적사업자인 경우
2. 사업자가 자기의 거래상의 지위를 부당하게 이용하여 계약을 체결하는 경우
3. 사업자가 일반 공중에게 물품ㆍ용역을 공급하는 계약으로서 계약 체결의 긴급성ㆍ신속성으로 인하여 고객이 계약을 체결할 때에 약관 조항의 내용을 변경하기 곤란한 경우
4. 사업자의 계약 당사자로서의 지위가 현저하게 우월하거나 고객이 다른 사업자를 선택할 범위가 제한되어 있어 약관을 계약의 내용으로 하는 것이 사실상 강제되는 경우
5. 계약의 성질상 또는 목적상 계약의 취소ㆍ해제 또는 해지가 불가능하거나 계약을 취소ㆍ해제 또는 해지하면 고객에게 현저한 재산상의 손해가 발생하는 경우
6. 사업자가 제1항에 따른 권고를 정당한 사유 없이 따르지 아니하여 여러 고객에게 피해가 발생하거나 발생할 우려가 현저한 경우
③ 공정거래위원회는 제1항 및 제2항에 따른 시정권고 또는 시정명령을 할 때 필요하면 해당 사업자와 같은 종류의 사업을 하는 다른 사업자에게 같은 내용의 불공정약관조항을 사용하지 말 것을 권고할 수 있다.",https://www.law.go.kr/법령/약관의 규제에 관한 법률
000667,약관의 규제에 관한 법률,법률,공정거래위원회,20240807,20240206,18,,관청 인가 약관 등,제18조(관청 인가 약관 등),"① 공정거래위원회는 행정관청이 작성한 약관이나 다른 법률에 따라 행정관청의 인가를 받은 약관이 제6조부터 제14조까지의 규정에 해당된다고 인정할 때에는 해당 행정관청에 그 사실을 통보하고 이를 시정하기 위하여 필요한 조치를 하도록 요청할 수 있다.
② 공정거래위원회는 「은행법」에 따른 은행의 약관이 제6조부터 제14조까지의 규정에 해당된다고 인정할 때에는 「금융위원회의 설치 등에 관한 법률」에 따라 설립된 금융감독원에 그 사실을 통보하고 이를 시정하기 위하여 필요한 조치를 권고할 수 있다. <개정 2010.5.17>
③ 제1항에 따라 행정관청에 시정을 요청한 경우 공정거래위원회는 제17조의2제1항 및 제2항에 따른 시정권고 또는 시정명령은 하지 아니한다.","제18조(관청 인가 약관 등)
① 공정거래위원회는 행정관청이 작성한 약관이나 다른 법률에 따라 행정관청의 인가를 받은 약관이 제6조부터 제14조까지의 규정에 해당된다고 인정할 때에는 해당 행정관청에 그 사실을 통보하고 이를 시정하기 위하여 필요한 조치를 하도록 요청할 수 있다.
② 공정거래위원회는 「은행법」에 따른 은행의 약관이 제6조부터 제14조까지의 규정에 해당된다고 인정할 때에는 「금융위원회의 설치 등에 관한 법률」에 따라 설립된 금융감독원에 그 사실을 통보하고 이를 시정하기 위하여 필요한 조치를 권고할 수 있다. <개정 2010.5.17>
③ 제1항에 따라 행정관청에 시정을 요청한 경우 공정거래위원회는 제17조의2제1항 및 제2항에 따른 시정권고 또는 시정명령은 하지 아니한다.","법령명: 약관의 규제에 관한 법률
조문: 제18조 (관청 인가 약관 등)
내용: 제18조(관청 인가 약관 등)
① 공정거래위원회는 행정관청이 작성한 약관이나 다른 법률에 따라 행정관청의 인가를 받은 약관이 제6조부터 제14조까지의 규정에 해당된다고 인정할 때에는 해당 행정관청에 그 사실을 통보하고 이를 시정하기 위하여 필요한 조치를 하도록 요청할 수 있다.
② 공정거래위원회는 「은행법」에 따른 은행의 약관이 제6조부터 제14조까지의 규정에 해당된다고 인정할 때에는 「금융위원회의 설치 등에 관한 법률」에 따라 설립된 금융감독원에 그 사실을 통보하고 이를 시정하기 위하여 필요한 조치를 권고할 수 있다. <개정 2010.5.17>
③ 제1항에 따라 행정관청에 시정을 요청한 경우 공정거래위원회는 제17조의2제1항 및 제2항에 따른 시정권고 또는 시정명령은 하지 아니한다.",https://www.law.go.kr/법령/약관의 규제에 관한 법률
000667,약관의 규제에 관한 법률,법률,공정거래위원회,20240807,20240206,19,,약관의 심사청구,제19조(약관의 심사청구),"① 다음 각 호의 자는 약관 조항이 이 법에 위반되는지 여부에 관한 심사를 공정거래위원회에 청구할 수 있다.
1. 약관의 조항과 관련하여 법률상의 이익이 있는 자
2. 「소비자기본법」 제29조에 따라 등록된 소비자단체
3. 「소비자기본법」 제33조에 따라 설립된 한국소비자원
4. 사업자단체
② 제1항에 따른 약관의 심사청구는 공정거래위원회에 서면이나 전자문서로 제출하여야 한다.","제19조(약관의 심사청구)
① 다음 각 호의 자는 약관 조항이 이 법에 위반되는지 여부에 관한 심사를 공정거래위원회에 청구할 수 있다.
1. 약관의 조항과 관련하여 법률상의 이익이 있는 자
2. 「소비자기본법」 제29조에 따라 등록된 소비자단체
3. 「소비자기본법」 제33조에 따라 설립된 한국소비자원
4. 사업자단체
② 제1항에 따른 약관의 심사청구는 공정거래위원회에 서면이나 전자문서로 제출하여야 한다.","법령명: 약관의 규제에 관한 법률
조문: 제19조 (약관의 심사청구)
내용: 제19조(약관의 심사청구)
① 다음 각 호의 자는 약관 조항이 이 법에 위반되는지 여부에 관한 심사를 공정거래위원회에 청구할 수 있다.
1. 약관의 조항과 관련하여 법률상의 이익이 있는 자
2. 「소비자기본법」 제29조에 따라 등록된 소비자단체
3. 「소비자기본법」 제33조에 따라 설립된 한국소비자원
4. 사업자단체
② 제1항에 따른 약관의 심사청구는 공정거래위원회에 서면이나 전자문서로 제출하여야 한다.",https://www.law.go.kr/법령/약관의 규제에 관한 법률
000667,약관의 규제에 관한 법률,법률,공정거래위원회,20240807,20240206,19,2,약관변경으로 인한 심사대상의 변경,제19조의2(약관변경으로 인한 심사대상의 변경) 공정거래위원회는 심사대상인 약관 조항이 변경된 때에는 직권으로 또는 심사청구인의 신청에 의하여 심사대상을 변경할 수 있다.,,제19조의2(약관변경으로 인한 심사대상의 변경) 공정거래위원회는 심사대상인 약관 조항이 변경된 때에는 직권으로 또는 심사청구인의 신청에 의하여 심사대상을 변경할 수 있다.,"법령명: 약관의 규제에 관한 법률
조문: 제19조의2 (약관변경으로 인한 심사대상의 변경)
내용: 제19조의2(약관변경으로 인한 심사대상의 변경) 공정거래위원회는 심사대상인 약관 조항이 변경된 때에는 직권으로 또는 심사청구인의 신청에 의하여 심사대상을 변경할 수 있다.",https://www.law.go.kr/법령/약관의 규제에 관한 법률
000667,약관의 규제에 관한 법률,법률,공정거래위원회,20240807,20240206,19,3,표준약관,제19조의3(표준약관),"① 사업자 및 사업자단체는 건전한 거래질서를 확립하고 불공정한 내용의 약관이 통용되는 것을 방지하기 위하여 일정한 거래 분야에서 표준이 될 약관의 제정ㆍ개정안을 마련하여 그 내용이 이 법에 위반되는지 여부에 관하여 공정거래위원회에 심사를 청구할 수 있다. <개정 2016.3.29>
② 「소비자기본법」 제29조에 따라 등록된 소비자단체 또는 같은 법 제33조에 따라 설립된 한국소비자원(이하 ""소비자단체등""이라 한다)은 소비자 피해가 자주 일어나는 거래 분야에서 표준이 될 약관을 제정 또는 개정할 것을 공정거래위원회에 요청할 수 있다. <개정 2016.3.29>
③ 공정거래위원회는 다음 각 호의 어느 하나에 해당하는 경우에 사업자 및 사업자단체에 대하여 표준이 될 약관의 제정ㆍ개정안을 마련하여 심사 청구할 것을 권고할 수 있다. <개정 2016.3.29>
1. 소비자단체등의 요청이 있는 경우
2. 일정한 거래 분야에서 여러 고객에게 피해가 발생하거나 발생할 우려가 있는 경우에 관련 상황을 조사하여 약관이 없거나 불공정약관조항이 있는 경우
3. 법률의 제정ㆍ개정ㆍ폐지 등으로 약관을 정비할 필요가 발생한 경우
④ 공정거래위원회는 사업자 및 사업자단체가 제3항의 권고를 받은 날부터 4개월 이내에 필요한 조치를 하지 아니하면 관련 분야의 거래 당사자 및 소비자단체등의 의견을 듣고 관계 부처의 협의를 거쳐 표준이 될 약관을 제정 또는 개정할 수 있다. <개정 2016.3.29>
⑤ 공정거래위원회는 제1항 또는 제4항에 따라 심사하거나 제정ㆍ개정한 약관(이하 ""표준약관""이라 한다)을 공시(公示)하고 사업자 및 사업자단체에 표준약관을 사용할 것을 권장할 수 있다. <개정 2016.3.29>
⑥ 공정거래위원회로부터 표준약관의 사용을 권장받은 사업자 및 사업자단체는 표준약관과 다른 약관을 사용하는 경우 표준약관과 다르게 정한 주요 내용을 고객이 알기 쉽게 표시하여야 한다.
⑦ 공정거래위원회는 표준약관의 사용을 활성화하기 위하여 표준약관 표지(標識)를 정할 수 있고, 사업자 및 사업자단체는 표준약관을 사용하는 경우 공정거래위원회가 고시하는 바에 따라 표준약관 표지를 사용할 수 있다.
⑧ 사업자 및 사업자단체는 표준약관과 다른 내용을 약관으로 사용하는 경우 표준약관 표지를 사용하여서는 아니 된다.
⑨ 사업자 및 사업자단체가 제8항을 위반하여 표준약관 표지를 사용하는 경우 표준약관의 내용보다 고객에게 더 불리한 약관의 내용은 무효로 한다.","제19조의3(표준약관)
① 사업자 및 사업자단체는 건전한 거래질서를 확립하고 불공정한 내용의 약관이 통용되는 것을 방지하기 위하여 일정한 거래 분야에서 표준이 될 약관의 제정ㆍ개정안을 마련하여 그 내용이 이 법에 위반되는지 여부에 관하여 공정거래위원회에 심사를 청구할 수 있다. <개정 2016.3.29>
② 「소비자기본법」 제29조에 따라 등록된 소비자단체 또는 같은 법 제33조에 따라 설립된 한국소비자원(이하 ""소비자단체등""이라 한다)은 소비자 피해가 자주 일어나는 거래 분야에서 표준이 될 약관을 제정 또는 개정할 것을 공정거래위원회에 요청할 수 있다. <개정 2016.3.29>
③ 공정거래위원회는 다음 각 호의 어느 하나에 해당하는 경우에 사업자 및 사업자단체에 대하여 표준이 될 약관의 제정ㆍ개정안을 마련하여 심사 청구할 것을 권고할 수 있다. <개정 2016.3.29>
1. 소비자단체등의 요청이 있는 경우
2. 일정한 거래 분야에서 여러 고객에게 피해가 발생하거나 발생할 우려가 있는 경우에 관련 상황을 조사하여 약관이 없거나 불공정약관조항이 있는 경우
3. 법률의 제정ㆍ개정ㆍ폐지 등으로 약관을 정비할 필요가 발생한 경우
④ 공정거래위원회는 사업자 및 사업자단체가 제3항의 권고를 받은 날부터 4개월 이내에 필요한 조치를 하지 아니하면 관련 분야의 거래 당사자 및 소비자단체등의 의견을 듣고 관계 부처의 협의를 거쳐 표준이 될 약관을 제정 또는 개정할 수 있다. <개정 2016.3.29>
⑤ 공정거래위원회는 제1항 또는 제4항에 따라 심사하거나 제정ㆍ개정한 약관(이하 ""표준약관""이라 한다)을 공시(公示)하고 사업자 및 사업자단체에 표준약관을 사용할 것을 권장할 수 있다. <개정 2016.3.29>
⑥ 공정거래위원회로부터 표준약관의 사용을 권장받은 사업자 및 사업자단체는 표준약관과 다른 약관을 사용하는 경우 표준약관과 다르게 정한 주요 내용을 고객이 알기 쉽게 표시하여야 한다.
⑦ 공정거래위원회는 표준약관의 사용을 활성화하기 위하여 표준약관 표지(標識)를 정할 수 있고, 사업자 및 사업자단체는 표준약관을 사용하는 경우 공정거래위원회가 고시하는 바에 따라 표준약관 표지를 사용할 수 있다.
⑧ 사업자 및 사업자단체는 표준약관과 다른 내용을 약관으로 사용하는 경우 표준약관 표지를 사용하여서는 아니 된다.
⑨ 사업자 및 사업자단체가 제8항을 위반하여 표준약관 표지를 사용하는 경우 표준약관의 내용보다 고객에게 더 불리한 약관의 내용은 무효로 한다.","법령명: 약관의 규제에 관한 법률
조문: 제19조의3 (표준약관)
내용: 제19조의3(표준약관)
① 사업자 및 사업자단체는 건전한 거래질서를 확립하고 불공정한 내용의 약관이 통용되는 것을 방지하기 위하여 일정한 거래 분야에서 표준이 될 약관의 제정ㆍ개정안을 마련하여 그 내용이 이 법에 위반되는지 여부에 관하여 공정거래위원회에 심사를 청구할 수 있다. <개정 2016.3.29>
② 「소비자기본법」 제29조에 따라 등록된 소비자단체 또는 같은 법 제33조에 따라 설립된 한국소비자원(이하 ""소비자단체등""이라 한다)은 소비자 피해가 자주 일어나는 거래 분야에서 표준이 될 약관을 제정 또는 개정할 것을 공정거래위원회에 요청할 수 있다. <개정 2016.3.29>
③ 공정거래위원회는 다음 각 호의 어느 하나에 해당하는 경우에 사업자 및 사업자단체에 대하여 표준이 될 약관의 제정ㆍ개정안을 마련하여 심사 청구할 것을 권고할 수 있다. <개정 2016.3.29>
1. 소비자단체등의 요청이 있는 경우
2. 일정한 거래 분야에서 여러 고객에게 피해가 발생하거나 발생할 우려가 있는 경우에 관련 상황을 조사하여 약관이 없거나 불공정약관조항이 있는 경우
3. 법률의 제정ㆍ개정ㆍ폐지 등으로 약관을 정비할 필요가 발생한 경우
④ 공정거래위원회는 사업자 및 사업자단체가 제3항의 권고를 받은 날부터 4개월 이내에 필요한 조치를 하지 아니하면 관련 분야의 거래 당사자 및 소비자단체등의 의견을 듣고 관계 부처의 협의를 거쳐 표준이 될 약관을 제정 또는 개정할 수 있다. <개정 2016.3.29>
⑤ 공정거래위원회는 제1항 또는 제4항에 따라 심사하거나 제정ㆍ개정한 약관(이하 ""표준약관""이라 한다)을 공시(公示)하고 사업자 및 사업자단체에 표준약관을 사용할 것을 권장할 수 있다. <개정 2016.3.29>
⑥ 공정거래위원회로부터 표준약관의 사용을 권장받은 사업자 및 사업자단체는 표준약관과 다른 약관을 사용하는 경우 표준약관과 다르게 정한 주요 내용을 고객이 알기 쉽게 표시하여야 한다.
⑦ 공정거래위원회는 표준약관의 사용을 활성화하기 위하여 표준약관 표지(標識)를 정할 수 있고, 사업자 및 사업자단체는 표준약관을 사용하는 경우 공정거래위원회가 고시하는 바에 따라 표준약관 표지를 사용할 수 있다.
⑧ 사업자 및 사업자단체는 표준약관과 다른 내용을 약관으로 사용하는 경우 표준약관 표지를 사용하여서는 아니 된다.
⑨ 사업자 및 사업자단체가 제8항을 위반하여 표준약관 표지를 사용하는 경우 표준약관의 내용보다 고객에게 더 불리한 약관의 내용은 무효로 한다.",https://www.law.go.kr/법령/약관의 규제에 관한 법률
000667,약관의 규제에 관한 법률,법률,공정거래위원회,20240807,20240206,20,,조사,제20조(조사),"① 공정거래위원회는 다음 각 호의 어느 하나의 경우 약관이 이 법에 위반된 사실이 있는지 여부를 확인하기 위하여 필요한 조사를 할 수 있다.
1. 제17조의2제1항 또는 제2항에 따른 시정권고 또는 시정명령을 하기 위하여 필요하다고 인정되는 경우
2. 제19조에 따라 약관의 심사청구를 받은 경우
② 제1항에 따라 조사를 하는 공무원은 그 권한을 표시하는 증표를 지니고 이를 관계인에게 내보여야 한다.","제20조(조사)
① 공정거래위원회는 다음 각 호의 어느 하나의 경우 약관이 이 법에 위반된 사실이 있는지 여부를 확인하기 위하여 필요한 조사를 할 수 있다.
1. 제17조의2제1항 또는 제2항에 따른 시정권고 또는 시정명령을 하기 위하여 필요하다고 인정되는 경우
2. 제19조에 따라 약관의 심사청구를 받은 경우
② 제1항에 따라 조사를 하는 공무원은 그 권한을 표시하는 증표를 지니고 이를 관계인에게 내보여야 한다.","법령명: 약관의 규제에 관한 법률
조문: 제20조 (조사)
내용: 제20조(조사)
① 공정거래위원회는 다음 각 호의 어느 하나의 경우 약관이 이 법에 위반된 사실이 있는지 여부를 확인하기 위하여 필요한 조사를 할 수 있다.
1. 제17조의2제1항 또는 제2항에 따른 시정권고 또는 시정명령을 하기 위하여 필요하다고 인정되는 경우
2. 제19조에 따라 약관의 심사청구를 받은 경우
② 제1항에 따라 조사를 하는 공무원은 그 권한을 표시하는 증표를 지니고 이를 관계인에게 내보여야 한다.",https://www.law.go.kr/법령/약관의 규제에 관한 법률
000667,약관의 규제에 관한 법률,법률,공정거래위원회,20240807,20240206,21,,,제21조 삭제 <2010.3.22>,,제21조 삭제 <2010.3.22>,"법령명: 약관의 규제에 관한 법률
조문: 제21조
내용: 제21조 삭제 <2010.3.22>",https://www.law.go.kr/법령/약관의 규제에 관한 법률
000667,약관의 규제에 관한 법률,법률,공정거래위원회,20240807,20240206,22,,의견 진술,제22조(의견 진술),"① 공정거래위원회는 약관의 내용이 이 법에 위반되는지 여부에 대하여 심의하기 전에 그 약관에 따라 거래를 한 사업자 또는 이해관계인에게 그 약관이 심사 대상이 되었다는 사실을 알려야 한다.
② 제1항에 따라 통지를 받은 당사자 또는 이해관계인은 공정거래위원회의 회의에 출석하여 의견을 진술하거나 필요한 자료를 제출할 수 있다.
③ 공정거래위원회는 심사 대상이 된 약관이 다른 법률에 따라 행정관청의 인가를 받았거나 받아야 할 것인 경우에는 심의에 앞서 그 행정관청에 의견을 제출하도록 요구할 수 있다.","제22조(의견 진술)
① 공정거래위원회는 약관의 내용이 이 법에 위반되는지 여부에 대하여 심의하기 전에 그 약관에 따라 거래를 한 사업자 또는 이해관계인에게 그 약관이 심사 대상이 되었다는 사실을 알려야 한다.
② 제1항에 따라 통지를 받은 당사자 또는 이해관계인은 공정거래위원회의 회의에 출석하여 의견을 진술하거나 필요한 자료를 제출할 수 있다.
③ 공정거래위원회는 심사 대상이 된 약관이 다른 법률에 따라 행정관청의 인가를 받았거나 받아야 할 것인 경우에는 심의에 앞서 그 행정관청에 의견을 제출하도록 요구할 수 있다.","법령명: 약관의 규제에 관한 법률
조문: 제22조 (의견 진술)
내용: 제22조(의견 진술)
① 공정거래위원회는 약관의 내용이 이 법에 위반되는지 여부에 대하여 심의하기 전에 그 약관에 따라 거래를 한 사업자 또는 이해관계인에게 그 약관이 심사 대상이 되었다는 사실을 알려야 한다.
② 제1항에 따라 통지를 받은 당사자 또는 이해관계인은 공정거래위원회의 회의에 출석하여 의견을 진술하거나 필요한 자료를 제출할 수 있다.
③ 공정거래위원회는 심사 대상이 된 약관이 다른 법률에 따라 행정관청의 인가를 받았거나 받아야 할 것인 경우에는 심의에 앞서 그 행정관청에 의견을 제출하도록 요구할 수 있다.",https://www.law.go.kr/법령/약관의 규제에 관한 법률
000667,약관의 규제에 관한 법률,법률,공정거래위원회,20240807,20240206,23,,불공정약관조항의 공개,제23조(불공정약관조항의 공개) 공정거래위원회는 이 법에 위반된다고 심의ㆍ의결한 약관 조항의 목록을 인터넷 홈페이지에 공개하여야 한다. <개정 2011.3.29>,,제23조(불공정약관조항의 공개) 공정거래위원회는 이 법에 위반된다고 심의ㆍ의결한 약관 조항의 목록을 인터넷 홈페이지에 공개하여야 한다. <개정 2011.3.29>,"법령명: 약관의 규제에 관한 법률
조문: 제23조 (불공정약관조항의 공개)
내용: 제23조(불공정약관조항의 공개) 공정거래위원회는 이 법에 위반된다고 심의ㆍ의결한 약관 조항의 목록을 인터넷 홈페이지에 공개하여야 한다. <개정 2011.3.29>",https://www.law.go.kr/법령/약관의 규제에 관한 법률
000667,약관의 규제에 관한 법률,법률,공정거래위원회,20240807,20240206,24,,약관 분쟁조정협의회의 설치 및 구성,제24조(약관 분쟁조정협의회의 설치 및 구성),"① 제17조를 위반한 약관 또는 이와 비슷한 유형의 약관으로서 대통령령으로 정하는 약관과 관련된 분쟁을 조정하기 위하여 「독점규제 및 공정거래에 관한 법률」 제72조제1항에 따른 한국공정거래조정원(이하 ""조정원""이라 한다)에 약관 분쟁조정협의회(이하 ""협의회""라 한다)를 둔다. <개정 2020.12.29>
② 협의회는 위원장 1명을 포함한 9명의 위원으로 구성하며, 위원장은 상임으로 한다. <개정 2023.8.8>
③ 협의회 위원장은 조정원의 장의 제청으로 공정거래위원회 위원장이 위촉한다.
④ 협의회 위원장이 사고로 직무를 수행할 수 없을 때에는 협의회의 위원장이 지명하는 협의회 위원이 그 직무를 대행한다.
⑤ 협의회 위원은 약관규제ㆍ소비자 분야에 경험 또는 전문지식이 있는 사람으로서 다음 각 호의 어느 하나에 해당하는 사람 중에서 조정원의 장의 제청으로 공정거래위원회 위원장이 임명하거나 위촉한다. <개정 2023.8.8>
1. 공정거래 및 소비자보호 업무에 관한 경험이 있는 4급 이상 공무원(고위공무원단에 속하는 일반직공무원을 포함한다)의 직에 있거나 있었던 사람
2. 판사ㆍ검사 직에 있거나 있었던 사람 또는 변호사의 자격이 있는 사람
3. 대학에서 법률학ㆍ경제학ㆍ경영학 또는 소비자 관련 분야 학문을 전공한 사람으로서 「고등교육법」 제2조제1호ㆍ제2호ㆍ제4호 또는 제5호에 따른 학교나 공인된 연구기관에서 부교수 이상의 직 또는 이에 상당하는 직에 있거나 있었던 사람
4. 그 밖에 기업경영, 소비자권익 및 분쟁조정과 관련된 업무에 관한 학식과 경험이 풍부한 사람
⑥ 협의회 위원의 임기는 3년으로 하되, 연임할 수 있다.
⑦ 협의회 위원 중 결원이 생긴 때에는 제5항에 따라 보궐위원을 위촉하여야 하며, 그 보궐위원의 임기는 전임자의 남은 임기로 한다.
⑧ 협의회의 회의 등 업무지원을 위하여 별도 사무지원 조직을 조정원 내에 둔다.","제24조(약관 분쟁조정협의회의 설치 및 구성)
① 제17조를 위반한 약관 또는 이와 비슷한 유형의 약관으로서 대통령령으로 정하는 약관과 관련된 분쟁을 조정하기 위하여 「독점규제 및 공정거래에 관한 법률」 제72조제1항에 따른 한국공정거래조정원(이하 ""조정원""이라 한다)에 약관 분쟁조정협의회(이하 ""협의회""라 한다)를 둔다. <개정 2020.12.29>
② 협의회는 위원장 1명을 포함한 9명의 위원으로 구성하며, 위원장은 상임으로 한다. <개정 2023.8.8>
③ 협의회 위원장은 조정원의 장의 제청으로 공정거래위원회 위원장이 위촉한다.
④ 협의회 위원장이 사고로 직무를 수행할 수 없을 때에는 협의회의 위원장이 지명하는 협의회 위원이 그 직무를 대행한다.
⑤ 협의회 위원은 약관규제ㆍ소비자 분야에 경험 또는 전문지식이 있는 사람으로서 다음 각 호의 어느 하나에 해당하는 사람 중에서 조정원의 장의 제청으로 공정거래위원회 위원장이 임명하거나 위촉한다. <개정 2023.8.8>
1. 공정거래 및 소비자보호 업무에 관한 경험이 있는 4급 이상 공무원(고위공무원단에 속하는 일반직공무원을 포함한다)의 직에 있거나 있었던 사람
2. 판사ㆍ검사 직에 있거나 있었던 사람 또는 변호사의 자격이 있는 사람
3. 대학에서 법률학ㆍ경제학ㆍ경영학 또는 소비자 관련 분야 학문을 전공한 사람으로서 「고등교육법」 제2조제1호ㆍ제2호ㆍ제4호 또는 제5호에 따른 학교나 공인된 연구기관에서 부교수 이상의 직 또는 이에 상당하는 직에 있거나 있었던 사람
4. 그 밖에 기업경영, 소비자권익 및 분쟁조정과 관련된 업무에 관한 학식과 경험이 풍부한 사람
⑥ 협의회 위원의 임기는 3년으로 하되, 연임할 수 있다.
⑦ 협의회 위원 중 결원이 생긴 때에는 제5항에 따라 보궐위원을 위촉하여야 하며, 그 보궐위원의 임기는 전임자의 남은 임기로 한다.
⑧ 협의회의 회의 등 업무지원을 위하여 별도 사무지원 조직을 조정원 내에 둔다.","법령명: 약관의 규제에 관한 법률
조문: 제24조 (약관 분쟁조정협의회의 설치 및 구성)
내용: 제24조(약관 분쟁조정협의회의 설치 및 구성)
① 제17조를 위반한 약관 또는 이와 비슷한 유형의 약관으로서 대통령령으로 정하는 약관과 관련된 분쟁을 조정하기 위하여 「독점규제 및 공정거래에 관한 법률」 제72조제1항에 따른 한국공정거래조정원(이하 ""조정원""이라 한다)에 약관 분쟁조정협의회(이하 ""협의회""라 한다)를 둔다. <개정 2020.12.29>
② 협의회는 위원장 1명을 포함한 9명의 위원으로 구성하며, 위원장은 상임으로 한다. <개정 2023.8.8>
③ 협의회 위원장은 조정원의 장의 제청으로 공정거래위원회 위원장이 위촉한다.
④ 협의회 위원장이 사고로 직무를 수행할 수 없을 때에는 협의회의 위원장이 지명하는 협의회 위원이 그 직무를 대행한다.
⑤ 협의회 위원은 약관규제ㆍ소비자 분야에 경험 또는 전문지식이 있는 사람으로서 다음 각 호의 어느 하나에 해당하는 사람 중에서 조정원의 장의 제청으로 공정거래위원회 위원장이 임명하거나 위촉한다. <개정 2023.8.8>
1. 공정거래 및 소비자보호 업무에 관한 경험이 있는 4급 이상 공무원(고위공무원단에 속하는 일반직공무원을 포함한다)의 직에 있거나 있었던 사람
2. 판사ㆍ검사 직에 있거나 있었던 사람 또는 변호사의 자격이 있는 사람
3. 대학에서 법률학ㆍ경제학ㆍ경영학 또는 소비자 관련 분야 학문을 전공한 사람으로서 「고등교육법」 제2조제1호ㆍ제2호ㆍ제4호 또는 제5호에 따른 학교나 공인된 연구기관에서 부교수 이상의 직 또는 이에 상당하는 직에 있거나 있었던 사람
4. 그 밖에 기업경영, 소비자권익 및 분쟁조정과 관련된 업무에 관한 학식과 경험이 풍부한 사람
⑥ 협의회 위원의 임기는 3년으로 하되, 연임할 수 있다.
⑦ 협의회 위원 중 결원이 생긴 때에는 제5항에 따라 보궐위원을 위촉하여야 하며, 그 보궐위원의 임기는 전임자의 남은 임기로 한다.
⑧ 협의회의 회의 등 업무지원을 위하여 별도 사무지원 조직을 조정원 내에 둔다.",https://www.law.go.kr/법령/약관의 규제에 관한 법률
000667,약관의 규제에 관한 법률,법률,공정거래위원회,20240807,20240206,25,,협의회의 회의,제25조(협의회의 회의),"① 협의회의 회의는 위원 전원으로 구성되는 회의(이하 ""전체회의""라 한다)와 위원장이 지명하는 3명의 위원(위원장을 포함할 수 있다)으로 구성되는 회의(이하 ""분과회의""라 한다)로 구분된다. <개정 2023.8.8>
② 분과회의는 전체회의로부터 위임받은 사항에 관하여 심의ㆍ의결한다.
③ 전체회의는 위원장이 주재하며, 재적위원 과반수의 출석으로 개의하고, 출석위원 과반수의 찬성으로 의결한다.
④ 분과회의는 위원장 또는 위원장이 지명하는 위원이 주재하며, 구성위원 전원의 출석과 출석위원 전원의 찬성으로 의결한다. 이 경우 분과회의의 의결은 협의회의 의결로 보되, 회의의 결과를 전체회의에 보고하여야 한다. <개정 2023.8.8>
⑤ 조정의 대상이 된 분쟁의 당사자인 고객(「소비자기본법」 제2조제1호에 따른 소비자는 제외한다. 이하 이 장에서 같다)과 사업자(이하 ""분쟁당사자""라 한다)는 협의회의 회의에 출석하여 의견을 진술하거나 관계 자료를 제출할 수 있다.","제25조(협의회의 회의)
① 협의회의 회의는 위원 전원으로 구성되는 회의(이하 ""전체회의""라 한다)와 위원장이 지명하는 3명의 위원(위원장을 포함할 수 있다)으로 구성되는 회의(이하 ""분과회의""라 한다)로 구분된다. <개정 2023.8.8>
② 분과회의는 전체회의로부터 위임받은 사항에 관하여 심의ㆍ의결한다.
③ 전체회의는 위원장이 주재하며, 재적위원 과반수의 출석으로 개의하고, 출석위원 과반수의 찬성으로 의결한다.
④ 분과회의는 위원장 또는 위원장이 지명하는 위원이 주재하며, 구성위원 전원의 출석과 출석위원 전원의 찬성으로 의결한다. 이 경우 분과회의의 의결은 협의회의 의결로 보되, 회의의 결과를 전체회의에 보고하여야 한다. <개정 2023.8.8>
⑤ 조정의 대상이 된 분쟁의 당사자인 고객(「소비자기본법」 제2조제1호에 따른 소비자는 제외한다. 이하 이 장에서 같다)과 사업자(이하 ""분쟁당사자""라 한다)는 협의회의 회의에 출석하여 의견을 진술하거나 관계 자료를 제출할 수 있다.","법령명: 약관의 규제에 관한 법률
조문: 제25조 (협의회의 회의)
내용: 제25조(협의회의 회의)
① 협의회의 회의는 위원 전원으로 구성되는 회의(이하 ""전체회의""라 한다)와 위원장이 지명하는 3명의 위원(위원장을 포함할 수 있다)으로 구성되는 회의(이하 ""분과회의""라 한다)로 구분된다. <개정 2023.8.8>
② 분과회의는 전체회의로부터 위임받은 사항에 관하여 심의ㆍ의결한다.
③ 전체회의는 위원장이 주재하며, 재적위원 과반수의 출석으로 개의하고, 출석위원 과반수의 찬성으로 의결한다.
④ 분과회의는 위원장 또는 위원장이 지명하는 위원이 주재하며, 구성위원 전원의 출석과 출석위원 전원의 찬성으로 의결한다. 이 경우 분과회의의 의결은 협의회의 의결로 보되, 회의의 결과를 전체회의에 보고하여야 한다. <개정 2023.8.8>
⑤ 조정의 대상이 된 분쟁의 당사자인 고객(「소비자기본법」 제2조제1호에 따른 소비자는 제외한다. 이하 이 장에서 같다)과 사업자(이하 ""분쟁당사자""라 한다)는 협의회의 회의에 출석하여 의견을 진술하거나 관계 자료를 제출할 수 있다.",https://www.law.go.kr/법령/약관의 규제에 관한 법률
000667,약관의 규제에 관한 법률,법률,공정거래위원회,20240807,20240206,26,,협의회 위원의 제척ㆍ기피ㆍ회피,제26조(협의회 위원의 제척ㆍ기피ㆍ회피),"① 협의회 위원은 다음 각 호의 어느 하나에 해당하는 경우에는 해당 분쟁조정사항의 조정에서 제척된다.
1. 협의회 위원 또는 그 배우자나 배우자였던 사람이 해당 분쟁조정사항의 분쟁당사자가 되거나 공동권리자 또는 의무자의 관계에 있는 경우
2. 협의회 위원이 해당 분쟁조정사항의 분쟁당사자와 친족관계에 있거나 있었던 경우
3. 협의회 위원 또는 협의회 위원이 속한 법인이 분쟁당사자의 법률ㆍ경영 등에 대하여 자문이나 고문의 역할을 하고 있는 경우
4. 협의회 위원 또는 협의회 위원이 속한 법인이 해당 분쟁조정사항에 대하여 분쟁당사자의 대리인으로 관여하거나 관여하였던 경우 및 증언 또는 감정을 한 경우
② 분쟁당사자는 협의회 위원에게 협의회의 조정에 공정을 기하기 어려운 사정이 있는 때에 협의회에 해당 협의회 위원에 대한 기피신청을 할 수 있다.
③ 협의회 위원이 제1항 또는 제2항의 사유에 해당하는 경우에는 스스로 해당 분쟁조정사항의 조정에서 회피할 수 있다.","제26조(협의회 위원의 제척ㆍ기피ㆍ회피)
① 협의회 위원은 다음 각 호의 어느 하나에 해당하는 경우에는 해당 분쟁조정사항의 조정에서 제척된다.
1. 협의회 위원 또는 그 배우자나 배우자였던 사람이 해당 분쟁조정사항의 분쟁당사자가 되거나 공동권리자 또는 의무자의 관계에 있는 경우
2. 협의회 위원이 해당 분쟁조정사항의 분쟁당사자와 친족관계에 있거나 있었던 경우
3. 협의회 위원 또는 협의회 위원이 속한 법인이 분쟁당사자의 법률ㆍ경영 등에 대하여 자문이나 고문의 역할을 하고 있는 경우
4. 협의회 위원 또는 협의회 위원이 속한 법인이 해당 분쟁조정사항에 대하여 분쟁당사자의 대리인으로 관여하거나 관여하였던 경우 및 증언 또는 감정을 한 경우
② 분쟁당사자는 협의회 위원에게 협의회의 조정에 공정을 기하기 어려운 사정이 있는 때에 협의회에 해당 협의회 위원에 대한 기피신청을 할 수 있다.
③ 협의회 위원이 제1항 또는 제2항의 사유에 해당하는 경우에는 스스로 해당 분쟁조정사항의 조정에서 회피할 수 있다.","법령명: 약관의 규제에 관한 법률
조문: 제26조 (협의회 위원의 제척ㆍ기피ㆍ회피)
내용: 제26조(협의회 위원의 제척ㆍ기피ㆍ회피)
① 협의회 위원은 다음 각 호의 어느 하나에 해당하는 경우에는 해당 분쟁조정사항의 조정에서 제척된다.
1. 협의회 위원 또는 그 배우자나 배우자였던 사람이 해당 분쟁조정사항의 분쟁당사자가 되거나 공동권리자 또는 의무자의 관계에 있는 경우
2. 협의회 위원이 해당 분쟁조정사항의 분쟁당사자와 친족관계에 있거나 있었던 경우
3. 협의회 위원 또는 협의회 위원이 속한 법인이 분쟁당사자의 법률ㆍ경영 등에 대하여 자문이나 고문의 역할을 하고 있는 경우
4. 협의회 위원 또는 협의회 위원이 속한 법인이 해당 분쟁조정사항에 대하여 분쟁당사자의 대리인으로 관여하거나 관여하였던 경우 및 증언 또는 감정을 한 경우
② 분쟁당사자는 협의회 위원에게 협의회의 조정에 공정을 기하기 어려운 사정이 있는 때에 협의회에 해당 협의회 위원에 대한 기피신청을 할 수 있다.
③ 협의회 위원이 제1항 또는 제2항의 사유에 해당하는 경우에는 스스로 해당 분쟁조정사항의 조정에서 회피할 수 있다.",https://www.law.go.kr/법령/약관의 규제에 관한 법률
000667,약관의 규제에 관한 법률,법률,공정거래위원회,20240807,20240206,27,,분쟁조정의 신청 등,제27조(분쟁조정의 신청 등),"① 제17조를 위반한 약관 또는 이와 비슷한 유형의 약관으로서 대통령령으로 정하는 약관으로 인하여 피해를 입은 고객은 대통령령으로 정하는 사항을 기재한 서면(이하 ""분쟁조정 신청서""라 한다)을 협의회에 제출함으로써 분쟁조정을 신청할 수 있다. 다만, 다음 각 호의 어느 하나에 해당하는 경우에는 그러하지 아니하다.
1. 분쟁조정 신청이 있기 이전에 공정거래위원회가 조사 중인 사건
2. 분쟁조정 신청의 내용이 약관의 해석이나 그 이행을 요구하는 사건
3. 약관의 무효판정을 요구하는 사건
4. 삭제<2023.6.20>
5. 그 밖에 분쟁조정에 적합하지 아니한 것으로 대통령령으로 정하는 사건
② 공정거래위원회는 제1항에 따른 분쟁조정을 협의회에 의뢰할 수 있다.
③ 협의회는 제1항에 따라 분쟁조정 신청서를 접수하거나 제2항에 따라 분쟁조정을 의뢰받은 경우에는 즉시 분쟁당사자에게 통지하여야 한다.","제27조(분쟁조정의 신청 등)
① 제17조를 위반한 약관 또는 이와 비슷한 유형의 약관으로서 대통령령으로 정하는 약관으로 인하여 피해를 입은 고객은 대통령령으로 정하는 사항을 기재한 서면(이하 ""분쟁조정 신청서""라 한다)을 협의회에 제출함으로써 분쟁조정을 신청할 수 있다. 다만, 다음 각 호의 어느 하나에 해당하는 경우에는 그러하지 아니하다.
1. 분쟁조정 신청이 있기 이전에 공정거래위원회가 조사 중인 사건
2. 분쟁조정 신청의 내용이 약관의 해석이나 그 이행을 요구하는 사건
3. 약관의 무효판정을 요구하는 사건
4. 삭제<2023.6.20>
5. 그 밖에 분쟁조정에 적합하지 아니한 것으로 대통령령으로 정하는 사건
② 공정거래위원회는 제1항에 따른 분쟁조정을 협의회에 의뢰할 수 있다.
③ 협의회는 제1항에 따라 분쟁조정 신청서를 접수하거나 제2항에 따라 분쟁조정을 의뢰받은 경우에는 즉시 분쟁당사자에게 통지하여야 한다.","법령명: 약관의 규제에 관한 법률
조문: 제27조 (분쟁조정의 신청 등)
내용: 제27조(분쟁조정의 신청 등)
① 제17조를 위반한 약관 또는 이와 비슷한 유형의 약관으로서 대통령령으로 정하는 약관으로 인하여 피해를 입은 고객은 대통령령으로 정하는 사항을 기재한 서면(이하 ""분쟁조정 신청서""라 한다)을 협의회에 제출함으로써 분쟁조정을 신청할 수 있다. 다만, 다음 각 호의 어느 하나에 해당하는 경우에는 그러하지 아니하다.
1. 분쟁조정 신청이 있기 이전에 공정거래위원회가 조사 중인 사건
2. 분쟁조정 신청의 내용이 약관의 해석이나 그 이행을 요구하는 사건
3. 약관의 무효판정을 요구하는 사건
4. 삭제<2023.6.20>
5. 그 밖에 분쟁조정에 적합하지 아니한 것으로 대통령령으로 정하는 사건
② 공정거래위원회는 제1항에 따른 분쟁조정을 협의회에 의뢰할 수 있다.
③ 협의회는 제1항에 따라 분쟁조정 신청서를 접수하거나 제2항에 따라 분쟁조정을 의뢰받은 경우에는 즉시 분쟁당사자에게 통지하여야 한다.",https://www.law.go.kr/법령/약관의 규제에 관한 법률
000667,약관의 규제에 관한 법률,법률,공정거래위원회,20240807,20240206,27,2,조정 등,제27조의2(조정 등),"① 협의회는 분쟁당사자에게 분쟁조정사항을 스스로 조정하도록 권고하거나 조정안을 작성하여 이를 제시할 수 있다.
② 협의회는 해당 분쟁조정사항에 관한 사실을 확인하기 위하여 필요한 경우 조사를 하거나 분쟁당사자에게 관련 자료의 제출이나 출석을 요구할 수 있다.
③ 협의회는 제27조제1항 각 호의 어느 하나에 해당하는 사건에 대하여는 조정신청을 각하하여야 한다.
④ 협의회는 다음 각 호의 어느 하나에 해당하는 경우에는 조정절차를 종료하여야 한다. <개정 2023.6.20>
1. 분쟁당사자가 협의회의 권고 또는 조정안을 수락하거나 스스로 조정하는 등 조정이 성립된 경우
2. 조정을 신청 또는 의뢰받은 날부터 60일(분쟁당사자 쌍방이 기간연장에 동의한 경우에는 90일로 한다)이 경과하여도 조정이 성립되지 아니한 경우
3. 분쟁당사자의 일방이 조정을 거부하는 등 조정절차를 진행할 실익이 없는 경우
⑤ 협의회는 제3항에 따라 조정신청을 각하하거나 제4항에 따라 조정절차를 종료한 경우에는 대통령령으로 정하는 바에 따라 공정거래위원회에 조정신청 각하 또는 조정절차 종료의 사유 등과 관계 서류를 서면으로 지체 없이 보고하여야 하고 분쟁당사자에게 그 사실을 통보하여야 한다.","제27조의2(조정 등)
① 협의회는 분쟁당사자에게 분쟁조정사항을 스스로 조정하도록 권고하거나 조정안을 작성하여 이를 제시할 수 있다.
② 협의회는 해당 분쟁조정사항에 관한 사실을 확인하기 위하여 필요한 경우 조사를 하거나 분쟁당사자에게 관련 자료의 제출이나 출석을 요구할 수 있다.
③ 협의회는 제27조제1항 각 호의 어느 하나에 해당하는 사건에 대하여는 조정신청을 각하하여야 한다.
④ 협의회는 다음 각 호의 어느 하나에 해당하는 경우에는 조정절차를 종료하여야 한다. <개정 2023.6.20>
1. 분쟁당사자가 협의회의 권고 또는 조정안을 수락하거나 스스로 조정하는 등 조정이 성립된 경우
2. 조정을 신청 또는 의뢰받은 날부터 60일(분쟁당사자 쌍방이 기간연장에 동의한 경우에는 90일로 한다)이 경과하여도 조정이 성립되지 아니한 경우
3. 분쟁당사자의 일방이 조정을 거부하는 등 조정절차를 진행할 실익이 없는 경우
⑤ 협의회는 제3항에 따라 조정신청을 각하하거나 제4항에 따라 조정절차를 종료한 경우에는 대통령령으로 정하는 바에 따라 공정거래위원회에 조정신청 각하 또는 조정절차 종료의 사유 등과 관계 서류를 서면으로 지체 없이 보고하여야 하고 분쟁당사자에게 그 사실을 통보하여야 한다.","법령명: 약관의 규제에 관한 법률
조문: 제27조의2 (조정 등)
내용: 제27조의2(조정 등)
① 협의회는 분쟁당사자에게 분쟁조정사항을 스스로 조정하도록 권고하거나 조정안을 작성하여 이를 제시할 수 있다.
② 협의회는 해당 분쟁조정사항에 관한 사실을 확인하기 위하여 필요한 경우 조사를 하거나 분쟁당사자에게 관련 자료의 제출이나 출석을 요구할 수 있다.
③ 협의회는 제27조제1항 각 호의 어느 하나에 해당하는 사건에 대하여는 조정신청을 각하하여야 한다.
④ 협의회는 다음 각 호의 어느 하나에 해당하는 경우에는 조정절차를 종료하여야 한다. <개정 2023.6.20>
1. 분쟁당사자가 협의회의 권고 또는 조정안을 수락하거나 스스로 조정하는 등 조정이 성립된 경우
2. 조정을 신청 또는 의뢰받은 날부터 60일(분쟁당사자 쌍방이 기간연장에 동의한 경우에는 90일로 한다)이 경과하여도 조정이 성립되지 아니한 경우
3. 분쟁당사자의 일방이 조정을 거부하는 등 조정절차를 진행할 실익이 없는 경우
⑤ 협의회는 제3항에 따라 조정신청을 각하하거나 제4항에 따라 조정절차를 종료한 경우에는 대통령령으로 정하는 바에 따라 공정거래위원회에 조정신청 각하 또는 조정절차 종료의 사유 등과 관계 서류를 서면으로 지체 없이 보고하여야 하고 분쟁당사자에게 그 사실을 통보하여야 한다.",https://www.law.go.kr/법령/약관의 규제에 관한 법률
000667,약관의 규제에 관한 법률,법률,공정거래위원회,20240807,20240206,27,3,소송과의 관계,제27조의3(소송과의 관계),"① 제27조제1항에 따라 분쟁조정이 신청된 사건에 대하여 신청 전 또는 신청 후 소가 제기되어 소송이 진행 중일 때에는 수소법원(受訴法院)은 조정이 있을 때까지 소송절차를 중지할 수 있다.
② 협의회는 제1항에 따라 소송절차가 중지되지 아니하는 경우에는 해당 사건의 조정절차를 중지하여야 한다.
③ 협의회는 조정이 신청된 사건과 동일한 원인으로 다수인이 관련되는 동종ㆍ유사 사건에 대한 소송이 진행 중인 경우에는 협의회의 결정으로 조정절차를 중지할 수 있다.","제27조의3(소송과의 관계)
① 제27조제1항에 따라 분쟁조정이 신청된 사건에 대하여 신청 전 또는 신청 후 소가 제기되어 소송이 진행 중일 때에는 수소법원(受訴法院)은 조정이 있을 때까지 소송절차를 중지할 수 있다.
② 협의회는 제1항에 따라 소송절차가 중지되지 아니하는 경우에는 해당 사건의 조정절차를 중지하여야 한다.
③ 협의회는 조정이 신청된 사건과 동일한 원인으로 다수인이 관련되는 동종ㆍ유사 사건에 대한 소송이 진행 중인 경우에는 협의회의 결정으로 조정절차를 중지할 수 있다.","법령명: 약관의 규제에 관한 법률
조문: 제27조의3 (소송과의 관계)
내용: 제27조의3(소송과의 관계)
① 제27조제1항에 따라 분쟁조정이 신청된 사건에 대하여 신청 전 또는 신청 후 소가 제기되어 소송이 진행 중일 때에는 수소법원(受訴法院)은 조정이 있을 때까지 소송절차를 중지할 수 있다.
② 협의회는 제1항에 따라 소송절차가 중지되지 아니하는 경우에는 해당 사건의 조정절차를 중지하여야 한다.
③ 협의회는 조정이 신청된 사건과 동일한 원인으로 다수인이 관련되는 동종ㆍ유사 사건에 대한 소송이 진행 중인 경우에는 협의회의 결정으로 조정절차를 중지할 수 있다.",https://www.law.go.kr/법령/약관의 규제에 관한 법률
000667,약관의 규제에 관한 법률,법률,공정거래위원회,20240807,20240206,28,,조정조서의 작성과 그 효력,제28조(조정조서의 작성과 그 효력),"① 협의회는 분쟁조정사항의 조정이 성립된 경우 조정에 참가한 위원과 분쟁당사자가 기명날인하거나 서명한 조정조서를 작성한다. 이 경우 분쟁당사자 간에 조정조서와 동일한 내용의 합의가 성립된 것으로 본다. <개정 2018.6.12>
② 협의회는 조정절차를 개시하기 전에 분쟁당사자가 분쟁조정사항을 스스로 조정하고 조정조서의 작성을 요청하는 경우에는 그 조정조서를 작성한다.","제28조(조정조서의 작성과 그 효력)
① 협의회는 분쟁조정사항의 조정이 성립된 경우 조정에 참가한 위원과 분쟁당사자가 기명날인하거나 서명한 조정조서를 작성한다. 이 경우 분쟁당사자 간에 조정조서와 동일한 내용의 합의가 성립된 것으로 본다. <개정 2018.6.12>
② 협의회는 조정절차를 개시하기 전에 분쟁당사자가 분쟁조정사항을 스스로 조정하고 조정조서의 작성을 요청하는 경우에는 그 조정조서를 작성한다.","법령명: 약관의 규제에 관한 법률
조문: 제28조 (조정조서의 작성과 그 효력)
내용: 제28조(조정조서의 작성과 그 효력)
① 협의회는 분쟁조정사항의 조정이 성립된 경우 조정에 참가한 위원과 분쟁당사자가 기명날인하거나 서명한 조정조서를 작성한다. 이 경우 분쟁당사자 간에 조정조서와 동일한 내용의 합의가 성립된 것으로 본다. <개정 2018.6.12>
② 협의회는 조정절차를 개시하기 전에 분쟁당사자가 분쟁조정사항을 스스로 조정하고 조정조서의 작성을 요청하는 경우에는 그 조정조서를 작성한다.",https://www.law.go.kr/법령/약관의 규제에 관한 법률
000667,약관의 규제에 관한 법률,법률,공정거래위원회,20240807,20240206,28,2,분쟁조정의 특례,제28조의2(분쟁조정의 특례),"① 제27조제1항에도 불구하고 공정거래위원회, 고객 또는 사업자는 제28조에 따라 조정이 성립된 사항과 같거나 비슷한 유형의 피해가 다수 고객에게 발생할 가능성이 크다고 판단한 경우로서 대통령령으로 정하는 사건에 대하여는 협의회에 일괄적인 분쟁조정(이하 ""집단분쟁조정""이라 한다)을 의뢰하거나 신청할 수 있다.
② 제1항에 따라 집단분쟁조정을 의뢰받거나 신청받은 협의회는 협의회의 의결로서 제3항부터 제7항까지의 규정에 따른 집단분쟁조정의 절차를 개시할 수 있다. 이 경우 협의회는 분쟁조정된 사안 중 집단분쟁조정신청에 필요한 사항에 대하여 대통령령으로 정하는 방법에 따라 공표하고, 대통령령으로 정하는 기간 동안 그 절차의 개시를 공고하여야 한다.
③ 협의회는 집단분쟁조정의 당사자가 아닌 고객으로부터 그 분쟁조정의 당사자에 추가로 포함될 수 있도록 하는 신청을 받을 수 있다.
④ 협의회는 협의회의 의결로써 제1항 및 제3항에 따른 집단분쟁조정의 당사자 중에서 공동의 이익을 대표하기에 가장 적합한 1인 또는 수인을 대표당사자로 선임할 수 있다.
⑤ 협의회는 사업자가 협의회의 집단분쟁조정의 내용을 수락한 경우에는 집단분쟁조정의 당사자가 아닌 자로서 피해를 입은 고객에 대한 보상계획서를 작성하여 협의회에 제출하도록 권고할 수 있다.
⑥ 협의회는 집단분쟁조정의 당사자인 다수의 고객 중 일부의 고객이 법원에 소를 제기한 경우에는 그 절차를 중지하지 아니하고 소를 제기한 일부의 고객은 그 절차에서 제외한다.
⑦ 집단분쟁조정의 기간은 제2항에 따른 공고가 종료된 날의 다음 날부터 기산한다.
⑧ 집단분쟁조정의 절차 등에 관하여 필요한 사항은 대통령령으로 정한다.
⑨ 조정원은 집단분쟁조정 대상 발굴, 조정에 의한 피해구제 사례 연구 등 집단분쟁조정 활성화에 필요한 연구를 하며, 연구결과를 인터넷 홈페이지에 공개한다.","제28조의2(분쟁조정의 특례)
① 제27조제1항에도 불구하고 공정거래위원회, 고객 또는 사업자는 제28조에 따라 조정이 성립된 사항과 같거나 비슷한 유형의 피해가 다수 고객에게 발생할 가능성이 크다고 판단한 경우로서 대통령령으로 정하는 사건에 대하여는 협의회에 일괄적인 분쟁조정(이하 ""집단분쟁조정""이라 한다)을 의뢰하거나 신청할 수 있다.
② 제1항에 따라 집단분쟁조정을 의뢰받거나 신청받은 협의회는 협의회의 의결로서 제3항부터 제7항까지의 규정에 따른 집단분쟁조정의 절차를 개시할 수 있다. 이 경우 협의회는 분쟁조정된 사안 중 집단분쟁조정신청에 필요한 사항에 대하여 대통령령으로 정하는 방법에 따라 공표하고, 대통령령으로 정하는 기간 동안 그 절차의 개시를 공고하여야 한다.
③ 협의회는 집단분쟁조정의 당사자가 아닌 고객으로부터 그 분쟁조정의 당사자에 추가로 포함될 수 있도록 하는 신청을 받을 수 있다.
④ 협의회는 협의회의 의결로써 제1항 및 제3항에 따른 집단분쟁조정의 당사자 중에서 공동의 이익을 대표하기에 가장 적합한 1인 또는 수인을 대표당사자로 선임할 수 있다.
⑤ 협의회는 사업자가 협의회의 집단분쟁조정의 내용을 수락한 경우에는 집단분쟁조정의 당사자가 아닌 자로서 피해를 입은 고객에 대한 보상계획서를 작성하여 협의회에 제출하도록 권고할 수 있다.
⑥ 협의회는 집단분쟁조정의 당사자인 다수의 고객 중 일부의 고객이 법원에 소를 제기한 경우에는 그 절차를 중지하지 아니하고 소를 제기한 일부의 고객은 그 절차에서 제외한다.
⑦ 집단분쟁조정의 기간은 제2항에 따른 공고가 종료된 날의 다음 날부터 기산한다.
⑧ 집단분쟁조정의 절차 등에 관하여 필요한 사항은 대통령령으로 정한다.
⑨ 조정원은 집단분쟁조정 대상 발굴, 조정에 의한 피해구제 사례 연구 등 집단분쟁조정 활성화에 필요한 연구를 하며, 연구결과를 인터넷 홈페이지에 공개한다.","법령명: 약관의 규제에 관한 법률
조문: 제28조의2 (분쟁조정의 특례)
내용: 제28조의2(분쟁조정의 특례)
① 제27조제1항에도 불구하고 공정거래위원회, 고객 또는 사업자는 제28조에 따라 조정이 성립된 사항과 같거나 비슷한 유형의 피해가 다수 고객에게 발생할 가능성이 크다고 판단한 경우로서 대통령령으로 정하는 사건에 대하여는 협의회에 일괄적인 분쟁조정(이하 ""집단분쟁조정""이라 한다)을 의뢰하거나 신청할 수 있다.
② 제1항에 따라 집단분쟁조정을 의뢰받거나 신청받은 협의회는 협의회의 의결로서 제3항부터 제7항까지의 규정에 따른 집단분쟁조정의 절차를 개시할 수 있다. 이 경우 협의회는 분쟁조정된 사안 중 집단분쟁조정신청에 필요한 사항에 대하여 대통령령으로 정하는 방법에 따라 공표하고, 대통령령으로 정하는 기간 동안 그 절차의 개시를 공고하여야 한다.
③ 협의회는 집단분쟁조정의 당사자가 아닌 고객으로부터 그 분쟁조정의 당사자에 추가로 포함될 수 있도록 하는 신청을 받을 수 있다.
④ 협의회는 협의회의 의결로써 제1항 및 제3항에 따른 집단분쟁조정의 당사자 중에서 공동의 이익을 대표하기에 가장 적합한 1인 또는 수인을 대표당사자로 선임할 수 있다.
⑤ 협의회는 사업자가 협의회의 집단분쟁조정의 내용을 수락한 경우에는 집단분쟁조정의 당사자가 아닌 자로서 피해를 입은 고객에 대한 보상계획서를 작성하여 협의회에 제출하도록 권고할 수 있다.
⑥ 협의회는 집단분쟁조정의 당사자인 다수의 고객 중 일부의 고객이 법원에 소를 제기한 경우에는 그 절차를 중지하지 아니하고 소를 제기한 일부의 고객은 그 절차에서 제외한다.
⑦ 집단분쟁조정의 기간은 제2항에 따른 공고가 종료된 날의 다음 날부터 기산한다.
⑧ 집단분쟁조정의 절차 등에 관하여 필요한 사항은 대통령령으로 정한다.
⑨ 조정원은 집단분쟁조정 대상 발굴, 조정에 의한 피해구제 사례 연구 등 집단분쟁조정 활성화에 필요한 연구를 하며, 연구결과를 인터넷 홈페이지에 공개한다.",https://www.law.go.kr/법령/약관의 규제에 관한 법률
000667,약관의 규제에 관한 법률,법률,공정거래위원회,20240807,20240206,29,,협의회의 조직ㆍ운영 등,"제29조(협의회의 조직ㆍ운영 등) 제24조부터 제27조까지, 제27조의2, 제27조의3, 제28조 및 제28조의2 외에 협의회의 조직ㆍ운영ㆍ조정절차 등에 필요한 사항은 대통령령으로 정한다. <개정 2023.6.20>",,"제29조(협의회의 조직ㆍ운영 등) 제24조부터 제27조까지, 제27조의2, 제27조의3, 제28조 및 제28조의2 외에 협의회의 조직ㆍ운영ㆍ조정절차 등에 필요한 사항은 대통령령으로 정한다. <개정 2023.6.20>","법령명: 약관의 규제에 관한 법률
조문: 제29조 (협의회의 조직ㆍ운영 등)
내용: 제29조(협의회의 조직ㆍ운영 등) 제24조부터 제27조까지, 제27조의2, 제27조의3, 제28조 및 제28조의2 외에 협의회의 조직ㆍ운영ㆍ조정절차 등에 필요한 사항은 대통령령으로 정한다. <개정 2023.6.20>",https://www.law.go.kr/법령/약관의 규제에 관한 법률
000667,약관의 규제에 관한 법률,법률,공정거래위원회,20240807,20240206,29,2,협의회의 재원,"제29조의2(협의회의 재원) 정부는 협의회의 운영, 업무 및 관련 연구에 필요한 경비를 조정원에 출연한다.",,"제29조의2(협의회의 재원) 정부는 협의회의 운영, 업무 및 관련 연구에 필요한 경비를 조정원에 출연한다.","법령명: 약관의 규제에 관한 법률
조문: 제29조의2 (협의회의 재원)
내용: 제29조의2(협의회의 재원) 정부는 협의회의 운영, 업무 및 관련 연구에 필요한 경비를 조정원에 출연한다.",https://www.law.go.kr/법령/약관의 규제에 관한 법률
000667,약관의 규제에 관한 법률,법률,공정거래위원회,20240807,20240206,30,,적용 범위,제30조(적용 범위),"① 약관이 「상법」 제3편, 「근로기준법」 또는 그 밖에 대통령령으로 정하는 비영리사업의 분야에 속하는 계약에 관한 것일 경우에는 이 법을 적용하지 아니한다.
② 특정한 거래 분야의 약관에 대하여 다른 법률에 특별한 규정이 있는 경우를 제외하고는 이 법에 따른다.","제30조(적용 범위)
① 약관이 「상법」 제3편, 「근로기준법」 또는 그 밖에 대통령령으로 정하는 비영리사업의 분야에 속하는 계약에 관한 것일 경우에는 이 법을 적용하지 아니한다.
② 특정한 거래 분야의 약관에 대하여 다른 법률에 특별한 규정이 있는 경우를 제외하고는 이 법에 따른다.","법령명: 약관의 규제에 관한 법률
조문: 제30조 (적용 범위)
내용: 제30조(적용 범위)
① 약관이 「상법」 제3편, 「근로기준법」 또는 그 밖에 대통령령으로 정하는 비영리사업의 분야에 속하는 계약에 관한 것일 경우에는 이 법을 적용하지 아니한다.
② 특정한 거래 분야의 약관에 대하여 다른 법률에 특별한 규정이 있는 경우를 제외하고는 이 법에 따른다.",https://www.law.go.kr/법령/약관의 규제에 관한 법률
000667,약관의 규제에 관한 법률,법률,공정거래위원회,20240807,20240206,30,2,「독점규제 및 공정거래에 관한 법률」의 준용,제30조의2(「독점규제 및 공정거래에 관한 법률」의 준용),"① 이 법에 따른 공정거래위원회의 심의ㆍ의결에 관하여는 「독점규제 및 공정거래에 관한 법률」 제64조부터 제68조까지의 규정을 준용한다. <개정 2020.12.29>
② 이 법에 따른 공정거래위원회의 처분에 대한 이의신청, 소송 제기 및 불복 소송의 전속관할(專屬管轄)에 대하여는 「독점규제 및 공정거래에 관한 법률」 제96조부터 제98조까지, 제98조의2, 제98조의3 및 제99조부터 제101조까지를 준용한다. <개정 2020.12.29, 2024.2.6>","제30조의2(「독점규제 및 공정거래에 관한 법률」의 준용)
① 이 법에 따른 공정거래위원회의 심의ㆍ의결에 관하여는 「독점규제 및 공정거래에 관한 법률」 제64조부터 제68조까지의 규정을 준용한다. <개정 2020.12.29>
② 이 법에 따른 공정거래위원회의 처분에 대한 이의신청, 소송 제기 및 불복 소송의 전속관할(專屬管轄)에 대하여는 「독점규제 및 공정거래에 관한 법률」 제96조부터 제98조까지, 제98조의2, 제98조의3 및 제99조부터 제101조까지를 준용한다. <개정 2020.12.29, 2024.2.6>","법령명: 약관의 규제에 관한 법률
조문: 제30조의2 (「독점규제 및 공정거래에 관한 법률」의 준용)
내용: 제30조의2(「독점규제 및 공정거래에 관한 법률」의 준용)
① 이 법에 따른 공정거래위원회의 심의ㆍ의결에 관하여는 「독점규제 및 공정거래에 관한 법률」 제64조부터 제68조까지의 규정을 준용한다. <개정 2020.12.29>
② 이 법에 따른 공정거래위원회의 처분에 대한 이의신청, 소송 제기 및 불복 소송의 전속관할(專屬管轄)에 대하여는 「독점규제 및 공정거래에 관한 법률」 제96조부터 제98조까지, 제98조의2, 제98조의3 및 제99조부터 제101조까지를 준용한다. <개정 2020.12.29, 2024.2.6>",https://www.law.go.kr/법령/약관의 규제에 관한 법률
000667,약관의 규제에 관한 법률,법률,공정거래위원회,20240807,20240206,31,,인가ㆍ심사의 기준,제31조(인가ㆍ심사의 기준) 행정관청이 다른 법률에 따라 약관을 인가하거나 다른 법률에 따라 특정한 거래 분야에 대하여 설치된 심사기구에서 약관을 심사하는 경우에는 제6조부터 제14조까지의 규정을 그 인가ㆍ심사의 기준으로 하여야 한다.,,제31조(인가ㆍ심사의 기준) 행정관청이 다른 법률에 따라 약관을 인가하거나 다른 법률에 따라 특정한 거래 분야에 대하여 설치된 심사기구에서 약관을 심사하는 경우에는 제6조부터 제14조까지의 규정을 그 인가ㆍ심사의 기준으로 하여야 한다.,"법령명: 약관의 규제에 관한 법률
조문: 제31조 (인가ㆍ심사의 기준)
내용: 제31조(인가ㆍ심사의 기준) 행정관청이 다른 법률에 따라 약관을 인가하거나 다른 법률에 따라 특정한 거래 분야에 대하여 설치된 심사기구에서 약관을 심사하는 경우에는 제6조부터 제14조까지의 규정을 그 인가ㆍ심사의 기준으로 하여야 한다.",https://www.law.go.kr/법령/약관의 규제에 관한 법률
000667,약관의 규제에 관한 법률,법률,공정거래위원회,20240807,20240206,31,2,자문위원,제31조의2(자문위원),"① 공정거래위원회는 이 법에 따른 약관 심사 업무를 수행하기 위하여 필요하다고 인정하면 자문위원을 위촉할 수 있다.
② 제1항에 따른 자문위원의 위촉과 그 밖에 필요한 사항은 대통령령으로 정한다.","제31조의2(자문위원)
① 공정거래위원회는 이 법에 따른 약관 심사 업무를 수행하기 위하여 필요하다고 인정하면 자문위원을 위촉할 수 있다.
② 제1항에 따른 자문위원의 위촉과 그 밖에 필요한 사항은 대통령령으로 정한다.","법령명: 약관의 규제에 관한 법률
조문: 제31조의2 (자문위원)
내용: 제31조의2(자문위원)
① 공정거래위원회는 이 법에 따른 약관 심사 업무를 수행하기 위하여 필요하다고 인정하면 자문위원을 위촉할 수 있다.
② 제1항에 따른 자문위원의 위촉과 그 밖에 필요한 사항은 대통령령으로 정한다.",https://www.law.go.kr/법령/약관의 규제에 관한 법률
000667,약관의 규제에 관한 법률,법률,공정거래위원회,20240807,20240206,32,,벌칙,제32조(벌칙) 제17조의2제2항에 따른 명령을 이행하지 아니한 자는 2년 이하의 징역 또는 1억원 이하의 벌금에 처한다.,,제32조(벌칙) 제17조의2제2항에 따른 명령을 이행하지 아니한 자는 2년 이하의 징역 또는 1억원 이하의 벌금에 처한다.,"법령명: 약관의 규제에 관한 법률
조문: 제32조 (벌칙)
내용: 제32조(벌칙) 제17조의2제2항에 따른 명령을 이행하지 아니한 자는 2년 이하의 징역 또는 1억원 이하의 벌금에 처한다.",https://www.law.go.kr/법령/약관의 규제에 관한 법률
000667,약관의 규제에 관한 법률,법률,공정거래위원회,20240807,20240206,33,,양벌규정,"제33조(양벌규정) 법인의 대표자나 법인 또는 개인의 대리인, 사용인, 그 밖의 종업원이 그 법인 또는 개인의 업무에 관하여 제32조의 위반행위를 하면 그 행위자를 벌하는 외에 그 법인 또는 개인에게도 해당 조문의 벌금형을 과(科)한다. 다만, 법인 또는 개인이 그 위반행위를 방지하기 위하여 해당 업무에 관하여 상당한 주의와 감독을 게을리하지 아니한 경우에는 그러하지 아니하다.",,"제33조(양벌규정) 법인의 대표자나 법인 또는 개인의 대리인, 사용인, 그 밖의 종업원이 그 법인 또는 개인의 업무에 관하여 제32조의 위반행위를 하면 그 행위자를 벌하는 외에 그 법인 또는 개인에게도 해당 조문의 벌금형을 과(科)한다. 다만, 법인 또는 개인이 그 위반행위를 방지하기 위하여 해당 업무에 관하여 상당한 주의와 감독을 게을리하지 아니한 경우에는 그러하지 아니하다.","법령명: 약관의 규제에 관한 법률
조문: 제33조 (양벌규정)
내용: 제33조(양벌규정) 법인의 대표자나 법인 또는 개인의 대리인, 사용인, 그 밖의 종업원이 그 법인 또는 개인의 업무에 관하여 제32조의 위반행위를 하면 그 행위자를 벌하는 외에 그 법인 또는 개인에게도 해당 조문의 벌금형을 과(科)한다. 다만, 법인 또는 개인이 그 위반행위를 방지하기 위하여 해당 업무에 관하여 상당한 주의와 감독을 게을리하지 아니한 경우에는 그러하지 아니하다.",https://www.law.go.kr/법령/약관의 규제에 관한 법률
000667,약관의 규제에 관한 법률,법률,공정거래위원회,20240807,20240206,34,,과태료,제34조(과태료),"① 다음 각 호의 어느 하나에 해당하는 자에게는 5천만원 이하의 과태료를 부과한다. <개정 2012.2.17, 2018.6.12>
1. 제19조의3제8항을 위반하여 표준약관과 다른 내용을 약관으로 사용하면서 표준약관 표지를 사용한 자
2. 제20조제1항에 따른 조사를 거부ㆍ방해 또는 기피한 사업자 또는 사업자단체
② 사업자 또는 사업자단체의 임원 또는 종업원, 그 밖의 이해관계인이 제20조제1항에 따른 조사를 거부ㆍ방해 또는 기피한 경우에는 1천만원 이하의 과태료를 부과한다. <신설 2018.6.12>
③ 다음 각 호의 어느 하나에 해당하는 자에게는 500만원 이하의 과태료를 부과한다. <개정 2012.2.17, 2018.6.12>
1. 제3조제2항을 위반하여 고객에게 약관의 내용을 밝히지 아니하거나 그 약관의 사본을 내주지 아니한 자
2. 제3조제3항을 위반하여 고객에게 약관의 중요한 내용을 설명하지 아니한 자
3. 제19조의3제6항을 위반하여 표준약관과 다르게 정한 주요 내용을 고객이 알기 쉽게 표시하지 아니한 자
④ 제30조의2제1항에 따라 준용되는 「독점규제 및 공정거래에 관한 법률」 제66조를 위반하여 질서유지의 명령을 따르지 아니한 자에게는 100만원 이하의 과태료를 부과한다. <신설 2018.6.12, 2020.12.29>
⑤ 제1항부터 제4항까지의 규정에 따른 과태료는 대통령령으로 정하는 바에 따라 공정거래위원회가 부과ㆍ징수한다. <개정 2018.6.12>","제34조(과태료)
① 다음 각 호의 어느 하나에 해당하는 자에게는 5천만원 이하의 과태료를 부과한다. <개정 2012.2.17, 2018.6.12>
1. 제19조의3제8항을 위반하여 표준약관과 다른 내용을 약관으로 사용하면서 표준약관 표지를 사용한 자
2. 제20조제1항에 따른 조사를 거부ㆍ방해 또는 기피한 사업자 또는 사업자단체
② 사업자 또는 사업자단체의 임원 또는 종업원, 그 밖의 이해관계인이 제20조제1항에 따른 조사를 거부ㆍ방해 또는 기피한 경우에는 1천만원 이하의 과태료를 부과한다. <신설 2018.6.12>
③ 다음 각 호의 어느 하나에 해당하는 자에게는 500만원 이하의 과태료를 부과한다. <개정 2012.2.17, 2018.6.12>
1. 제3조제2항을 위반하여 고객에게 약관의 내용을 밝히지 아니하거나 그 약관의 사본을 내주지 아니한 자
2. 제3조제3항을 위반하여 고객에게 약관의 중요한 내용을 설명하지 아니한 자
3. 제19조의3제6항을 위반하여 표준약관과 다르게 정한 주요 내용을 고객이 알기 쉽게 표시하지 아니한 자
④ 제30조의2제1항에 따라 준용되는 「독점규제 및 공정거래에 관한 법률」 제66조를 위반하여 질서유지의 명령을 따르지 아니한 자에게는 100만원 이하의 과태료를 부과한다. <신설 2018.6.12, 2020.12.29>
⑤ 제1항부터 제4항까지의 규정에 따른 과태료는 대통령령으로 정하는 바에 따라 공정거래위원회가 부과ㆍ징수한다. <개정 2018.6.12>","법령명: 약관의 규제에 관한 법률
조문: 제34조 (과태료)
내용: 제34조(과태료)
① 다음 각 호의 어느 하나에 해당하는 자에게는 5천만원 이하의 과태료를 부과한다. <개정 2012.2.17, 2018.6.12>
1. 제19조의3제8항을 위반하여 표준약관과 다른 내용을 약관으로 사용하면서 표준약관 표지를 사용한 자
2. 제20조제1항에 따른 조사를 거부ㆍ방해 또는 기피한 사업자 또는 사업자단체
② 사업자 또는 사업자단체의 임원 또는 종업원, 그 밖의 이해관계인이 제20조제1항에 따른 조사를 거부ㆍ방해 또는 기피한 경우에는 1천만원 이하의 과태료를 부과한다. <신설 2018.6.12>
③ 다음 각 호의 어느 하나에 해당하는 자에게는 500만원 이하의 과태료를 부과한다. <개정 2012.2.17, 2018.6.12>
1. 제3조제2항을 위반하여 고객에게 약관의 내용을 밝히지 아니하거나 그 약관의 사본을 내주지 아니한 자
2. 제3조제3항을 위반하여 고객에게 약관의 중요한 내용을 설명하지 아니한 자
3. 제19조의3제6항을 위반하여 표준약관과 다르게 정한 주요 내용을 고객이 알기 쉽게 표시하지 아니한 자
④ 제30조의2제1항에 따라 준용되는 「독점규제 및 공정거래에 관한 법률」 제66조를 위반하여 질서유지의 명령을 따르지 아니한 자에게는 100만원 이하의 과태료를 부과한다. <신설 2018.6.12, 2020.12.29>
⑤ 제1항부터 제4항까지의 규정에 따른 과태료는 대통령령으로 정하는 바에 따라 공정거래위원회가 부과ㆍ징수한다. <개정 2018.6.12>",https://www.law.go.kr/법령/약관의 규제에 관한 법률
000355,할부거래에 관한 법률,법률,공정거래위원회,20270909,20260908,1,,목적,제1조(목적) 이 법은 할부계약 및 선불식 할부계약에 의한 거래를 공정하게 함으로써 소비자의 권익을 보호하고 시장의 신뢰도를 높여 국민경제의 건전한 발전에 이바지함을 목적으로 한다.,,제1조(목적) 이 법은 할부계약 및 선불식 할부계약에 의한 거래를 공정하게 함으로써 소비자의 권익을 보호하고 시장의 신뢰도를 높여 국민경제의 건전한 발전에 이바지함을 목적으로 한다.,"법령명: 할부거래에 관한 법률
조문: 제1조 (목적)
내용: 제1조(목적) 이 법은 할부계약 및 선불식 할부계약에 의한 거래를 공정하게 함으로써 소비자의 권익을 보호하고 시장의 신뢰도를 높여 국민경제의 건전한 발전에 이바지함을 목적으로 한다.",https://www.law.go.kr/법령/할부거래에 관한 법률
000355,할부거래에 관한 법률,법률,공정거래위원회,20270909,20260908,2,,정의,"제2조(정의) 이 법에서 사용하는 용어의 뜻은 다음과 같다. <개정 2015.7.24, 2026.9.8>","1. ""할부계약""이란 계약의 명칭ㆍ형식이 어떠하든 재화나 용역(일정한 시설을 이용하거나 용역을 제공받을 수 있는 권리를 포함한다)(이하 ""재화등""이라 한다)에 관한 다음 각 목의 계약(제2호에 따른 선불식 할부계약에 해당하는 경우는 제외한다)을 말한다.
가. 소비자가 사업자에게 재화의 대금(代金)이나 용역의 대가(이하 ""재화등의 대금""이라 한다)를 2개월 이상의 기간에 걸쳐 3회 이상 나누어 지급하고, 재화등의 대금을 완납하기 전에 재화의 공급이나 용역의 제공(이하 ""재화등의 공급""이라 한다)을 받기로 하는 계약(이하 ""직접할부계약""이라 한다)
나. 소비자가 신용제공자에게 재화등의 대금을 2개월 이상의 기간에 걸쳐 3회 이상 나누어 지급하고, 재화등의 대금을 완납하기 전에 사업자로부터 재화등의 공급을 받기로 하는 계약(이하 ""간접할부계약""이라 한다)
2. ""선불식 할부계약""이란 계약의 명칭ㆍ형식이 어떠하든 소비자가 사업자로부터 다음 각 목의 어느 하나에 해당하는 재화등의 대금을 2개월 이상의 기간에 걸쳐 2회 이상 나누어 지급하고 재화등의 공급은 대금의 전부 또는 일부를 지급한 후에 받기로 하는 계약을 말한다.
가. 장례 또는 혼례를 위한 용역(제공시기가 확정된 경우는 제외한다) 및 이에 부수한 재화
나. 가목에 준하는 소비자피해가 발생하는 재화등으로서 소비자의 피해를 방지하기 위하여 대통령령으로 정하는 재화등
3. ""할부거래""란 할부계약에 의한 거래를 말하며, ""할부거래업자""란 할부계약에 의한 재화등의 공급을 업으로 하는 자를 말한다.
4. ""선불식 할부거래""란 선불식 할부계약에 의한 거래를 말하며, ""선불식 할부거래업자""란 선불식 할부계약에 의한 재화등의 공급을 업으로 하는 자를 말한다.
5. ""소비자""란 다음 각 목의 어느 하나에 해당하는 자를 말한다.
가. 할부계약 또는 선불식 할부계약에 의하여 제공되는 재화등을 소비생활을 위하여 사용하거나 이용하는 자
나. 가목 외의 자로서 사실상 가목의 자와 동일한 지위 및 거래조건으로 거래하는 자 등 대통령령으로 정하는 자
5의2. ""선수금""이란 선불식 할부거래업자가 선불식 할부계약과 관련되는 재화등을 공급하기 전에 미리 그 대금으로서 소비자로부터 수령하는 금액을 말한다.
6. ""신용제공자""란 소비자ㆍ할부거래업자와의 약정에 따라 재화등의 대금에 충당하기 위하여 신용을 제공하는 자를 말한다.
7. ""지배주주""란 다음 각 목의 어느 하나에 해당하는 자를 말한다.
가. 대통령령으로 정하는 특수관계인(이하 ""특수관계인""이라 한다)과 함께 소유하고 있는 주식 또는 출자액의 합계가 해당 법인의 발행주식총수 또는 출자총액의 100분의 30 이상인 경우로서 그 합계가 가장 많은 주주 또는 출자자
나. 해당 법인의 경영을 사실상 지배하는 자. 이 경우 사실상 지배의 구체적인 내용은 대통령령으로 정한다.
8. ""선불식 할부계약의 이전""이란 명칭ㆍ형식이 어떠하든 선불식 할부거래업자가 합병, 분할 또는 사업의 전부 양도 이외의 방식으로 소비자와 체결한 선불식 할부계약에 대한 권리ㆍ의무를 다른 선불식 할부거래업자에게 이전(移轉)하는 것을 말한다.
9. ""모집인""이란 선불식 할부거래업자를 위하여 선불식 할부계약의 체결을 중개(仲介)하는 자를 말한다.
10. ""신용공여""란 금전ㆍ증권 등 경제적 가치가 있는 재산의 대여, 채무이행의 보증, 자금지원적 성격의 유가증권의 매입, 그 밖에 거래상의 신용위험을 수반하는 직접적ㆍ간접적 거래로서 대통령령으로 정하는 것을 말한다.","제2조(정의) 이 법에서 사용하는 용어의 뜻은 다음과 같다. <개정 2015.7.24, 2026.9.8>
1. ""할부계약""이란 계약의 명칭ㆍ형식이 어떠하든 재화나 용역(일정한 시설을 이용하거나 용역을 제공받을 수 있는 권리를 포함한다)(이하 ""재화등""이라 한다)에 관한 다음 각 목의 계약(제2호에 따른 선불식 할부계약에 해당하는 경우는 제외한다)을 말한다.
가. 소비자가 사업자에게 재화의 대금(代金)이나 용역의 대가(이하 ""재화등의 대금""이라 한다)를 2개월 이상의 기간에 걸쳐 3회 이상 나누어 지급하고, 재화등의 대금을 완납하기 전에 재화의 공급이나 용역의 제공(이하 ""재화등의 공급""이라 한다)을 받기로 하는 계약(이하 ""직접할부계약""이라 한다)
나. 소비자가 신용제공자에게 재화등의 대금을 2개월 이상의 기간에 걸쳐 3회 이상 나누어 지급하고, 재화등의 대금을 완납하기 전에 사업자로부터 재화등의 공급을 받기로 하는 계약(이하 ""간접할부계약""이라 한다)
2. ""선불식 할부계약""이란 계약의 명칭ㆍ형식이 어떠하든 소비자가 사업자로부터 다음 각 목의 어느 하나에 해당하는 재화등의 대금을 2개월 이상의 기간에 걸쳐 2회 이상 나누어 지급하고 재화등의 공급은 대금의 전부 또는 일부를 지급한 후에 받기로 하는 계약을 말한다.
가. 장례 또는 혼례를 위한 용역(제공시기가 확정된 경우는 제외한다) 및 이에 부수한 재화
나. 가목에 준하는 소비자피해가 발생하는 재화등으로서 소비자의 피해를 방지하기 위하여 대통령령으로 정하는 재화등
3. ""할부거래""란 할부계약에 의한 거래를 말하며, ""할부거래업자""란 할부계약에 의한 재화등의 공급을 업으로 하는 자를 말한다.
4. ""선불식 할부거래""란 선불식 할부계약에 의한 거래를 말하며, ""선불식 할부거래업자""란 선불식 할부계약에 의한 재화등의 공급을 업으로 하는 자를 말한다.
5. ""소비자""란 다음 각 목의 어느 하나에 해당하는 자를 말한다.
가. 할부계약 또는 선불식 할부계약에 의하여 제공되는 재화등을 소비생활을 위하여 사용하거나 이용하는 자
나. 가목 외의 자로서 사실상 가목의 자와 동일한 지위 및 거래조건으로 거래하는 자 등 대통령령으로 정하는 자
5의2. ""선수금""이란 선불식 할부거래업자가 선불식 할부계약과 관련되는 재화등을 공급하기 전에 미리 그 대금으로서 소비자로부터 수령하는 금액을 말한다.
6. ""신용제공자""란 소비자ㆍ할부거래업자와의 약정에 따라 재화등의 대금에 충당하기 위하여 신용을 제공하는 자를 말한다.
7. ""지배주주""란 다음 각 목의 어느 하나에 해당하는 자를 말한다.
가. 대통령령으로 정하는 특수관계인(이하 ""특수관계인""이라 한다)과 함께 소유하고 있는 주식 또는 출자액의 합계가 해당 법인의 발행주식총수 또는 출자총액의 100분의 30 이상인 경우로서 그 합계가 가장 많은 주주 또는 출자자
나. 해당 법인의 경영을 사실상 지배하는 자. 이 경우 사실상 지배의 구체적인 내용은 대통령령으로 정한다.
8. ""선불식 할부계약의 이전""이란 명칭ㆍ형식이 어떠하든 선불식 할부거래업자가 합병, 분할 또는 사업의 전부 양도 이외의 방식으로 소비자와 체결한 선불식 할부계약에 대한 권리ㆍ의무를 다른 선불식 할부거래업자에게 이전(移轉)하는 것을 말한다.
9. ""모집인""이란 선불식 할부거래업자를 위하여 선불식 할부계약의 체결을 중개(仲介)하는 자를 말한다.
10. ""신용공여""란 금전ㆍ증권 등 경제적 가치가 있는 재산의 대여, 채무이행의 보증, 자금지원적 성격의 유가증권의 매입, 그 밖에 거래상의 신용위험을 수반하는 직접적ㆍ간접적 거래로서 대통령령으로 정하는 것을 말한다.","법령명: 할부거래에 관한 법률
조문: 제2조 (정의)
내용: 제2조(정의) 이 법에서 사용하는 용어의 뜻은 다음과 같다. <개정 2015.7.24, 2026.9.8>
1. ""할부계약""이란 계약의 명칭ㆍ형식이 어떠하든 재화나 용역(일정한 시설을 이용하거나 용역을 제공받을 수 있는 권리를 포함한다)(이하 ""재화등""이라 한다)에 관한 다음 각 목의 계약(제2호에 따른 선불식 할부계약에 해당하는 경우는 제외한다)을 말한다.
가. 소비자가 사업자에게 재화의 대금(代金)이나 용역의 대가(이하 ""재화등의 대금""이라 한다)를 2개월 이상의 기간에 걸쳐 3회 이상 나누어 지급하고, 재화등의 대금을 완납하기 전에 재화의 공급이나 용역의 제공(이하 ""재화등의 공급""이라 한다)을 받기로 하는 계약(이하 ""직접할부계약""이라 한다)
나. 소비자가 신용제공자에게 재화등의 대금을 2개월 이상의 기간에 걸쳐 3회 이상 나누어 지급하고, 재화등의 대금을 완납하기 전에 사업자로부터 재화등의 공급을 받기로 하는 계약(이하 ""간접할부계약""이라 한다)
2. ""선불식 할부계약""이란 계약의 명칭ㆍ형식이 어떠하든 소비자가 사업자로부터 다음 각 목의 어느 하나에 해당하는 재화등의 대금을 2개월 이상의 기간에 걸쳐 2회 이상 나누어 지급하고 재화등의 공급은 대금의 전부 또는 일부를 지급한 후에 받기로 하는 계약을 말한다.
가. 장례 또는 혼례를 위한 용역(제공시기가 확정된 경우는 제외한다) 및 이에 부수한 재화
나. 가목에 준하는 소비자피해가 발생하는 재화등으로서 소비자의 피해를 방지하기 위하여 대통령령으로 정하는 재화등
3. ""할부거래""란 할부계약에 의한 거래를 말하며, ""할부거래업자""란 할부계약에 의한 재화등의 공급을 업으로 하는 자를 말한다.
4. ""선불식 할부거래""란 선불식 할부계약에 의한 거래를 말하며, ""선불식 할부거래업자""란 선불식 할부계약에 의한 재화등의 공급을 업으로 하는 자를 말한다.
5. ""소비자""란 다음 각 목의 어느 하나에 해당하는 자를 말한다.
가. 할부계약 또는 선불식 할부계약에 의하여 제공되는 재화등을 소비생활을 위하여 사용하거나 이용하는 자
나. 가목 외의 자로서 사실상 가목의 자와 동일한 지위 및 거래조건으로 거래하는 자 등 대통령령으로 정하는 자
5의2. ""선수금""이란 선불식 할부거래업자가 선불식 할부계약과 관련되는 재화등을 공급하기 전에 미리 그 대금으로서 소비자로부터 수령하는 금액을 말한다.
6. ""신용제공자""란 소비자ㆍ할부거래업자와의 약정에 따라 재화등의 대금에 충당하기 위하여 신용을 제공하는 자를 말한다.
7. ""지배주주""란 다음 각 목의 어느 하나에 해당하는 자를 말한다.
가. 대통령령으로 정하는 특수관계인(이하 ""특수관계인""이라 한다)과 함께 소유하고 있는 주식 또는 출자액의 합계가 해당 법인의 발행주식총수 또는 출자총액의 100분의 30 이상인 경우로서 그 합계가 가장 많은 주주 또는 출자자
나. 해당 법인의 경영을 사실상 지배하는 자. 이 경우 사실상 지배의 구체적인 내용은 대통령령으로 정한다.
8. ""선불식 할부계약의 이전""이란 명칭ㆍ형식이 어떠하든 선불식 할부거래업자가 합병, 분할 또는 사업의 전부 양도 이외의 방식으로 소비자와 체결한 선불식 할부계약에 대한 권리ㆍ의무를 다른 선불식 할부거래업자에게 이전(移轉)하는 것을 말한다.
9. ""모집인""이란 선불식 할부거래업자를 위하여 선불식 할부계약의 체결을 중개(仲介)하는 자를 말한다.
10. ""신용공여""란 금전ㆍ증권 등 경제적 가치가 있는 재산의 대여, 채무이행의 보증, 자금지원적 성격의 유가증권의 매입, 그 밖에 거래상의 신용위험을 수반하는 직접적ㆍ간접적 거래로서 대통령령으로 정하는 것을 말한다.",https://www.law.go.kr/법령/할부거래에 관한 법률
000355,할부거래에 관한 법률,법률,공정거래위원회,20270909,20260908,3,,적용제외,제3조(적용제외) 이 법은 다음 각 호의 거래에는 적용하지 아니한다.,"1. 사업자가 상행위(商行爲)를 위하여 재화등의 공급을 받는 거래. 다만, 사업자가 사실상 소비자와 같은 지위에서 다른 소비자와 같은 거래조건으로 거래하는 경우는 적용한다.
2. 성질상 이 법을 적용하는 것이 적합하지 아니한 것으로서 대통령령으로 정하는 재화등의 거래","제3조(적용제외) 이 법은 다음 각 호의 거래에는 적용하지 아니한다.
1. 사업자가 상행위(商行爲)를 위하여 재화등의 공급을 받는 거래. 다만, 사업자가 사실상 소비자와 같은 지위에서 다른 소비자와 같은 거래조건으로 거래하는 경우는 적용한다.
2. 성질상 이 법을 적용하는 것이 적합하지 아니한 것으로서 대통령령으로 정하는 재화등의 거래","법령명: 할부거래에 관한 법률
조문: 제3조 (적용제외)
내용: 제3조(적용제외) 이 법은 다음 각 호의 거래에는 적용하지 아니한다.
1. 사업자가 상행위(商行爲)를 위하여 재화등의 공급을 받는 거래. 다만, 사업자가 사실상 소비자와 같은 지위에서 다른 소비자와 같은 거래조건으로 거래하는 경우는 적용한다.
2. 성질상 이 법을 적용하는 것이 적합하지 아니한 것으로서 대통령령으로 정하는 재화등의 거래",https://www.law.go.kr/법령/할부거래에 관한 법률
000355,할부거래에 관한 법률,법률,공정거래위원회,20270909,20260908,4,,다른 법률과의 관계,"제4조(다른 법률과의 관계) 할부거래 및 선불식 할부거래에서의 소비자보호와 관련하여 이 법과 다른 법률이 경합하여 적용되는 경우에는 이 법을 우선하여 적용한다. 다만, 다른 법률을 적용하는 것이 소비자에게 유리한 경우에는 그 법률을 적용한다.",,"제4조(다른 법률과의 관계) 할부거래 및 선불식 할부거래에서의 소비자보호와 관련하여 이 법과 다른 법률이 경합하여 적용되는 경우에는 이 법을 우선하여 적용한다. 다만, 다른 법률을 적용하는 것이 소비자에게 유리한 경우에는 그 법률을 적용한다.","법령명: 할부거래에 관한 법률
조문: 제4조 (다른 법률과의 관계)
내용: 제4조(다른 법률과의 관계) 할부거래 및 선불식 할부거래에서의 소비자보호와 관련하여 이 법과 다른 법률이 경합하여 적용되는 경우에는 이 법을 우선하여 적용한다. 다만, 다른 법률을 적용하는 것이 소비자에게 유리한 경우에는 그 법률을 적용한다.",https://www.law.go.kr/법령/할부거래에 관한 법률
000355,할부거래에 관한 법률,법률,공정거래위원회,20270909,20260908,5,,계약체결 전의 정보제공,"제5조(계약체결 전의 정보제공) 할부거래업자는 할부계약을 체결하기 전에 소비자가 할부계약의 내용을 이해할 수 있도록 총리령으로 정하는 바에 따라 다음 각 호의 사항을 표시하여야 한다. 다만, 「여신전문금융업법」에 따른 신용카드회원과 신용카드가맹점 간의 간접할부계약의 경우에는 제3호, 제4호, 제6호 및 제7호의 사항을 표시하지 아니할 수 있다.","1. 재화등의 종류 및 내용
2. 현금가격(할부계약에 의하지 아니하고 소비자가 재화등의 공급을 받은 때에 할부거래업자에게 지급하여야 할 대금 전액을 말한다. 이하 같다)
3. 할부가격(소비자가 할부거래업자나 신용제공자에게 지급하여야 할 계약금과 할부금의 총합계액을 말한다. 이하 같다)
4. 각 할부금의 금액ㆍ지급횟수 및 지급시기
5. 할부수수료의 실제연간요율
6. 계약금(최초지급금ㆍ선수금 등 명칭이 무엇이든 할부계약을 체결할 때에 소비자가 할부거래업자에게 지급하는 금액을 말한다. 이하 같다)
7. 제12조제1항에 따른 지연손해금 산정 시 적용하는 비율","제5조(계약체결 전의 정보제공) 할부거래업자는 할부계약을 체결하기 전에 소비자가 할부계약의 내용을 이해할 수 있도록 총리령으로 정하는 바에 따라 다음 각 호의 사항을 표시하여야 한다. 다만, 「여신전문금융업법」에 따른 신용카드회원과 신용카드가맹점 간의 간접할부계약의 경우에는 제3호, 제4호, 제6호 및 제7호의 사항을 표시하지 아니할 수 있다.
1. 재화등의 종류 및 내용
2. 현금가격(할부계약에 의하지 아니하고 소비자가 재화등의 공급을 받은 때에 할부거래업자에게 지급하여야 할 대금 전액을 말한다. 이하 같다)
3. 할부가격(소비자가 할부거래업자나 신용제공자에게 지급하여야 할 계약금과 할부금의 총합계액을 말한다. 이하 같다)
4. 각 할부금의 금액ㆍ지급횟수 및 지급시기
5. 할부수수료의 실제연간요율
6. 계약금(최초지급금ㆍ선수금 등 명칭이 무엇이든 할부계약을 체결할 때에 소비자가 할부거래업자에게 지급하는 금액을 말한다. 이하 같다)
7. 제12조제1항에 따른 지연손해금 산정 시 적용하는 비율","법령명: 할부거래에 관한 법률
조문: 제5조 (계약체결 전의 정보제공)
내용: 제5조(계약체결 전의 정보제공) 할부거래업자는 할부계약을 체결하기 전에 소비자가 할부계약의 내용을 이해할 수 있도록 총리령으로 정하는 바에 따라 다음 각 호의 사항을 표시하여야 한다. 다만, 「여신전문금융업법」에 따른 신용카드회원과 신용카드가맹점 간의 간접할부계약의 경우에는 제3호, 제4호, 제6호 및 제7호의 사항을 표시하지 아니할 수 있다.
1. 재화등의 종류 및 내용
2. 현금가격(할부계약에 의하지 아니하고 소비자가 재화등의 공급을 받은 때에 할부거래업자에게 지급하여야 할 대금 전액을 말한다. 이하 같다)
3. 할부가격(소비자가 할부거래업자나 신용제공자에게 지급하여야 할 계약금과 할부금의 총합계액을 말한다. 이하 같다)
4. 각 할부금의 금액ㆍ지급횟수 및 지급시기
5. 할부수수료의 실제연간요율
6. 계약금(최초지급금ㆍ선수금 등 명칭이 무엇이든 할부계약을 체결할 때에 소비자가 할부거래업자에게 지급하는 금액을 말한다. 이하 같다)
7. 제12조제1항에 따른 지연손해금 산정 시 적용하는 비율",https://www.law.go.kr/법령/할부거래에 관한 법률
000355,할부거래에 관한 법률,법률,공정거래위원회,20270909,20260908,6,,할부계약의 서면주의,제6조(할부계약의 서면주의),"① 할부거래업자는 총리령으로 정하는 바에 따라 다음 각 호의 사항을 적은 서면(「전자문서 및 전자거래 기본법」 제2조제1호에 따른 전자문서를 포함한다. 이하 같다)으로 할부계약을 체결하여야 한다. 다만, 「여신전문금융업법」에 따른 신용카드회원과 신용카드가맹점 간의 간접할부계약의 경우 제4호, 제5호 중 지급시기 및 제11호의 사항을 적지 아니할 수 있다. <개정 2012.6.1>
1. 할부거래업자ㆍ소비자 및 신용제공자의 성명 및 주소
2. 재화등의 종류ㆍ내용 및 재화등의 공급 시기
3. 현금가격
4. 할부가격
5. 각 할부금의 금액ㆍ지급횟수ㆍ지급기간 및 지급시기
6. 할부수수료의 실제연간요율
7. 계약금
8. 재화의 소유권 유보에 관한 사항
9. 제8조에 따른 청약철회의 기한ㆍ행사방법ㆍ효과에 관한 사항
10. 제11조제1항에 따른 할부거래업자의 할부계약의 해제에 관한 사항
11. 제12조제1항에 따른 지연손해금 산정 시 적용하는 비율
12. 제13조에 따른 소비자의 기한의 이익 상실에 관한 사항
13. 제16조에 따른 소비자의 항변권과 행사방법에 관한 사항
② 할부거래업자는 할부계약을 체결할 경우에는 제1항에 따른 계약서를 소비자에게 발급하여야 한다. 다만, 「여신전문금융업법」에 따른 신용카드회원과 신용카드가맹점 간의 간접할부계약의 경우 소비자의 동의를 받아 해당 계약의 내용을 팩스나 「전자문서 및 전자거래 기본법」 제2조제1호에 따른 전자문서(이하 이 조에서 ""전자문서""라 한다)로 보내는 것으로 대신할 수 있으며, 팩스나 전자문서로 보낸 계약서의 내용이나 도달에 다툼이 있으면 할부거래업자가 이를 증명하여야 한다. <개정 2012.6.1>
③ 신용제공자는 제1항제4호부터 제6호까지, 제9호, 제11호부터 제13호까지의 사항을 적은 서면을 소비자에게 발급하여야 한다.
④ 할부계약이 제1항 각 호의 요건을 갖추지 못하거나 그 내용이 불확실한 경우에는 소비자와 할부거래업자 간의 특약이 없으면 그 계약내용은 어떠한 경우에도 소비자에게 불리하게 해석되어서는 아니 된다.","제6조(할부계약의 서면주의)
① 할부거래업자는 총리령으로 정하는 바에 따라 다음 각 호의 사항을 적은 서면(「전자문서 및 전자거래 기본법」 제2조제1호에 따른 전자문서를 포함한다. 이하 같다)으로 할부계약을 체결하여야 한다. 다만, 「여신전문금융업법」에 따른 신용카드회원과 신용카드가맹점 간의 간접할부계약의 경우 제4호, 제5호 중 지급시기 및 제11호의 사항을 적지 아니할 수 있다. <개정 2012.6.1>
1. 할부거래업자ㆍ소비자 및 신용제공자의 성명 및 주소
2. 재화등의 종류ㆍ내용 및 재화등의 공급 시기
3. 현금가격
4. 할부가격
5. 각 할부금의 금액ㆍ지급횟수ㆍ지급기간 및 지급시기
6. 할부수수료의 실제연간요율
7. 계약금
8. 재화의 소유권 유보에 관한 사항
9. 제8조에 따른 청약철회의 기한ㆍ행사방법ㆍ효과에 관한 사항
10. 제11조제1항에 따른 할부거래업자의 할부계약의 해제에 관한 사항
11. 제12조제1항에 따른 지연손해금 산정 시 적용하는 비율
12. 제13조에 따른 소비자의 기한의 이익 상실에 관한 사항
13. 제16조에 따른 소비자의 항변권과 행사방법에 관한 사항
② 할부거래업자는 할부계약을 체결할 경우에는 제1항에 따른 계약서를 소비자에게 발급하여야 한다. 다만, 「여신전문금융업법」에 따른 신용카드회원과 신용카드가맹점 간의 간접할부계약의 경우 소비자의 동의를 받아 해당 계약의 내용을 팩스나 「전자문서 및 전자거래 기본법」 제2조제1호에 따른 전자문서(이하 이 조에서 ""전자문서""라 한다)로 보내는 것으로 대신할 수 있으며, 팩스나 전자문서로 보낸 계약서의 내용이나 도달에 다툼이 있으면 할부거래업자가 이를 증명하여야 한다. <개정 2012.6.1>
③ 신용제공자는 제1항제4호부터 제6호까지, 제9호, 제11호부터 제13호까지의 사항을 적은 서면을 소비자에게 발급하여야 한다.
④ 할부계약이 제1항 각 호의 요건을 갖추지 못하거나 그 내용이 불확실한 경우에는 소비자와 할부거래업자 간의 특약이 없으면 그 계약내용은 어떠한 경우에도 소비자에게 불리하게 해석되어서는 아니 된다.","법령명: 할부거래에 관한 법률
조문: 제6조 (할부계약의 서면주의)
내용: 제6조(할부계약의 서면주의)
① 할부거래업자는 총리령으로 정하는 바에 따라 다음 각 호의 사항을 적은 서면(「전자문서 및 전자거래 기본법」 제2조제1호에 따른 전자문서를 포함한다. 이하 같다)으로 할부계약을 체결하여야 한다. 다만, 「여신전문금융업법」에 따른 신용카드회원과 신용카드가맹점 간의 간접할부계약의 경우 제4호, 제5호 중 지급시기 및 제11호의 사항을 적지 아니할 수 있다. <개정 2012.6.1>
1. 할부거래업자ㆍ소비자 및 신용제공자의 성명 및 주소
2. 재화등의 종류ㆍ내용 및 재화등의 공급 시기
3. 현금가격
4. 할부가격
5. 각 할부금의 금액ㆍ지급횟수ㆍ지급기간 및 지급시기
6. 할부수수료의 실제연간요율
7. 계약금
8. 재화의 소유권 유보에 관한 사항
9. 제8조에 따른 청약철회의 기한ㆍ행사방법ㆍ효과에 관한 사항
10. 제11조제1항에 따른 할부거래업자의 할부계약의 해제에 관한 사항
11. 제12조제1항에 따른 지연손해금 산정 시 적용하는 비율
12. 제13조에 따른 소비자의 기한의 이익 상실에 관한 사항
13. 제16조에 따른 소비자의 항변권과 행사방법에 관한 사항
② 할부거래업자는 할부계약을 체결할 경우에는 제1항에 따른 계약서를 소비자에게 발급하여야 한다. 다만, 「여신전문금융업법」에 따른 신용카드회원과 신용카드가맹점 간의 간접할부계약의 경우 소비자의 동의를 받아 해당 계약의 내용을 팩스나 「전자문서 및 전자거래 기본법」 제2조제1호에 따른 전자문서(이하 이 조에서 ""전자문서""라 한다)로 보내는 것으로 대신할 수 있으며, 팩스나 전자문서로 보낸 계약서의 내용이나 도달에 다툼이 있으면 할부거래업자가 이를 증명하여야 한다. <개정 2012.6.1>
③ 신용제공자는 제1항제4호부터 제6호까지, 제9호, 제11호부터 제13호까지의 사항을 적은 서면을 소비자에게 발급하여야 한다.
④ 할부계약이 제1항 각 호의 요건을 갖추지 못하거나 그 내용이 불확실한 경우에는 소비자와 할부거래업자 간의 특약이 없으면 그 계약내용은 어떠한 경우에도 소비자에게 불리하게 해석되어서는 아니 된다.",https://www.law.go.kr/법령/할부거래에 관한 법률
000355,할부거래에 관한 법률,법률,공정거래위원회,20270909,20260908,7,,할부수수료의 실제연간요율,제7조(할부수수료의 실제연간요율) 제5조제5호 및 제6조제1항제6호에 따른 할부수수료의 실제연간요율의 계산방법과 최고한도는 「이자제한법」에서 정한 이자의 최고한도의 범위에서 대통령령으로 정한다.,,제7조(할부수수료의 실제연간요율) 제5조제5호 및 제6조제1항제6호에 따른 할부수수료의 실제연간요율의 계산방법과 최고한도는 「이자제한법」에서 정한 이자의 최고한도의 범위에서 대통령령으로 정한다.,"법령명: 할부거래에 관한 법률
조문: 제7조 (할부수수료의 실제연간요율)
내용: 제7조(할부수수료의 실제연간요율) 제5조제5호 및 제6조제1항제6호에 따른 할부수수료의 실제연간요율의 계산방법과 최고한도는 「이자제한법」에서 정한 이자의 최고한도의 범위에서 대통령령으로 정한다.",https://www.law.go.kr/법령/할부거래에 관한 법률
000355,할부거래에 관한 법률,법률,공정거래위원회,20270909,20260908,8,,청약의 철회,제8조(청약의 철회),"① 소비자는 다음 각 호의 기간(거래당사자가 그 보다 긴 기간을 약정한 경우에는 그 기간을 말한다) 이내에 할부계약에 관한 청약을 철회할 수 있다.
1. 제6조제1항에 따른 계약서를 받은 날부터 7일. 다만, 그 계약서를 받은 날보다 재화등의 공급이 늦게 이루어진 경우에는 재화등을 공급받은 날부터 7일
2. 다음 각 목의 어느 하나에 해당하는 경우에는 그 주소를 안 날 또는 알 수 있었던 날 등 청약을 철회할 수 있는 날부터 7일
가. 제6조제1항에 따른 계약서를 받지 아니한 경우
나. 할부거래업자의 주소 등이 적혀 있지 아니한 계약서를 받은 경우
다. 할부거래업자의 주소 변경 등의 사유로 제1호의 기간 이내에 청약을 철회할 수 없는 경우
3. 제6조제1항에 따른 계약서에 청약의 철회에 관한 사항이 적혀 있지 아니한 경우에는 청약을 철회할 수 있음을 안 날 또는 알 수 있었던 날부터 7일
4. 할부거래업자가 청약의 철회를 방해한 경우에는 그 방해 행위가 종료한 날부터 7일
② 소비자는 다음 각 호의 어느 하나에 해당하는 경우에는 제1항에 따른 청약의 철회를 할 수 없다. 다만, 할부거래업자가 청약의 철회를 승낙하거나 제6항에 따른 조치를 하지 아니한 경우에는 제2호부터 제4호까지에 해당하는 경우에도 청약을 철회할 수 있다.
1. 소비자에게 책임있는 사유로 재화등이 멸실되거나 훼손된 경우. 다만, 재화등의 내용을 확인하기 위하여 포장 등을 훼손한 경우는 제외한다.
2. 사용 또는 소비에 의하여 그 가치가 현저히 낮아질 우려가 있는 것으로서 대통령령으로 정하는 재화등을 사용 또는 소비한 경우
3. 시간이 지남으로써 다시 판매하기 어려울 정도로 재화등의 가치가 현저히 낮아진 경우
4. 복제할 수 있는 재화등의 포장을 훼손한 경우
5. 그 밖에 거래의 안전을 위하여 대통령령으로 정하는 경우
③ 소비자가 제1항에 따라 청약을 철회할 경우 제1항에 따른 기간 이내에 할부거래업자에게 청약을 철회하는 의사표시가 적힌 서면을 발송하여야 한다.
④ 제1항에 따른 청약의 철회는 제3항에 따라 서면을 발송한 날에 그 효력이 발생한다.
⑤ 제1항 또는 제2항을 적용함에 있어서 계약서의 발급사실과 그 시기, 재화등의 공급 사실과 그 시기 및 제2항 각 호 중 어느 하나에 해당하는지 여부에 관하여 다툼이 있는 경우에는 할부거래업자가 이를 입증하여야 한다.
⑥ 할부거래업자는 제2항제2호부터 제4호까지의 규정에 따라 청약을 철회할 수 없는 재화등에 대하여는 그 사실을 재화등의 포장이나 그 밖에 소비자가 쉽게 알 수 있는 곳에 분명하게 표시하거나 시용(試用) 상품을 제공하는 등의 방법으로 소비자가 청약을 철회하는 것이 방해받지 아니하도록 조치하여야 한다.","제8조(청약의 철회)
① 소비자는 다음 각 호의 기간(거래당사자가 그 보다 긴 기간을 약정한 경우에는 그 기간을 말한다) 이내에 할부계약에 관한 청약을 철회할 수 있다.
1. 제6조제1항에 따른 계약서를 받은 날부터 7일. 다만, 그 계약서를 받은 날보다 재화등의 공급이 늦게 이루어진 경우에는 재화등을 공급받은 날부터 7일
2. 다음 각 목의 어느 하나에 해당하는 경우에는 그 주소를 안 날 또는 알 수 있었던 날 등 청약을 철회할 수 있는 날부터 7일
가. 제6조제1항에 따른 계약서를 받지 아니한 경우
나. 할부거래업자의 주소 등이 적혀 있지 아니한 계약서를 받은 경우
다. 할부거래업자의 주소 변경 등의 사유로 제1호의 기간 이내에 청약을 철회할 수 없는 경우
3. 제6조제1항에 따른 계약서에 청약의 철회에 관한 사항이 적혀 있지 아니한 경우에는 청약을 철회할 수 있음을 안 날 또는 알 수 있었던 날부터 7일
4. 할부거래업자가 청약의 철회를 방해한 경우에는 그 방해 행위가 종료한 날부터 7일
② 소비자는 다음 각 호의 어느 하나에 해당하는 경우에는 제1항에 따른 청약의 철회를 할 수 없다. 다만, 할부거래업자가 청약의 철회를 승낙하거나 제6항에 따른 조치를 하지 아니한 경우에는 제2호부터 제4호까지에 해당하는 경우에도 청약을 철회할 수 있다.
1. 소비자에게 책임있는 사유로 재화등이 멸실되거나 훼손된 경우. 다만, 재화등의 내용을 확인하기 위하여 포장 등을 훼손한 경우는 제외한다.
2. 사용 또는 소비에 의하여 그 가치가 현저히 낮아질 우려가 있는 것으로서 대통령령으로 정하는 재화등을 사용 또는 소비한 경우
3. 시간이 지남으로써 다시 판매하기 어려울 정도로 재화등의 가치가 현저히 낮아진 경우
4. 복제할 수 있는 재화등의 포장을 훼손한 경우
5. 그 밖에 거래의 안전을 위하여 대통령령으로 정하는 경우
③ 소비자가 제1항에 따라 청약을 철회할 경우 제1항에 따른 기간 이내에 할부거래업자에게 청약을 철회하는 의사표시가 적힌 서면을 발송하여야 한다.
④ 제1항에 따른 청약의 철회는 제3항에 따라 서면을 발송한 날에 그 효력이 발생한다.
⑤ 제1항 또는 제2항을 적용함에 있어서 계약서의 발급사실과 그 시기, 재화등의 공급 사실과 그 시기 및 제2항 각 호 중 어느 하나에 해당하는지 여부에 관하여 다툼이 있는 경우에는 할부거래업자가 이를 입증하여야 한다.
⑥ 할부거래업자는 제2항제2호부터 제4호까지의 규정에 따라 청약을 철회할 수 없는 재화등에 대하여는 그 사실을 재화등의 포장이나 그 밖에 소비자가 쉽게 알 수 있는 곳에 분명하게 표시하거나 시용(試用) 상품을 제공하는 등의 방법으로 소비자가 청약을 철회하는 것이 방해받지 아니하도록 조치하여야 한다.","법령명: 할부거래에 관한 법률
조문: 제8조 (청약의 철회)
내용: 제8조(청약의 철회)
① 소비자는 다음 각 호의 기간(거래당사자가 그 보다 긴 기간을 약정한 경우에는 그 기간을 말한다) 이내에 할부계약에 관한 청약을 철회할 수 있다.
1. 제6조제1항에 따른 계약서를 받은 날부터 7일. 다만, 그 계약서를 받은 날보다 재화등의 공급이 늦게 이루어진 경우에는 재화등을 공급받은 날부터 7일
2. 다음 각 목의 어느 하나에 해당하는 경우에는 그 주소를 안 날 또는 알 수 있었던 날 등 청약을 철회할 수 있는 날부터 7일
가. 제6조제1항에 따른 계약서를 받지 아니한 경우
나. 할부거래업자의 주소 등이 적혀 있지 아니한 계약서를 받은 경우
다. 할부거래업자의 주소 변경 등의 사유로 제1호의 기간 이내에 청약을 철회할 수 없는 경우
3. 제6조제1항에 따른 계약서에 청약의 철회에 관한 사항이 적혀 있지 아니한 경우에는 청약을 철회할 수 있음을 안 날 또는 알 수 있었던 날부터 7일
4. 할부거래업자가 청약의 철회를 방해한 경우에는 그 방해 행위가 종료한 날부터 7일
② 소비자는 다음 각 호의 어느 하나에 해당하는 경우에는 제1항에 따른 청약의 철회를 할 수 없다. 다만, 할부거래업자가 청약의 철회를 승낙하거나 제6항에 따른 조치를 하지 아니한 경우에는 제2호부터 제4호까지에 해당하는 경우에도 청약을 철회할 수 있다.
1. 소비자에게 책임있는 사유로 재화등이 멸실되거나 훼손된 경우. 다만, 재화등의 내용을 확인하기 위하여 포장 등을 훼손한 경우는 제외한다.
2. 사용 또는 소비에 의하여 그 가치가 현저히 낮아질 우려가 있는 것으로서 대통령령으로 정하는 재화등을 사용 또는 소비한 경우
3. 시간이 지남으로써 다시 판매하기 어려울 정도로 재화등의 가치가 현저히 낮아진 경우
4. 복제할 수 있는 재화등의 포장을 훼손한 경우
5. 그 밖에 거래의 안전을 위하여 대통령령으로 정하는 경우
③ 소비자가 제1항에 따라 청약을 철회할 경우 제1항에 따른 기간 이내에 할부거래업자에게 청약을 철회하는 의사표시가 적힌 서면을 발송하여야 한다.
④ 제1항에 따른 청약의 철회는 제3항에 따라 서면을 발송한 날에 그 효력이 발생한다.
⑤ 제1항 또는 제2항을 적용함에 있어서 계약서의 발급사실과 그 시기, 재화등의 공급 사실과 그 시기 및 제2항 각 호 중 어느 하나에 해당하는지 여부에 관하여 다툼이 있는 경우에는 할부거래업자가 이를 입증하여야 한다.
⑥ 할부거래업자는 제2항제2호부터 제4호까지의 규정에 따라 청약을 철회할 수 없는 재화등에 대하여는 그 사실을 재화등의 포장이나 그 밖에 소비자가 쉽게 알 수 있는 곳에 분명하게 표시하거나 시용(試用) 상품을 제공하는 등의 방법으로 소비자가 청약을 철회하는 것이 방해받지 아니하도록 조치하여야 한다.",https://www.law.go.kr/법령/할부거래에 관한 법률
000355,할부거래에 관한 법률,법률,공정거래위원회,20270909,20260908,9,,간접할부계약에서의 청약의 철회 통보,제9조(간접할부계약에서의 청약의 철회 통보),"① 소비자가 할부거래업자에게 간접할부계약에 관한 청약을 철회한 경우 제8조제1항에 따른 기간 이내에 신용제공자에게 청약을 철회하는 의사표시가 적힌 서면을 발송하여야 한다.
② 소비자가 신용제공자에게 제1항에 따른 서면을 발송하지 아니한 경우 신용제공자의 할부금지급청구를 거절할 수 없다. 다만, 다음 각 호의 어느 하나에 해당하는 경우에는 소비자가 그 서면을 발송하지 아니한 경우라도 신용제공자의 할부금지급청구를 거절할 수 있다.
1. 신용제공자가 제8조제1항의 기간 이내에 할부거래업자에게 재화등의 대금을 지급한 경우
2. 신용제공자가 할부거래업자로부터 제10조제4항에 따른 할부금청구의 중지 또는 취소를 요청받은 경우","제9조(간접할부계약에서의 청약의 철회 통보)
① 소비자가 할부거래업자에게 간접할부계약에 관한 청약을 철회한 경우 제8조제1항에 따른 기간 이내에 신용제공자에게 청약을 철회하는 의사표시가 적힌 서면을 발송하여야 한다.
② 소비자가 신용제공자에게 제1항에 따른 서면을 발송하지 아니한 경우 신용제공자의 할부금지급청구를 거절할 수 없다. 다만, 다음 각 호의 어느 하나에 해당하는 경우에는 소비자가 그 서면을 발송하지 아니한 경우라도 신용제공자의 할부금지급청구를 거절할 수 있다.
1. 신용제공자가 제8조제1항의 기간 이내에 할부거래업자에게 재화등의 대금을 지급한 경우
2. 신용제공자가 할부거래업자로부터 제10조제4항에 따른 할부금청구의 중지 또는 취소를 요청받은 경우","법령명: 할부거래에 관한 법률
조문: 제9조 (간접할부계약에서의 청약의 철회 통보)
내용: 제9조(간접할부계약에서의 청약의 철회 통보)
① 소비자가 할부거래업자에게 간접할부계약에 관한 청약을 철회한 경우 제8조제1항에 따른 기간 이내에 신용제공자에게 청약을 철회하는 의사표시가 적힌 서면을 발송하여야 한다.
② 소비자가 신용제공자에게 제1항에 따른 서면을 발송하지 아니한 경우 신용제공자의 할부금지급청구를 거절할 수 없다. 다만, 다음 각 호의 어느 하나에 해당하는 경우에는 소비자가 그 서면을 발송하지 아니한 경우라도 신용제공자의 할부금지급청구를 거절할 수 있다.
1. 신용제공자가 제8조제1항의 기간 이내에 할부거래업자에게 재화등의 대금을 지급한 경우
2. 신용제공자가 할부거래업자로부터 제10조제4항에 따른 할부금청구의 중지 또는 취소를 요청받은 경우",https://www.law.go.kr/법령/할부거래에 관한 법률
000355,할부거래에 관한 법률,법률,공정거래위원회,20270909,20260908,10,,청약의 철회 효과,제10조(청약의 철회 효과),"① 소비자는 제8조에 따라 청약을 철회한 경우 이미 공급받은 재화등을 반환하여야 한다.
② 소비자가 제8조에 따라 청약을 철회한 경우 할부거래업자(소비자로부터 재화등의 계약금 또는 할부금을 지급받은 자 또는 소비자와 할부계약을 체결한 자를 포함한다. 이하 이 조에서 같다)는 다음 각 호의 어느 하나에 해당하는 영업일 이내에 이미 지급받은 계약금 및 할부금을 환급하여야 한다. 이 경우 할부거래업자가 소비자에게 재화등의 계약금 및 할부금의 환급을 지연한 때에는 그 지연기간에 따라 「이자제한법」에서 정한 이자의 최고한도의 범위에서 대통령령으로 정하는 이율을 곱하여 산정한 지연이자(이하 ""지연배상금""이라 한다)를 함께 환급하여야 한다.
1. 재화를 공급한 경우에는 제1항에 따라 재화를 반환받은 날부터 3영업일
2. 용역을 제공한 경우에는 제8조제3항에 따른 청약을 철회하는 서면을 수령한 날부터 3영업일
③ 할부거래업자는 제1항의 경우에 이미 용역(일정한 시설을 이용하거나 용역을 제공받을 권리는 제외한다)이 제공된 때에는 이미 제공된 용역과 동일한 용역의 반환을 청구할 수 없다.
④ 할부거래업자는 간접할부계약의 경우 제8조제3항에 따른 청약을 철회하는 서면을 수령한 때에는 지체 없이 해당 신용제공자에게 재화등에 대한 할부금의 청구를 중지 또는 취소하도록 요청하여야 한다. 이 경우 할부거래업자가 신용제공자로부터 해당 재화등의 대금을 이미 지급받은 때에는 지체 없이 이를 신용제공자에게 환급하여야 한다.
⑤ 신용제공자는 제4항에 따라 할부거래업자로부터 할부금의 청구를 중지 또는 취소하도록 요청받은 경우 지체 없이 이에 필요한 조치를 취하여야 한다. 이 경우 소비자가 이미 지불한 할부금이 있는 때에는 지체 없이 이를 환급하여야 한다.
⑥ 할부거래업자가 제4항에 따른 요청을 지연하여 소비자로 하여금 신용제공자에게 할부금을 지불하게 한 경우 소비자가 지불한 금액에 대하여 소비자가 환급받는 날까지의 기간에 대한 지연배상금을 소비자에게 지급하여야 한다.
⑦ 신용제공자가 제5항에 따른 환급을 지연한 경우 그 지연기간에 따른 지연배상금을 소비자에게 지급하여야 한다. 다만, 할부거래업자가 제4항에 따른 요청을 지연하여 신용제공자로 하여금 소비자에 대한 할부금의 환급을 지연하게 한 경우에는 그 할부거래업자가 지연배상금을 지급하여야 한다.
⑧ 할부거래업자 또는 신용제공자는 소비자가 청약을 철회함에 따라 소비자와 분쟁이 발생한 경우 분쟁이 해결될 때까지 할부금 지급거절을 이유로 해당 소비자를 약정한 기일 이내에 채무를 변제하지 아니한 자로 처리하는 등 소비자에게 불이익을 주는 행위를 하여서는 아니 된다.
⑨ 할부거래업자는 소비자가 제8조에 따라 청약을 철회한 경우 이미 재화등이 사용되었거나 일부 소비된 경우에는 그 재화등을 사용하거나 일부 소비하여 소비자가 얻은 이익 또는 그 재화등의 공급에 든 비용에 상당하는 금액으로서 대통령령으로 정하는 범위의 금액을 초과하여 소비자에게 청구할 수 없다.
⑩ 할부거래업자는 소비자가 제8조에 따라 청약을 철회한 경우 공급받은 재화등의 반환에 필요한 비용을 부담하며, 소비자에게 청약의 철회를 이유로 위약금 또는 손해배상을 청구할 수 없다.","제10조(청약의 철회 효과)
① 소비자는 제8조에 따라 청약을 철회한 경우 이미 공급받은 재화등을 반환하여야 한다.
② 소비자가 제8조에 따라 청약을 철회한 경우 할부거래업자(소비자로부터 재화등의 계약금 또는 할부금을 지급받은 자 또는 소비자와 할부계약을 체결한 자를 포함한다. 이하 이 조에서 같다)는 다음 각 호의 어느 하나에 해당하는 영업일 이내에 이미 지급받은 계약금 및 할부금을 환급하여야 한다. 이 경우 할부거래업자가 소비자에게 재화등의 계약금 및 할부금의 환급을 지연한 때에는 그 지연기간에 따라 「이자제한법」에서 정한 이자의 최고한도의 범위에서 대통령령으로 정하는 이율을 곱하여 산정한 지연이자(이하 ""지연배상금""이라 한다)를 함께 환급하여야 한다.
1. 재화를 공급한 경우에는 제1항에 따라 재화를 반환받은 날부터 3영업일
2. 용역을 제공한 경우에는 제8조제3항에 따른 청약을 철회하는 서면을 수령한 날부터 3영업일
③ 할부거래업자는 제1항의 경우에 이미 용역(일정한 시설을 이용하거나 용역을 제공받을 권리는 제외한다)이 제공된 때에는 이미 제공된 용역과 동일한 용역의 반환을 청구할 수 없다.
④ 할부거래업자는 간접할부계약의 경우 제8조제3항에 따른 청약을 철회하는 서면을 수령한 때에는 지체 없이 해당 신용제공자에게 재화등에 대한 할부금의 청구를 중지 또는 취소하도록 요청하여야 한다. 이 경우 할부거래업자가 신용제공자로부터 해당 재화등의 대금을 이미 지급받은 때에는 지체 없이 이를 신용제공자에게 환급하여야 한다.
⑤ 신용제공자는 제4항에 따라 할부거래업자로부터 할부금의 청구를 중지 또는 취소하도록 요청받은 경우 지체 없이 이에 필요한 조치를 취하여야 한다. 이 경우 소비자가 이미 지불한 할부금이 있는 때에는 지체 없이 이를 환급하여야 한다.
⑥ 할부거래업자가 제4항에 따른 요청을 지연하여 소비자로 하여금 신용제공자에게 할부금을 지불하게 한 경우 소비자가 지불한 금액에 대하여 소비자가 환급받는 날까지의 기간에 대한 지연배상금을 소비자에게 지급하여야 한다.
⑦ 신용제공자가 제5항에 따른 환급을 지연한 경우 그 지연기간에 따른 지연배상금을 소비자에게 지급하여야 한다. 다만, 할부거래업자가 제4항에 따른 요청을 지연하여 신용제공자로 하여금 소비자에 대한 할부금의 환급을 지연하게 한 경우에는 그 할부거래업자가 지연배상금을 지급하여야 한다.
⑧ 할부거래업자 또는 신용제공자는 소비자가 청약을 철회함에 따라 소비자와 분쟁이 발생한 경우 분쟁이 해결될 때까지 할부금 지급거절을 이유로 해당 소비자를 약정한 기일 이내에 채무를 변제하지 아니한 자로 처리하는 등 소비자에게 불이익을 주는 행위를 하여서는 아니 된다.
⑨ 할부거래업자는 소비자가 제8조에 따라 청약을 철회한 경우 이미 재화등이 사용되었거나 일부 소비된 경우에는 그 재화등을 사용하거나 일부 소비하여 소비자가 얻은 이익 또는 그 재화등의 공급에 든 비용에 상당하는 금액으로서 대통령령으로 정하는 범위의 금액을 초과하여 소비자에게 청구할 수 없다.
⑩ 할부거래업자는 소비자가 제8조에 따라 청약을 철회한 경우 공급받은 재화등의 반환에 필요한 비용을 부담하며, 소비자에게 청약의 철회를 이유로 위약금 또는 손해배상을 청구할 수 없다.","법령명: 할부거래에 관한 법률
조문: 제10조 (청약의 철회 효과)
내용: 제10조(청약의 철회 효과)
① 소비자는 제8조에 따라 청약을 철회한 경우 이미 공급받은 재화등을 반환하여야 한다.
② 소비자가 제8조에 따라 청약을 철회한 경우 할부거래업자(소비자로부터 재화등의 계약금 또는 할부금을 지급받은 자 또는 소비자와 할부계약을 체결한 자를 포함한다. 이하 이 조에서 같다)는 다음 각 호의 어느 하나에 해당하는 영업일 이내에 이미 지급받은 계약금 및 할부금을 환급하여야 한다. 이 경우 할부거래업자가 소비자에게 재화등의 계약금 및 할부금의 환급을 지연한 때에는 그 지연기간에 따라 「이자제한법」에서 정한 이자의 최고한도의 범위에서 대통령령으로 정하는 이율을 곱하여 산정한 지연이자(이하 ""지연배상금""이라 한다)를 함께 환급하여야 한다.
1. 재화를 공급한 경우에는 제1항에 따라 재화를 반환받은 날부터 3영업일
2. 용역을 제공한 경우에는 제8조제3항에 따른 청약을 철회하는 서면을 수령한 날부터 3영업일
③ 할부거래업자는 제1항의 경우에 이미 용역(일정한 시설을 이용하거나 용역을 제공받을 권리는 제외한다)이 제공된 때에는 이미 제공된 용역과 동일한 용역의 반환을 청구할 수 없다.
④ 할부거래업자는 간접할부계약의 경우 제8조제3항에 따른 청약을 철회하는 서면을 수령한 때에는 지체 없이 해당 신용제공자에게 재화등에 대한 할부금의 청구를 중지 또는 취소하도록 요청하여야 한다. 이 경우 할부거래업자가 신용제공자로부터 해당 재화등의 대금을 이미 지급받은 때에는 지체 없이 이를 신용제공자에게 환급하여야 한다.
⑤ 신용제공자는 제4항에 따라 할부거래업자로부터 할부금의 청구를 중지 또는 취소하도록 요청받은 경우 지체 없이 이에 필요한 조치를 취하여야 한다. 이 경우 소비자가 이미 지불한 할부금이 있는 때에는 지체 없이 이를 환급하여야 한다.
⑥ 할부거래업자가 제4항에 따른 요청을 지연하여 소비자로 하여금 신용제공자에게 할부금을 지불하게 한 경우 소비자가 지불한 금액에 대하여 소비자가 환급받는 날까지의 기간에 대한 지연배상금을 소비자에게 지급하여야 한다.
⑦ 신용제공자가 제5항에 따른 환급을 지연한 경우 그 지연기간에 따른 지연배상금을 소비자에게 지급하여야 한다. 다만, 할부거래업자가 제4항에 따른 요청을 지연하여 신용제공자로 하여금 소비자에 대한 할부금의 환급을 지연하게 한 경우에는 그 할부거래업자가 지연배상금을 지급하여야 한다.
⑧ 할부거래업자 또는 신용제공자는 소비자가 청약을 철회함에 따라 소비자와 분쟁이 발생한 경우 분쟁이 해결될 때까지 할부금 지급거절을 이유로 해당 소비자를 약정한 기일 이내에 채무를 변제하지 아니한 자로 처리하는 등 소비자에게 불이익을 주는 행위를 하여서는 아니 된다.
⑨ 할부거래업자는 소비자가 제8조에 따라 청약을 철회한 경우 이미 재화등이 사용되었거나 일부 소비된 경우에는 그 재화등을 사용하거나 일부 소비하여 소비자가 얻은 이익 또는 그 재화등의 공급에 든 비용에 상당하는 금액으로서 대통령령으로 정하는 범위의 금액을 초과하여 소비자에게 청구할 수 없다.
⑩ 할부거래업자는 소비자가 제8조에 따라 청약을 철회한 경우 공급받은 재화등의 반환에 필요한 비용을 부담하며, 소비자에게 청약의 철회를 이유로 위약금 또는 손해배상을 청구할 수 없다.",https://www.law.go.kr/법령/할부거래에 관한 법률
000355,할부거래에 관한 법률,법률,공정거래위원회,20270909,20260908,11,,할부거래업자의 할부계약 해제,제11조(할부거래업자의 할부계약 해제),"① 할부거래업자는 소비자가 할부금 지급의무를 이행하지 아니하면 할부계약을 해제할 수 있다. 이 경우 할부거래업자는 그 계약을 해제하기 전에 14일 이상의 기간을 정하여 소비자에게 이행할 것을 서면으로 최고(催告)하여야 한다.
② 할부거래업자 또는 소비자는 제1항에 따라 할부계약이 해제된 경우에는 상대방에게 원상회복(原狀回復)하여 줄 의무를 진다. 이 경우 상대방이 원상회복할 때까지 자기의 의무이행을 거절할 수 있다.
③ 할부거래업자는 재화등의 소유권이 할부거래업자에게 유보된 경우 그 할부계약을 해제하지 아니하고는 그 반환을 청구할 수 없다.","제11조(할부거래업자의 할부계약 해제)
① 할부거래업자는 소비자가 할부금 지급의무를 이행하지 아니하면 할부계약을 해제할 수 있다. 이 경우 할부거래업자는 그 계약을 해제하기 전에 14일 이상의 기간을 정하여 소비자에게 이행할 것을 서면으로 최고(催告)하여야 한다.
② 할부거래업자 또는 소비자는 제1항에 따라 할부계약이 해제된 경우에는 상대방에게 원상회복(原狀回復)하여 줄 의무를 진다. 이 경우 상대방이 원상회복할 때까지 자기의 의무이행을 거절할 수 있다.
③ 할부거래업자는 재화등의 소유권이 할부거래업자에게 유보된 경우 그 할부계약을 해제하지 아니하고는 그 반환을 청구할 수 없다.","법령명: 할부거래에 관한 법률
조문: 제11조 (할부거래업자의 할부계약 해제)
내용: 제11조(할부거래업자의 할부계약 해제)
① 할부거래업자는 소비자가 할부금 지급의무를 이행하지 아니하면 할부계약을 해제할 수 있다. 이 경우 할부거래업자는 그 계약을 해제하기 전에 14일 이상의 기간을 정하여 소비자에게 이행할 것을 서면으로 최고(催告)하여야 한다.
② 할부거래업자 또는 소비자는 제1항에 따라 할부계약이 해제된 경우에는 상대방에게 원상회복(原狀回復)하여 줄 의무를 진다. 이 경우 상대방이 원상회복할 때까지 자기의 의무이행을 거절할 수 있다.
③ 할부거래업자는 재화등의 소유권이 할부거래업자에게 유보된 경우 그 할부계약을 해제하지 아니하고는 그 반환을 청구할 수 없다.",https://www.law.go.kr/법령/할부거래에 관한 법률
000355,할부거래에 관한 법률,법률,공정거래위원회,20270909,20260908,12,,할부거래업자 등의 손해배상 청구금액의 제한,제12조(할부거래업자 등의 손해배상 청구금액의 제한),"① 할부거래업자 또는 신용제공자가 할부금 지급의무를 이행하지 아니한 것을 이유로 소비자에게 청구하는 손해배상액은 지연된 할부금에 「이자제한법」에서 정한 이자의 최고한도의 범위에서 대통령령으로 정하는 이율을 곱하여 산정한 금액에 상당하는 지연손해금을 초과하지 못한다.
② 할부거래업자가 제11조제1항에 따라 할부계약을 해제한 경우에 소비자에게 청구하는 손해배상액은 다음 각 호의 어느 하나에 해당하는 금액과 제1항에 따른 지연손해금의 합계액을 초과하지 못한다.
1. 재화등의 반환 등 원상회복이 된 경우에는 통상적인 사용료와 계약 체결 및 그 이행을 위하여 통상 필요한 비용의 합계액. 다만, 할부가격에서 재화등이 반환된 당시의 가액을 공제한 금액이 그 사용료와 비용의 합계액을 초과하는 경우에는 그 공제한 금액
2. 재화등의 반환 등 원상회복이 되지 아니한 경우에는 할부가격에 상당한 금액. 다만, 용역이 제공된 경우에는 이미 제공된 용역의 대가 또는 그 용역에 의하여 얻어진 이익에 상당하는 금액
3. 재화등의 공급이 되기 전인 경우에는 계약체결 및 그 이행을 위하여 통상 필요한 금액
③ 할부거래업자 또는 신용제공자는 손해배상액의 예정, 위약금, 그 밖에 명칭ㆍ형식이 어떠하든 제1항 또는 제2항에 따른 금액을 초과하여 손해배상을 청구할 수 없다.
④ 할부거래업자 또는 신용제공자는 손해배상을 청구하는 경우 소비자의 손해가 최소화되도록 신의에 따라 성실히 하여야 한다.","제12조(할부거래업자 등의 손해배상 청구금액의 제한)
① 할부거래업자 또는 신용제공자가 할부금 지급의무를 이행하지 아니한 것을 이유로 소비자에게 청구하는 손해배상액은 지연된 할부금에 「이자제한법」에서 정한 이자의 최고한도의 범위에서 대통령령으로 정하는 이율을 곱하여 산정한 금액에 상당하는 지연손해금을 초과하지 못한다.
② 할부거래업자가 제11조제1항에 따라 할부계약을 해제한 경우에 소비자에게 청구하는 손해배상액은 다음 각 호의 어느 하나에 해당하는 금액과 제1항에 따른 지연손해금의 합계액을 초과하지 못한다.
1. 재화등의 반환 등 원상회복이 된 경우에는 통상적인 사용료와 계약 체결 및 그 이행을 위하여 통상 필요한 비용의 합계액. 다만, 할부가격에서 재화등이 반환된 당시의 가액을 공제한 금액이 그 사용료와 비용의 합계액을 초과하는 경우에는 그 공제한 금액
2. 재화등의 반환 등 원상회복이 되지 아니한 경우에는 할부가격에 상당한 금액. 다만, 용역이 제공된 경우에는 이미 제공된 용역의 대가 또는 그 용역에 의하여 얻어진 이익에 상당하는 금액
3. 재화등의 공급이 되기 전인 경우에는 계약체결 및 그 이행을 위하여 통상 필요한 금액
③ 할부거래업자 또는 신용제공자는 손해배상액의 예정, 위약금, 그 밖에 명칭ㆍ형식이 어떠하든 제1항 또는 제2항에 따른 금액을 초과하여 손해배상을 청구할 수 없다.
④ 할부거래업자 또는 신용제공자는 손해배상을 청구하는 경우 소비자의 손해가 최소화되도록 신의에 따라 성실히 하여야 한다.","법령명: 할부거래에 관한 법률
조문: 제12조 (할부거래업자 등의 손해배상 청구금액의 제한)
내용: 제12조(할부거래업자 등의 손해배상 청구금액의 제한)
① 할부거래업자 또는 신용제공자가 할부금 지급의무를 이행하지 아니한 것을 이유로 소비자에게 청구하는 손해배상액은 지연된 할부금에 「이자제한법」에서 정한 이자의 최고한도의 범위에서 대통령령으로 정하는 이율을 곱하여 산정한 금액에 상당하는 지연손해금을 초과하지 못한다.
② 할부거래업자가 제11조제1항에 따라 할부계약을 해제한 경우에 소비자에게 청구하는 손해배상액은 다음 각 호의 어느 하나에 해당하는 금액과 제1항에 따른 지연손해금의 합계액을 초과하지 못한다.
1. 재화등의 반환 등 원상회복이 된 경우에는 통상적인 사용료와 계약 체결 및 그 이행을 위하여 통상 필요한 비용의 합계액. 다만, 할부가격에서 재화등이 반환된 당시의 가액을 공제한 금액이 그 사용료와 비용의 합계액을 초과하는 경우에는 그 공제한 금액
2. 재화등의 반환 등 원상회복이 되지 아니한 경우에는 할부가격에 상당한 금액. 다만, 용역이 제공된 경우에는 이미 제공된 용역의 대가 또는 그 용역에 의하여 얻어진 이익에 상당하는 금액
3. 재화등의 공급이 되기 전인 경우에는 계약체결 및 그 이행을 위하여 통상 필요한 금액
③ 할부거래업자 또는 신용제공자는 손해배상액의 예정, 위약금, 그 밖에 명칭ㆍ형식이 어떠하든 제1항 또는 제2항에 따른 금액을 초과하여 손해배상을 청구할 수 없다.
④ 할부거래업자 또는 신용제공자는 손해배상을 청구하는 경우 소비자의 손해가 최소화되도록 신의에 따라 성실히 하여야 한다.",https://www.law.go.kr/법령/할부거래에 관한 법률
000355,할부거래에 관한 법률,법률,공정거래위원회,20270909,20260908,13,,소비자의 기한의 이익 상실,제13조(소비자의 기한의 이익 상실),"① 소비자는 다음 각 호의 어느 하나에 해당하는 경우에는 할부금의 지급에 대한 기한의 이익을 주장하지 못한다.
1. 할부금을 다음 지급기일까지 연속하여 2회 이상 지급하지 아니하고 그 지급하지 아니한 금액이 할부가격의 100분의 10을 초과하는 경우
2. 국내에서 할부금 채무이행 보증이 어려운 경우로서 대통령령으로 정하는 경우
② 할부거래업자 또는 신용제공자가 제1항에 따라 소비자로부터 한꺼번에 지급받을 금액은 나머지 할부금에서 나머지 기간에 대한 할부수수료를 공제한 금액으로 한다. 이 경우 할부수수료는 일단위로 계산한다.","제13조(소비자의 기한의 이익 상실)
① 소비자는 다음 각 호의 어느 하나에 해당하는 경우에는 할부금의 지급에 대한 기한의 이익을 주장하지 못한다.
1. 할부금을 다음 지급기일까지 연속하여 2회 이상 지급하지 아니하고 그 지급하지 아니한 금액이 할부가격의 100분의 10을 초과하는 경우
2. 국내에서 할부금 채무이행 보증이 어려운 경우로서 대통령령으로 정하는 경우
② 할부거래업자 또는 신용제공자가 제1항에 따라 소비자로부터 한꺼번에 지급받을 금액은 나머지 할부금에서 나머지 기간에 대한 할부수수료를 공제한 금액으로 한다. 이 경우 할부수수료는 일단위로 계산한다.","법령명: 할부거래에 관한 법률
조문: 제13조 (소비자의 기한의 이익 상실)
내용: 제13조(소비자의 기한의 이익 상실)
① 소비자는 다음 각 호의 어느 하나에 해당하는 경우에는 할부금의 지급에 대한 기한의 이익을 주장하지 못한다.
1. 할부금을 다음 지급기일까지 연속하여 2회 이상 지급하지 아니하고 그 지급하지 아니한 금액이 할부가격의 100분의 10을 초과하는 경우
2. 국내에서 할부금 채무이행 보증이 어려운 경우로서 대통령령으로 정하는 경우
② 할부거래업자 또는 신용제공자가 제1항에 따라 소비자로부터 한꺼번에 지급받을 금액은 나머지 할부금에서 나머지 기간에 대한 할부수수료를 공제한 금액으로 한다. 이 경우 할부수수료는 일단위로 계산한다.",https://www.law.go.kr/법령/할부거래에 관한 법률
000355,할부거래에 관한 법률,법률,공정거래위원회,20270909,20260908,14,,소비자의 기한 전 지급,제14조(소비자의 기한 전 지급),"① 소비자는 기한이 되기 전이라도 나머지 할부금을 한꺼번에 지급할 수 있다.
② 소비자가 제1항에 따라 할부거래업자 또는 신용제공자에게 지급하는 금액은 제13조제2항에 따른 금액으로 한다.","제14조(소비자의 기한 전 지급)
① 소비자는 기한이 되기 전이라도 나머지 할부금을 한꺼번에 지급할 수 있다.
② 소비자가 제1항에 따라 할부거래업자 또는 신용제공자에게 지급하는 금액은 제13조제2항에 따른 금액으로 한다.","법령명: 할부거래에 관한 법률
조문: 제14조 (소비자의 기한 전 지급)
내용: 제14조(소비자의 기한 전 지급)
① 소비자는 기한이 되기 전이라도 나머지 할부금을 한꺼번에 지급할 수 있다.
② 소비자가 제1항에 따라 할부거래업자 또는 신용제공자에게 지급하는 금액은 제13조제2항에 따른 금액으로 한다.",https://www.law.go.kr/법령/할부거래에 관한 법률
000355,할부거래에 관한 법률,법률,공정거래위원회,20270909,20260908,15,,할부대금채권의 소멸시효,제15조(할부대금채권의 소멸시효) 할부계약에 의한 할부대금채권은 3년간 행사하지 아니하면 소멸시효가 완성한다.,,제15조(할부대금채권의 소멸시효) 할부계약에 의한 할부대금채권은 3년간 행사하지 아니하면 소멸시효가 완성한다.,"법령명: 할부거래에 관한 법률
조문: 제15조 (할부대금채권의 소멸시효)
내용: 제15조(할부대금채권의 소멸시효) 할부계약에 의한 할부대금채권은 3년간 행사하지 아니하면 소멸시효가 완성한다.",https://www.law.go.kr/법령/할부거래에 관한 법률
000355,할부거래에 관한 법률,법률,공정거래위원회,20270909,20260908,16,,소비자의 항변권,제16조(소비자의 항변권),"① 소비자는 다음 각 호의 어느 하나에 해당하는 사유가 있는 경우에는 할부거래업자에게 그 할부금의 지급을 거절할 수 있다.
1. 할부계약이 불성립ㆍ무효인 경우
2. 할부계약이 취소ㆍ해제 또는 해지된 경우
3. 재화등의 전부 또는 일부가 제6조제1항제2호에 따른 재화등의 공급 시기까지 소비자에게 공급되지 아니한 경우
4. 할부거래업자가 하자담보책임을 이행하지 아니한 경우
5. 그 밖에 할부거래업자의 채무불이행으로 인하여 할부계약의 목적을 달성할 수 없는 경우
6. 다른 법률에 따라 정당하게 청약을 철회한 경우
② 소비자는 간접할부계약인 경우 제1항 각 호의 어느 하나에 해당하는 사유가 있으면 할부가격이 대통령령으로 정한 금액 이상인 경우에만 신용제공자에게 할부금의 지급을 거절하는 의사를 통지한 후 할부금의 지급을 거절할 수 있다.
③ 소비자가 제2항에 따라 신용제공자에게 지급을 거절할 수 있는 금액은 할부금의 지급을 거절한 당시에 소비자가 신용제공자에게 지급하지 아니한 나머지 할부금으로 한다.
④ 소비자가 제1항에 따른 항변권의 행사를 서면으로 하는 경우 그 효력은 서면을 발송한 날에 발생한다.
⑤ 할부거래업자 또는 신용제공자는 소비자의 항변을 서면으로 수령한 경우 지체 없이 그 항변권의 행사가 제1항에 해당하는지를 확인하여야 한다. 제1항에 해당하지 아니하는 경우 소비자의 항변을 수령한 날부터 다음 각 호의 어느 하나에 해당하는 영업일 이내에 서면으로 소비자의 항변을 수용할 수 없다는 의사(意思)와 항변권의 행사가 제1항 각 호의 어느 하나에 해당하지 아니한다는 사실을 소비자에게 서면으로 통지하여야 한다.
1. 할부거래업자는 5영업일
2. 신용제공자는 7영업일
⑥ 할부거래업자 또는 신용제공자가 제5항에 따른 통지를 하지 아니한 경우에는 소비자의 할부금 지급 거절의사를 수용한 것으로 본다.
⑦ 할부거래업자 또는 신용제공자는 제1항부터 제6항까지의 규정에 따라 소비자가 할부금의 지급을 거절한 경우 소비자와 분쟁이 발생하면 분쟁이 해결될 때까지 할부금 지급 거절을 이유로 해당 소비자를 약정한 기일 이내에 채무를 변제하지 아니한 자로 처리하는 등 소비자에게 불이익을 주는 행위를 하여서는 아니 된다.","제16조(소비자의 항변권)
① 소비자는 다음 각 호의 어느 하나에 해당하는 사유가 있는 경우에는 할부거래업자에게 그 할부금의 지급을 거절할 수 있다.
1. 할부계약이 불성립ㆍ무효인 경우
2. 할부계약이 취소ㆍ해제 또는 해지된 경우
3. 재화등의 전부 또는 일부가 제6조제1항제2호에 따른 재화등의 공급 시기까지 소비자에게 공급되지 아니한 경우
4. 할부거래업자가 하자담보책임을 이행하지 아니한 경우
5. 그 밖에 할부거래업자의 채무불이행으로 인하여 할부계약의 목적을 달성할 수 없는 경우
6. 다른 법률에 따라 정당하게 청약을 철회한 경우
② 소비자는 간접할부계약인 경우 제1항 각 호의 어느 하나에 해당하는 사유가 있으면 할부가격이 대통령령으로 정한 금액 이상인 경우에만 신용제공자에게 할부금의 지급을 거절하는 의사를 통지한 후 할부금의 지급을 거절할 수 있다.
③ 소비자가 제2항에 따라 신용제공자에게 지급을 거절할 수 있는 금액은 할부금의 지급을 거절한 당시에 소비자가 신용제공자에게 지급하지 아니한 나머지 할부금으로 한다.
④ 소비자가 제1항에 따른 항변권의 행사를 서면으로 하는 경우 그 효력은 서면을 발송한 날에 발생한다.
⑤ 할부거래업자 또는 신용제공자는 소비자의 항변을 서면으로 수령한 경우 지체 없이 그 항변권의 행사가 제1항에 해당하는지를 확인하여야 한다. 제1항에 해당하지 아니하는 경우 소비자의 항변을 수령한 날부터 다음 각 호의 어느 하나에 해당하는 영업일 이내에 서면으로 소비자의 항변을 수용할 수 없다는 의사(意思)와 항변권의 행사가 제1항 각 호의 어느 하나에 해당하지 아니한다는 사실을 소비자에게 서면으로 통지하여야 한다.
1. 할부거래업자는 5영업일
2. 신용제공자는 7영업일
⑥ 할부거래업자 또는 신용제공자가 제5항에 따른 통지를 하지 아니한 경우에는 소비자의 할부금 지급 거절의사를 수용한 것으로 본다.
⑦ 할부거래업자 또는 신용제공자는 제1항부터 제6항까지의 규정에 따라 소비자가 할부금의 지급을 거절한 경우 소비자와 분쟁이 발생하면 분쟁이 해결될 때까지 할부금 지급 거절을 이유로 해당 소비자를 약정한 기일 이내에 채무를 변제하지 아니한 자로 처리하는 등 소비자에게 불이익을 주는 행위를 하여서는 아니 된다.","법령명: 할부거래에 관한 법률
조문: 제16조 (소비자의 항변권)
내용: 제16조(소비자의 항변권)
① 소비자는 다음 각 호의 어느 하나에 해당하는 사유가 있는 경우에는 할부거래업자에게 그 할부금의 지급을 거절할 수 있다.
1. 할부계약이 불성립ㆍ무효인 경우
2. 할부계약이 취소ㆍ해제 또는 해지된 경우
3. 재화등의 전부 또는 일부가 제6조제1항제2호에 따른 재화등의 공급 시기까지 소비자에게 공급되지 아니한 경우
4. 할부거래업자가 하자담보책임을 이행하지 아니한 경우
5. 그 밖에 할부거래업자의 채무불이행으로 인하여 할부계약의 목적을 달성할 수 없는 경우
6. 다른 법률에 따라 정당하게 청약을 철회한 경우
② 소비자는 간접할부계약인 경우 제1항 각 호의 어느 하나에 해당하는 사유가 있으면 할부가격이 대통령령으로 정한 금액 이상인 경우에만 신용제공자에게 할부금의 지급을 거절하는 의사를 통지한 후 할부금의 지급을 거절할 수 있다.
③ 소비자가 제2항에 따라 신용제공자에게 지급을 거절할 수 있는 금액은 할부금의 지급을 거절한 당시에 소비자가 신용제공자에게 지급하지 아니한 나머지 할부금으로 한다.
④ 소비자가 제1항에 따른 항변권의 행사를 서면으로 하는 경우 그 효력은 서면을 발송한 날에 발생한다.
⑤ 할부거래업자 또는 신용제공자는 소비자의 항변을 서면으로 수령한 경우 지체 없이 그 항변권의 행사가 제1항에 해당하는지를 확인하여야 한다. 제1항에 해당하지 아니하는 경우 소비자의 항변을 수령한 날부터 다음 각 호의 어느 하나에 해당하는 영업일 이내에 서면으로 소비자의 항변을 수용할 수 없다는 의사(意思)와 항변권의 행사가 제1항 각 호의 어느 하나에 해당하지 아니한다는 사실을 소비자에게 서면으로 통지하여야 한다.
1. 할부거래업자는 5영업일
2. 신용제공자는 7영업일
⑥ 할부거래업자 또는 신용제공자가 제5항에 따른 통지를 하지 아니한 경우에는 소비자의 할부금 지급 거절의사를 수용한 것으로 본다.
⑦ 할부거래업자 또는 신용제공자는 제1항부터 제6항까지의 규정에 따라 소비자가 할부금의 지급을 거절한 경우 소비자와 분쟁이 발생하면 분쟁이 해결될 때까지 할부금 지급 거절을 이유로 해당 소비자를 약정한 기일 이내에 채무를 변제하지 아니한 자로 처리하는 등 소비자에게 불이익을 주는 행위를 하여서는 아니 된다.",https://www.law.go.kr/법령/할부거래에 관한 법률
000355,할부거래에 관한 법률,법률,공정거래위원회,20270909,20260908,17,,휴업기간 등에서의 청약의 철회에 관한 업무처리,제17조(휴업기간 등에서의 청약의 철회에 관한 업무처리) 할부거래업자 또는 신용제공자는 그 휴업기간 또는 영업정지기간 중에도 제10조에 따른 청약의 철회에 관한 업무를 계속하여야 한다.,,제17조(휴업기간 등에서의 청약의 철회에 관한 업무처리) 할부거래업자 또는 신용제공자는 그 휴업기간 또는 영업정지기간 중에도 제10조에 따른 청약의 철회에 관한 업무를 계속하여야 한다.,"법령명: 할부거래에 관한 법률
조문: 제17조 (휴업기간 등에서의 청약의 철회에 관한 업무처리)
내용: 제17조(휴업기간 등에서의 청약의 철회에 관한 업무처리) 할부거래업자 또는 신용제공자는 그 휴업기간 또는 영업정지기간 중에도 제10조에 따른 청약의 철회에 관한 업무를 계속하여야 한다.",https://www.law.go.kr/법령/할부거래에 관한 법률
000355,할부거래에 관한 법률,법률,공정거래위원회,20270909,20260908,18,,영업의 등록 등,제18조(영업의 등록 등),"① 선불식 할부거래업자는 대통령령으로 정하는 바에 따라 다음 각 호의 서류를 갖추어 특별시장ㆍ광역시장ㆍ특별자치시장ㆍ도지사 또는 특별자치도지사(이하 ""시ㆍ도지사""라 한다)에게 등록하여야 한다. <개정 2015.7.24>
1. 상호ㆍ주소ㆍ전화번호ㆍ전자우편주소(영업소 및 대리점을 포함한다)ㆍ대표자의 이름ㆍ주민등록번호ㆍ주소 등을 적은 신청서
2. 자본금이 15억원 이상임을 증명하는 서류
3. 제27조에 따른 소비자피해보상보험계약등의 체결 증명 서류
4. 그 밖에 선불식 할부거래업자의 신원을 확인하기 위하여 필요한 사항으로서 총리령으로 정하는 서류
② 제1항에 따라 선불식 할부거래업의 등록을 한 경우 시ㆍ도지사는 지체 없이 선불식 할부거래업 등록증을 교부하여야 한다.
③ 선불식 할부거래업자는 제1항에 따라 등록한 사항 중 같은 항 제1호부터 제3호까지의 사항이 변경된 경우에는 대통령령으로 정하는 바에 따라 시ㆍ도지사에게 신고하여야 한다.
④ 시ㆍ도지사는 제3항에 따른 변경신고를 받은 날부터 7일 이내에 신고수리 여부 또는 민원 처리 관련 법령에 따른 처리기간의 연장을 신고인에게 통지하여야 한다. <신설 2023.3.21>
⑤ 선불식 할부거래업자는 휴업 또는 폐업을 하거나 휴업 후 영업을 다시 시작할 때에는 대통령령으로 정하는 바에 따라 시ㆍ도지사에게 신고하여야 한다. 이 경우 시ㆍ도지사는 폐업신고를 받은 때에는 그 등록을 말소하여야 한다. 다만, 폐업신고 전 등록취소 요건에 해당되는 경우에는 폐업신고일에 등록이 취소된 것으로 본다. <개정 2023.3.21>
⑥ 공정거래위원회는 선불식 할부거래업자에 대한 다음 각 호의 사항을 대통령령으로 정하는 바에 따라 공개하여야 한다. 다만, 선불식 할부거래업자의 경영ㆍ영업상 비밀에 관한 사항으로서 공개될 경우 선불식 할부거래업자의 정당한 이익을 현저히 해칠 우려가 있다고 인정되는 사항과 개인에 관한 사항으로서 사생활의 비밀 또는 자유를 침해할 우려가 있다고 인정되는 사항에 대하여는 공개하지 아니한다. <개정 2023.3.21>
1. 제1항에 따라 등록한 사항 및 제3항에 따라 신고한 사항
2. 그 밖에 공정거래위원회가 공정거래질서 확립 및 소비자보호를 위하여 필요하다고 인정하여 총리령으로 정하는 사항
⑦ 공정거래위원회는 제6항에 따른 공개를 위하여 필요한 경우에는 선불식 할부거래업자에게 관련 자료의 제출을 요구할 수 있다. 이 경우 선불식 할부거래업자는 정당한 사유가 없으면 관련 자료를 제출하여야 한다. <개정 2023.3.21>","제18조(영업의 등록 등)
① 선불식 할부거래업자는 대통령령으로 정하는 바에 따라 다음 각 호의 서류를 갖추어 특별시장ㆍ광역시장ㆍ특별자치시장ㆍ도지사 또는 특별자치도지사(이하 ""시ㆍ도지사""라 한다)에게 등록하여야 한다. <개정 2015.7.24>
1. 상호ㆍ주소ㆍ전화번호ㆍ전자우편주소(영업소 및 대리점을 포함한다)ㆍ대표자의 이름ㆍ주민등록번호ㆍ주소 등을 적은 신청서
2. 자본금이 15억원 이상임을 증명하는 서류
3. 제27조에 따른 소비자피해보상보험계약등의 체결 증명 서류
4. 그 밖에 선불식 할부거래업자의 신원을 확인하기 위하여 필요한 사항으로서 총리령으로 정하는 서류
② 제1항에 따라 선불식 할부거래업의 등록을 한 경우 시ㆍ도지사는 지체 없이 선불식 할부거래업 등록증을 교부하여야 한다.
③ 선불식 할부거래업자는 제1항에 따라 등록한 사항 중 같은 항 제1호부터 제3호까지의 사항이 변경된 경우에는 대통령령으로 정하는 바에 따라 시ㆍ도지사에게 신고하여야 한다.
④ 시ㆍ도지사는 제3항에 따른 변경신고를 받은 날부터 7일 이내에 신고수리 여부 또는 민원 처리 관련 법령에 따른 처리기간의 연장을 신고인에게 통지하여야 한다. <신설 2023.3.21>
⑤ 선불식 할부거래업자는 휴업 또는 폐업을 하거나 휴업 후 영업을 다시 시작할 때에는 대통령령으로 정하는 바에 따라 시ㆍ도지사에게 신고하여야 한다. 이 경우 시ㆍ도지사는 폐업신고를 받은 때에는 그 등록을 말소하여야 한다. 다만, 폐업신고 전 등록취소 요건에 해당되는 경우에는 폐업신고일에 등록이 취소된 것으로 본다. <개정 2023.3.21>
⑥ 공정거래위원회는 선불식 할부거래업자에 대한 다음 각 호의 사항을 대통령령으로 정하는 바에 따라 공개하여야 한다. 다만, 선불식 할부거래업자의 경영ㆍ영업상 비밀에 관한 사항으로서 공개될 경우 선불식 할부거래업자의 정당한 이익을 현저히 해칠 우려가 있다고 인정되는 사항과 개인에 관한 사항으로서 사생활의 비밀 또는 자유를 침해할 우려가 있다고 인정되는 사항에 대하여는 공개하지 아니한다. <개정 2023.3.21>
1. 제1항에 따라 등록한 사항 및 제3항에 따라 신고한 사항
2. 그 밖에 공정거래위원회가 공정거래질서 확립 및 소비자보호를 위하여 필요하다고 인정하여 총리령으로 정하는 사항
⑦ 공정거래위원회는 제6항에 따른 공개를 위하여 필요한 경우에는 선불식 할부거래업자에게 관련 자료의 제출을 요구할 수 있다. 이 경우 선불식 할부거래업자는 정당한 사유가 없으면 관련 자료를 제출하여야 한다. <개정 2023.3.21>","법령명: 할부거래에 관한 법률
조문: 제18조 (영업의 등록 등)
내용: 제18조(영업의 등록 등)
① 선불식 할부거래업자는 대통령령으로 정하는 바에 따라 다음 각 호의 서류를 갖추어 특별시장ㆍ광역시장ㆍ특별자치시장ㆍ도지사 또는 특별자치도지사(이하 ""시ㆍ도지사""라 한다)에게 등록하여야 한다. <개정 2015.7.24>
1. 상호ㆍ주소ㆍ전화번호ㆍ전자우편주소(영업소 및 대리점을 포함한다)ㆍ대표자의 이름ㆍ주민등록번호ㆍ주소 등을 적은 신청서
2. 자본금이 15억원 이상임을 증명하는 서류
3. 제27조에 따른 소비자피해보상보험계약등의 체결 증명 서류
4. 그 밖에 선불식 할부거래업자의 신원을 확인하기 위하여 필요한 사항으로서 총리령으로 정하는 서류
② 제1항에 따라 선불식 할부거래업의 등록을 한 경우 시ㆍ도지사는 지체 없이 선불식 할부거래업 등록증을 교부하여야 한다.
③ 선불식 할부거래업자는 제1항에 따라 등록한 사항 중 같은 항 제1호부터 제3호까지의 사항이 변경된 경우에는 대통령령으로 정하는 바에 따라 시ㆍ도지사에게 신고하여야 한다.
④ 시ㆍ도지사는 제3항에 따른 변경신고를 받은 날부터 7일 이내에 신고수리 여부 또는 민원 처리 관련 법령에 따른 처리기간의 연장을 신고인에게 통지하여야 한다. <신설 2023.3.21>
⑤ 선불식 할부거래업자는 휴업 또는 폐업을 하거나 휴업 후 영업을 다시 시작할 때에는 대통령령으로 정하는 바에 따라 시ㆍ도지사에게 신고하여야 한다. 이 경우 시ㆍ도지사는 폐업신고를 받은 때에는 그 등록을 말소하여야 한다. 다만, 폐업신고 전 등록취소 요건에 해당되는 경우에는 폐업신고일에 등록이 취소된 것으로 본다. <개정 2023.3.21>
⑥ 공정거래위원회는 선불식 할부거래업자에 대한 다음 각 호의 사항을 대통령령으로 정하는 바에 따라 공개하여야 한다. 다만, 선불식 할부거래업자의 경영ㆍ영업상 비밀에 관한 사항으로서 공개될 경우 선불식 할부거래업자의 정당한 이익을 현저히 해칠 우려가 있다고 인정되는 사항과 개인에 관한 사항으로서 사생활의 비밀 또는 자유를 침해할 우려가 있다고 인정되는 사항에 대하여는 공개하지 아니한다. <개정 2023.3.21>
1. 제1항에 따라 등록한 사항 및 제3항에 따라 신고한 사항
2. 그 밖에 공정거래위원회가 공정거래질서 확립 및 소비자보호를 위하여 필요하다고 인정하여 총리령으로 정하는 사항
⑦ 공정거래위원회는 제6항에 따른 공개를 위하여 필요한 경우에는 선불식 할부거래업자에게 관련 자료의 제출을 요구할 수 있다. 이 경우 선불식 할부거래업자는 정당한 사유가 없으면 관련 자료를 제출하여야 한다. <개정 2023.3.21>",https://www.law.go.kr/법령/할부거래에 관한 법률
000355,할부거래에 관한 법률,법률,공정거래위원회,20270909,20260908,18,2,회계감사 보고서의 작성ㆍ제출 및 공개,제18조의2(회계감사 보고서의 작성ㆍ제출 및 공개),"① 선불식 할부거래업자는 매 회계연도가 종료한 후 3개월 이내에 대통령령으로 정하는 절차 및 방법에 따라 「주식회사 등의 외부감사에 관한 법률」 제2조제7호 및 제9조에 따른 감사인이 작성한 회계감사 보고서를 공정거래위원회에 제출하여야 한다. <개정 2017.10.31>
② 공정거래위원회와 선불식 할부거래업자는 제1항에 따른 회계감사 보고서를 대통령령으로 정하는 절차 및 방법에 따라 공시하여야 한다.
③ 제1항 및 제2항에서 규정한 사항 외에 회계감사 보고서의 작성ㆍ제출 및 공개에 필요한 사항은 대통령령으로 정한다. <신설 2026.9.8>","제18조의2(회계감사 보고서의 작성ㆍ제출 및 공개)
① 선불식 할부거래업자는 매 회계연도가 종료한 후 3개월 이내에 대통령령으로 정하는 절차 및 방법에 따라 「주식회사 등의 외부감사에 관한 법률」 제2조제7호 및 제9조에 따른 감사인이 작성한 회계감사 보고서를 공정거래위원회에 제출하여야 한다. <개정 2017.10.31>
② 공정거래위원회와 선불식 할부거래업자는 제1항에 따른 회계감사 보고서를 대통령령으로 정하는 절차 및 방법에 따라 공시하여야 한다.
③ 제1항 및 제2항에서 규정한 사항 외에 회계감사 보고서의 작성ㆍ제출 및 공개에 필요한 사항은 대통령령으로 정한다. <신설 2026.9.8>","법령명: 할부거래에 관한 법률
조문: 제18조의2 (회계감사 보고서의 작성ㆍ제출 및 공개)
내용: 제18조의2(회계감사 보고서의 작성ㆍ제출 및 공개)
① 선불식 할부거래업자는 매 회계연도가 종료한 후 3개월 이내에 대통령령으로 정하는 절차 및 방법에 따라 「주식회사 등의 외부감사에 관한 법률」 제2조제7호 및 제9조에 따른 감사인이 작성한 회계감사 보고서를 공정거래위원회에 제출하여야 한다. <개정 2017.10.31>
② 공정거래위원회와 선불식 할부거래업자는 제1항에 따른 회계감사 보고서를 대통령령으로 정하는 절차 및 방법에 따라 공시하여야 한다.
③ 제1항 및 제2항에서 규정한 사항 외에 회계감사 보고서의 작성ㆍ제출 및 공개에 필요한 사항은 대통령령으로 정한다. <신설 2026.9.8>",https://www.law.go.kr/법령/할부거래에 관한 법률
000355,할부거래에 관한 법률,법률,공정거래위원회,20270909,20260908,19,,자본금,제19조(자본금) 제18조에 따라 등록하려는 자는 「상법」 상 회사로서 자본금이 15억원 이상이어야 한다. <개정 2015.7.24>,,제19조(자본금) 제18조에 따라 등록하려는 자는 「상법」 상 회사로서 자본금이 15억원 이상이어야 한다. <개정 2015.7.24>,"법령명: 할부거래에 관한 법률
조문: 제19조 (자본금)
내용: 제19조(자본금) 제18조에 따라 등록하려는 자는 「상법」 상 회사로서 자본금이 15억원 이상이어야 한다. <개정 2015.7.24>",https://www.law.go.kr/법령/할부거래에 관한 법률
000355,할부거래에 관한 법률,법률,공정거래위원회,20270909,20260908,20,,결격사유,제20조(결격사유) 다음 각 호의 어느 하나에 해당하는 자는 제18조에 따른 등록을 할 수 없다. <개정 2015.7.24>,"1. 다음 각 목의 어느 하나에 해당하는 사람이 임원인 회사
가. 미성년자
나. 피한정후견인 또는 피성년후견인
다. 파산선고를 받고 복권되지 아니한 사람
라. 금고 이상의 실형을 선고받고 그 집행이 끝나거나(집행이 끝난 것으로 보는 경우를 포함한다) 집행이 면제된 날부터 5년이 지나지 아니한 사람
마. 금고 이상의 형의 집행유예를 선고받고 그 유예기간 중에 있는 사람
바. 이 법을 위반하여 벌금형을 선고받고 3년이 지나지 아니한 사람
2. 다음 각 목의 어느 하나에 해당하는 사람이 지배주주인 회사
가. 금고 이상의 실형을 선고받고 그 집행이 끝나거나(집행이 끝난 것으로 보는 경우를 포함한다) 집행이 면제된 날부터 5년이 지나지 아니한 사람
나. 금고 이상의 형의 집행유예를 선고받고 그 유예기간 중에 있는 사람
3. 제40조에 따라 등록이 취소된 후 5년이 지나지 아니한 회사
4. 제40조에 따른 등록취소 당시 임원 또는 지배주주였던 사람이 임원 또는 지배주주인 회사","제20조(결격사유) 다음 각 호의 어느 하나에 해당하는 자는 제18조에 따른 등록을 할 수 없다. <개정 2015.7.24>
1. 다음 각 목의 어느 하나에 해당하는 사람이 임원인 회사
가. 미성년자
나. 피한정후견인 또는 피성년후견인
다. 파산선고를 받고 복권되지 아니한 사람
라. 금고 이상의 실형을 선고받고 그 집행이 끝나거나(집행이 끝난 것으로 보는 경우를 포함한다) 집행이 면제된 날부터 5년이 지나지 아니한 사람
마. 금고 이상의 형의 집행유예를 선고받고 그 유예기간 중에 있는 사람
바. 이 법을 위반하여 벌금형을 선고받고 3년이 지나지 아니한 사람
2. 다음 각 목의 어느 하나에 해당하는 사람이 지배주주인 회사
가. 금고 이상의 실형을 선고받고 그 집행이 끝나거나(집행이 끝난 것으로 보는 경우를 포함한다) 집행이 면제된 날부터 5년이 지나지 아니한 사람
나. 금고 이상의 형의 집행유예를 선고받고 그 유예기간 중에 있는 사람
3. 제40조에 따라 등록이 취소된 후 5년이 지나지 아니한 회사
4. 제40조에 따른 등록취소 당시 임원 또는 지배주주였던 사람이 임원 또는 지배주주인 회사","법령명: 할부거래에 관한 법률
조문: 제20조 (결격사유)
내용: 제20조(결격사유) 다음 각 호의 어느 하나에 해당하는 자는 제18조에 따른 등록을 할 수 없다. <개정 2015.7.24>
1. 다음 각 목의 어느 하나에 해당하는 사람이 임원인 회사
가. 미성년자
나. 피한정후견인 또는 피성년후견인
다. 파산선고를 받고 복권되지 아니한 사람
라. 금고 이상의 실형을 선고받고 그 집행이 끝나거나(집행이 끝난 것으로 보는 경우를 포함한다) 집행이 면제된 날부터 5년이 지나지 아니한 사람
마. 금고 이상의 형의 집행유예를 선고받고 그 유예기간 중에 있는 사람
바. 이 법을 위반하여 벌금형을 선고받고 3년이 지나지 아니한 사람
2. 다음 각 목의 어느 하나에 해당하는 사람이 지배주주인 회사
가. 금고 이상의 실형을 선고받고 그 집행이 끝나거나(집행이 끝난 것으로 보는 경우를 포함한다) 집행이 면제된 날부터 5년이 지나지 아니한 사람
나. 금고 이상의 형의 집행유예를 선고받고 그 유예기간 중에 있는 사람
3. 제40조에 따라 등록이 취소된 후 5년이 지나지 아니한 회사
4. 제40조에 따른 등록취소 당시 임원 또는 지배주주였던 사람이 임원 또는 지배주주인 회사",https://www.law.go.kr/법령/할부거래에 관한 법률
000355,할부거래에 관한 법률,법률,공정거래위원회,20270909,20260908,21,,등록의 직권말소,제21조(등록의 직권말소) 제18조에 따라 등록한 선불식 할부거래업자가 파산선고를 받거나 관할 세무서에 폐업신고를 한 경우 또는 6개월을 초과하여 영업을 하지 아니하는 등 실질적으로 영업을 할 수 없다고 판단되는 경우에는 시ㆍ도지사는 그 등록을 직권으로 말소할 수 있다.,,제21조(등록의 직권말소) 제18조에 따라 등록한 선불식 할부거래업자가 파산선고를 받거나 관할 세무서에 폐업신고를 한 경우 또는 6개월을 초과하여 영업을 하지 아니하는 등 실질적으로 영업을 할 수 없다고 판단되는 경우에는 시ㆍ도지사는 그 등록을 직권으로 말소할 수 있다.,"법령명: 할부거래에 관한 법률
조문: 제21조 (등록의 직권말소)
내용: 제21조(등록의 직권말소) 제18조에 따라 등록한 선불식 할부거래업자가 파산선고를 받거나 관할 세무서에 폐업신고를 한 경우 또는 6개월을 초과하여 영업을 하지 아니하는 등 실질적으로 영업을 할 수 없다고 판단되는 경우에는 시ㆍ도지사는 그 등록을 직권으로 말소할 수 있다.",https://www.law.go.kr/법령/할부거래에 관한 법률
000355,할부거래에 관한 법률,법률,공정거래위원회,20270909,20260908,22,,지위의 승계,제22조(지위의 승계),"① 선불식 할부거래업자가 사업의 전부를 양도한 경우 또는 다른 회사와 합병하거나 회사를 분할한 경우 해당 사업의 전부를 양수한 회사, 합병 후 존속하는 회사, 합병에 따라 설립된 회사 또는 분할에 따라 해당 사업의 전부를 승계한 회사는 그 양도일, 합병일 또는 분할일부터 15일 이내에 대통령령으로 정하는 바에 따라 시ㆍ도지사에게 신고하여야 한다. <개정 2015.7.24, 2023.3.21>
② 합병, 분할 또는 사업의 전부를 양도하는 선불식 할부거래업자는 대통령령으로 정하는 날부터 14일 이내에 총리령으로 정하는 방법에 따라 다음 각 호의 사항을 공고하여야 한다. <신설 2015.7.24, 2023.3.21>
1. 다음 각 목의 어느 하나에 해당하는 회사의 상호, 주소 등 제18조제6항에 따른 정보공개 사항
가. 합병하는 회사, 합병 후 존속하는 회사 및 합병에 의하여 설립된 회사
나. 분할하는 회사 및 분할에 의하여 해당 사업의 전부를 승계한 회사
다. 사업의 전부를 양도하는 회사 및 양수하는 회사
2. 합병, 분할 또는 사업의 전부 양도를 통하여 이전되는 선불식 할부계약의 회원수 및 선수금 규모
3. 합병, 분할 또는 사업의 전부 양도의 내용 및 절차
4. 그 밖에 소비자의 권리를 보호하기 위하여 필요한 사항으로서 총리령으로 정하는 사항
③ 시ㆍ도지사는 제1항에 따른 신고를 한 회사가 제20조에 따른 결격사유에 해당하면 그 신고를 수리해서는 아니 된다. <개정 2023.3.21>
④ 시ㆍ도지사는 제1항에 따른 신고를 받은 날부터 7일 이내에 신고수리 여부 또는 민원 처리 관련 법령에 따른 처리기간의 연장을 신고인에게 통지하여야 한다. <신설 2023.3.21>
⑤ 제1항에 따른 신고를 한 회사는 그 신고가 수리된 경우 그 양도일, 합병일 또는 분할일부터 종전의 선불식 할부거래업자의 지위를 승계한다. <신설 2023.3.21>","제22조(지위의 승계)
① 선불식 할부거래업자가 사업의 전부를 양도한 경우 또는 다른 회사와 합병하거나 회사를 분할한 경우 해당 사업의 전부를 양수한 회사, 합병 후 존속하는 회사, 합병에 따라 설립된 회사 또는 분할에 따라 해당 사업의 전부를 승계한 회사는 그 양도일, 합병일 또는 분할일부터 15일 이내에 대통령령으로 정하는 바에 따라 시ㆍ도지사에게 신고하여야 한다. <개정 2015.7.24, 2023.3.21>
② 합병, 분할 또는 사업의 전부를 양도하는 선불식 할부거래업자는 대통령령으로 정하는 날부터 14일 이내에 총리령으로 정하는 방법에 따라 다음 각 호의 사항을 공고하여야 한다. <신설 2015.7.24, 2023.3.21>
1. 다음 각 목의 어느 하나에 해당하는 회사의 상호, 주소 등 제18조제6항에 따른 정보공개 사항
가. 합병하는 회사, 합병 후 존속하는 회사 및 합병에 의하여 설립된 회사
나. 분할하는 회사 및 분할에 의하여 해당 사업의 전부를 승계한 회사
다. 사업의 전부를 양도하는 회사 및 양수하는 회사
2. 합병, 분할 또는 사업의 전부 양도를 통하여 이전되는 선불식 할부계약의 회원수 및 선수금 규모
3. 합병, 분할 또는 사업의 전부 양도의 내용 및 절차
4. 그 밖에 소비자의 권리를 보호하기 위하여 필요한 사항으로서 총리령으로 정하는 사항
③ 시ㆍ도지사는 제1항에 따른 신고를 한 회사가 제20조에 따른 결격사유에 해당하면 그 신고를 수리해서는 아니 된다. <개정 2023.3.21>
④ 시ㆍ도지사는 제1항에 따른 신고를 받은 날부터 7일 이내에 신고수리 여부 또는 민원 처리 관련 법령에 따른 처리기간의 연장을 신고인에게 통지하여야 한다. <신설 2023.3.21>
⑤ 제1항에 따른 신고를 한 회사는 그 신고가 수리된 경우 그 양도일, 합병일 또는 분할일부터 종전의 선불식 할부거래업자의 지위를 승계한다. <신설 2023.3.21>","법령명: 할부거래에 관한 법률
조문: 제22조 (지위의 승계)
내용: 제22조(지위의 승계)
① 선불식 할부거래업자가 사업의 전부를 양도한 경우 또는 다른 회사와 합병하거나 회사를 분할한 경우 해당 사업의 전부를 양수한 회사, 합병 후 존속하는 회사, 합병에 따라 설립된 회사 또는 분할에 따라 해당 사업의 전부를 승계한 회사는 그 양도일, 합병일 또는 분할일부터 15일 이내에 대통령령으로 정하는 바에 따라 시ㆍ도지사에게 신고하여야 한다. <개정 2015.7.24, 2023.3.21>
② 합병, 분할 또는 사업의 전부를 양도하는 선불식 할부거래업자는 대통령령으로 정하는 날부터 14일 이내에 총리령으로 정하는 방법에 따라 다음 각 호의 사항을 공고하여야 한다. <신설 2015.7.24, 2023.3.21>
1. 다음 각 목의 어느 하나에 해당하는 회사의 상호, 주소 등 제18조제6항에 따른 정보공개 사항
가. 합병하는 회사, 합병 후 존속하는 회사 및 합병에 의하여 설립된 회사
나. 분할하는 회사 및 분할에 의하여 해당 사업의 전부를 승계한 회사
다. 사업의 전부를 양도하는 회사 및 양수하는 회사
2. 합병, 분할 또는 사업의 전부 양도를 통하여 이전되는 선불식 할부계약의 회원수 및 선수금 규모
3. 합병, 분할 또는 사업의 전부 양도의 내용 및 절차
4. 그 밖에 소비자의 권리를 보호하기 위하여 필요한 사항으로서 총리령으로 정하는 사항
③ 시ㆍ도지사는 제1항에 따른 신고를 한 회사가 제20조에 따른 결격사유에 해당하면 그 신고를 수리해서는 아니 된다. <개정 2023.3.21>
④ 시ㆍ도지사는 제1항에 따른 신고를 받은 날부터 7일 이내에 신고수리 여부 또는 민원 처리 관련 법령에 따른 처리기간의 연장을 신고인에게 통지하여야 한다. <신설 2023.3.21>
⑤ 제1항에 따른 신고를 한 회사는 그 신고가 수리된 경우 그 양도일, 합병일 또는 분할일부터 종전의 선불식 할부거래업자의 지위를 승계한다. <신설 2023.3.21>",https://www.law.go.kr/법령/할부거래에 관한 법률
000355,할부거래에 관한 법률,법률,공정거래위원회,20270909,20260908,22,2,선불식 할부계약의 이전,제22조의2(선불식 할부계약의 이전),"① 선불식 할부계약을 이전하는 선불식 할부거래업자(이하 ""이전하는 선불식 할부거래업자""라 한다)는 선불식 할부계약의 이전계약(이하 ""이전계약""이라 한다)을 체결한 날부터 14일 이내에 총리령으로 정하는 방법에 따라 다음 각 호의 사항을 공고하여야 한다. <개정 2023.3.21>
1. 이전하는 선불식 할부거래업자 및 선불식 할부계약을 이전받은 선불식 할부거래업자(이하 ""이전받은 선불식 할부거래업자""라 한다)의 상호ㆍ주소 등 제18조제6항에 따른 정보공개 사항
2. 이전하는 선불식 할부계약의 회원수 및 선수금 규모
3. 이전계약의 내용 및 절차
4. 그 밖에 소비자의 권리를 보호하기 위하여 필요한 사항으로서 총리령으로 정하는 사항
② 이전하는 선불식 할부거래업자는 이전계약을 체결한 날부터 30일 이내에 선불식 할부계약을 체결한 소비자가 이전계약의 내용을 이해할 수 있도록 총리령으로 정하는 방법에 따라 다음 각 호의 사항을 설명하고, 설명한 날부터 7일 이내에 소비자로부터 이전계약에 대한 동의를 받아야 한다. 다만, 해당 기간 내에 이전계약에 부동의 의사를 표시하지 아니한 소비자는 이전계약에 동의를 한 것으로 본다.
1. 제1항 각 호의 사항
2. 소비자가 7일 이내에 이전계약에 부동의 의사표시가 없는 경우 이전계약에 동의한 것으로 본다는 내용
③ 이전하는 선불식 할부거래업자는 소비자로부터 제2항 본문에 따라 설명한 내용을 이해하고 동의하였다는 사실을 서명, 기명날인, 녹취 또는 그 밖에 대통령령으로 정하는 방법으로 확인받아야 한다. 다만, 제2항 단서에 해당하는 경우에는 연락시간, 연락방법, 연락횟수 등을 기재하는 등 총리령으로 정하는 방법에 따라 해당 소비자에게 제2항 본문에 따른 설명 등을 이행하였다는 사실을 확인할 수 있도록 하여야 한다.
④ 이전하는 선불식 할부거래업자가 가진 선불식 할부계약에 관한 권리와 의무는 그 계약을 이전받은 선불식 할부거래업자가 승계한다. 이전계약에서 이전하기로 한 자산에 관하여도 또한 같다.
⑤ 이전계약을 체결하는 경우 대통령령으로 정하는 선불식 할부계약과 관련된 자산은 이전하는 선불식 할부거래업자와 이전받은 선불식 할부거래업자에게 다음 각 호의 기준에 따라 배분하여 귀속한다.
1. 이전하는 선불식 할부거래업자: 선불식 할부계약을 체결한 소비자가 납입한 총선수금에서 선불식 할부계약의 이전에 동의하지 아니하는 소비자가 납입한 선수금이 차지하는 비율로 배분한 금액
2. 이전받은 선불식 할부거래업자: 선불식 할부계약을 체결한 소비자가 납입한 총선수금에서 선불식 할부계약 이전에 동의하는 소비자가 납입한 선수금이 차지하는 비율로 배분한 금액
⑥ 이전하는 선불식 할부거래업자와 이전받은 선불식 할부거래업자는 제3항에 따라 확인받은 자료를 소비자에게 설명하고 동의를 받도록 한 제2항 본문의 기간이 경과한 날(이하 ""동의기간 경과일""이라 한다)부터 5년간 보존하여야 한다.
⑦ 이전받은 선불식 할부거래업자는 동의기간 경과일부터 2개월 이내에 대통령령으로 정하는 방법에 따라 이전계약을 증명하는 서류를 첨부하여 시ㆍ도지사에게 신고하여야 한다.
⑧ 시ㆍ도지사는 제7항에 따른 이전계약 신고를 받은 날부터 5일 이내에 신고수리 여부 또는 민원 처리 관련 법령에 따른 처리기간의 연장을 신고인에게 통지하여야 한다. <신설 2023.3.21>","제22조의2(선불식 할부계약의 이전)
① 선불식 할부계약을 이전하는 선불식 할부거래업자(이하 ""이전하는 선불식 할부거래업자""라 한다)는 선불식 할부계약의 이전계약(이하 ""이전계약""이라 한다)을 체결한 날부터 14일 이내에 총리령으로 정하는 방법에 따라 다음 각 호의 사항을 공고하여야 한다. <개정 2023.3.21>
1. 이전하는 선불식 할부거래업자 및 선불식 할부계약을 이전받은 선불식 할부거래업자(이하 ""이전받은 선불식 할부거래업자""라 한다)의 상호ㆍ주소 등 제18조제6항에 따른 정보공개 사항
2. 이전하는 선불식 할부계약의 회원수 및 선수금 규모
3. 이전계약의 내용 및 절차
4. 그 밖에 소비자의 권리를 보호하기 위하여 필요한 사항으로서 총리령으로 정하는 사항
② 이전하는 선불식 할부거래업자는 이전계약을 체결한 날부터 30일 이내에 선불식 할부계약을 체결한 소비자가 이전계약의 내용을 이해할 수 있도록 총리령으로 정하는 방법에 따라 다음 각 호의 사항을 설명하고, 설명한 날부터 7일 이내에 소비자로부터 이전계약에 대한 동의를 받아야 한다. 다만, 해당 기간 내에 이전계약에 부동의 의사를 표시하지 아니한 소비자는 이전계약에 동의를 한 것으로 본다.
1. 제1항 각 호의 사항
2. 소비자가 7일 이내에 이전계약에 부동의 의사표시가 없는 경우 이전계약에 동의한 것으로 본다는 내용
③ 이전하는 선불식 할부거래업자는 소비자로부터 제2항 본문에 따라 설명한 내용을 이해하고 동의하였다는 사실을 서명, 기명날인, 녹취 또는 그 밖에 대통령령으로 정하는 방법으로 확인받아야 한다. 다만, 제2항 단서에 해당하는 경우에는 연락시간, 연락방법, 연락횟수 등을 기재하는 등 총리령으로 정하는 방법에 따라 해당 소비자에게 제2항 본문에 따른 설명 등을 이행하였다는 사실을 확인할 수 있도록 하여야 한다.
④ 이전하는 선불식 할부거래업자가 가진 선불식 할부계약에 관한 권리와 의무는 그 계약을 이전받은 선불식 할부거래업자가 승계한다. 이전계약에서 이전하기로 한 자산에 관하여도 또한 같다.
⑤ 이전계약을 체결하는 경우 대통령령으로 정하는 선불식 할부계약과 관련된 자산은 이전하는 선불식 할부거래업자와 이전받은 선불식 할부거래업자에게 다음 각 호의 기준에 따라 배분하여 귀속한다.
1. 이전하는 선불식 할부거래업자: 선불식 할부계약을 체결한 소비자가 납입한 총선수금에서 선불식 할부계약의 이전에 동의하지 아니하는 소비자가 납입한 선수금이 차지하는 비율로 배분한 금액
2. 이전받은 선불식 할부거래업자: 선불식 할부계약을 체결한 소비자가 납입한 총선수금에서 선불식 할부계약 이전에 동의하는 소비자가 납입한 선수금이 차지하는 비율로 배분한 금액
⑥ 이전하는 선불식 할부거래업자와 이전받은 선불식 할부거래업자는 제3항에 따라 확인받은 자료를 소비자에게 설명하고 동의를 받도록 한 제2항 본문의 기간이 경과한 날(이하 ""동의기간 경과일""이라 한다)부터 5년간 보존하여야 한다.
⑦ 이전받은 선불식 할부거래업자는 동의기간 경과일부터 2개월 이내에 대통령령으로 정하는 방법에 따라 이전계약을 증명하는 서류를 첨부하여 시ㆍ도지사에게 신고하여야 한다.
⑧ 시ㆍ도지사는 제7항에 따른 이전계약 신고를 받은 날부터 5일 이내에 신고수리 여부 또는 민원 처리 관련 법령에 따른 처리기간의 연장을 신고인에게 통지하여야 한다. <신설 2023.3.21>","법령명: 할부거래에 관한 법률
조문: 제22조의2 (선불식 할부계약의 이전)
내용: 제22조의2(선불식 할부계약의 이전)
① 선불식 할부계약을 이전하는 선불식 할부거래업자(이하 ""이전하는 선불식 할부거래업자""라 한다)는 선불식 할부계약의 이전계약(이하 ""이전계약""이라 한다)을 체결한 날부터 14일 이내에 총리령으로 정하는 방법에 따라 다음 각 호의 사항을 공고하여야 한다. <개정 2023.3.21>
1. 이전하는 선불식 할부거래업자 및 선불식 할부계약을 이전받은 선불식 할부거래업자(이하 ""이전받은 선불식 할부거래업자""라 한다)의 상호ㆍ주소 등 제18조제6항에 따른 정보공개 사항
2. 이전하는 선불식 할부계약의 회원수 및 선수금 규모
3. 이전계약의 내용 및 절차
4. 그 밖에 소비자의 권리를 보호하기 위하여 필요한 사항으로서 총리령으로 정하는 사항
② 이전하는 선불식 할부거래업자는 이전계약을 체결한 날부터 30일 이내에 선불식 할부계약을 체결한 소비자가 이전계약의 내용을 이해할 수 있도록 총리령으로 정하는 방법에 따라 다음 각 호의 사항을 설명하고, 설명한 날부터 7일 이내에 소비자로부터 이전계약에 대한 동의를 받아야 한다. 다만, 해당 기간 내에 이전계약에 부동의 의사를 표시하지 아니한 소비자는 이전계약에 동의를 한 것으로 본다.
1. 제1항 각 호의 사항
2. 소비자가 7일 이내에 이전계약에 부동의 의사표시가 없는 경우 이전계약에 동의한 것으로 본다는 내용
③ 이전하는 선불식 할부거래업자는 소비자로부터 제2항 본문에 따라 설명한 내용을 이해하고 동의하였다는 사실을 서명, 기명날인, 녹취 또는 그 밖에 대통령령으로 정하는 방법으로 확인받아야 한다. 다만, 제2항 단서에 해당하는 경우에는 연락시간, 연락방법, 연락횟수 등을 기재하는 등 총리령으로 정하는 방법에 따라 해당 소비자에게 제2항 본문에 따른 설명 등을 이행하였다는 사실을 확인할 수 있도록 하여야 한다.
④ 이전하는 선불식 할부거래업자가 가진 선불식 할부계약에 관한 권리와 의무는 그 계약을 이전받은 선불식 할부거래업자가 승계한다. 이전계약에서 이전하기로 한 자산에 관하여도 또한 같다.
⑤ 이전계약을 체결하는 경우 대통령령으로 정하는 선불식 할부계약과 관련된 자산은 이전하는 선불식 할부거래업자와 이전받은 선불식 할부거래업자에게 다음 각 호의 기준에 따라 배분하여 귀속한다.
1. 이전하는 선불식 할부거래업자: 선불식 할부계약을 체결한 소비자가 납입한 총선수금에서 선불식 할부계약의 이전에 동의하지 아니하는 소비자가 납입한 선수금이 차지하는 비율로 배분한 금액
2. 이전받은 선불식 할부거래업자: 선불식 할부계약을 체결한 소비자가 납입한 총선수금에서 선불식 할부계약 이전에 동의하는 소비자가 납입한 선수금이 차지하는 비율로 배분한 금액
⑥ 이전하는 선불식 할부거래업자와 이전받은 선불식 할부거래업자는 제3항에 따라 확인받은 자료를 소비자에게 설명하고 동의를 받도록 한 제2항 본문의 기간이 경과한 날(이하 ""동의기간 경과일""이라 한다)부터 5년간 보존하여야 한다.
⑦ 이전받은 선불식 할부거래업자는 동의기간 경과일부터 2개월 이내에 대통령령으로 정하는 방법에 따라 이전계약을 증명하는 서류를 첨부하여 시ㆍ도지사에게 신고하여야 한다.
⑧ 시ㆍ도지사는 제7항에 따른 이전계약 신고를 받은 날부터 5일 이내에 신고수리 여부 또는 민원 처리 관련 법령에 따른 처리기간의 연장을 신고인에게 통지하여야 한다. <신설 2023.3.21>",https://www.law.go.kr/법령/할부거래에 관한 법률
000355,할부거래에 관한 법률,법률,공정거래위원회,20270909,20260908,23,,계약체결 전의 정보 제공 및 계약체결에 따른 계약서 발급,제23조(계약체결 전의 정보 제공 및 계약체결에 따른 계약서 발급),"① 선불식 할부거래업자 또는 모집인(이하 ""선불식 할부거래업자등""이라 한다)은 선불식 할부계약을 체결하기 전에 소비자가 계약의 내용을 이해할 수 있도록 다음 각 호의 사항을 설명하여야 한다. <개정 2015.7.24>
1. 선불식 할부거래업자 및 모집인의 상호(모집인이 자연인인 경우는 성명을 말한다)ㆍ주소ㆍ전화번호ㆍ전자우편주소ㆍ대표자의 이름
2. 재화등의 종류 및 내용
3. 재화등의 가격과 그 지급의 방법 및 시기
4. 재화등을 공급하는 방법 및 시기
5. 계약금
6. 청약의 철회 및 계약 해제의 기한ㆍ행사방법ㆍ효과에 관한 사항 및 청약의 철회 및 계약 해제의 권리 행사에 필요한 서식으로서 총리령으로 정하는 것
7. 재화등에 대한 불만 및 소비자와 사업자 사이의 분쟁 처리에 관한 사항
8. 소비자피해보상에 관한 사항으로 제27조제1항에 따른 소비자피해보상보험계약등의 계약기간, 소비자피해보상금 및 같은 조 제4항에 따른 지급의무자 등 대통령령으로 정하는 사항
9. 선불식 할부계약을 체결한 날이 속하는 달의 전월 말일까지 선불식 할부거래업자가 받은 총선수금 중 제27조제2항에 따라 보전하고 있는 총보전금액 비율
10. 선불식 할부거래에 관한 약관
11. 그 밖에 소비자의 구매 여부 판단에 영향을 주는 거래조건 또는 소비자의 피해구제에 필요한 사항으로서 대통령령으로 정하는 사항
② 선불식 할부거래업자등은 제1항에 따라 설명한 내용을 소비자가 이해하였다는 사실을 서명, 기명날인, 녹취 또는 그 밖에 대통령령으로 정하는 방법으로 소비자에게 확인받아야 한다. <신설 2015.7.24>
③ 선불식 할부거래업자는 선불식 할부계약을 체결할 경우에는 제1항 각 호의 사항을 적은 계약서를 소비자에게 발급하여야 한다. <개정 2015.7.24>
④ 제1항, 제2항 및 제3항은 제22조의2에 따라 이전받은 선불식 할부거래업자에게도 적용한다. 이 경우 이전받은 선불식 할부거래업자는 동의기간 경과일부터 30일 이내에 소비자에게 제1항 각 호의 사항을 설명하고, 계약서를 발급하여야 한다. <신설 2015.7.24>
⑤ 선불식 할부거래업자는 제1항 각 호의 사항 중 소비자보호를 위하여 필요한 사항으로서 대통령령으로 정하는 사항이 변경되는 경우에는 그 변경된 내용을 소비자에게 서면 또는 그 밖에 대통령령으로 정하는 방법에 따라 알려야 한다. <신설 2015.7.24>","제23조(계약체결 전의 정보 제공 및 계약체결에 따른 계약서 발급)
① 선불식 할부거래업자 또는 모집인(이하 ""선불식 할부거래업자등""이라 한다)은 선불식 할부계약을 체결하기 전에 소비자가 계약의 내용을 이해할 수 있도록 다음 각 호의 사항을 설명하여야 한다. <개정 2015.7.24>
1. 선불식 할부거래업자 및 모집인의 상호(모집인이 자연인인 경우는 성명을 말한다)ㆍ주소ㆍ전화번호ㆍ전자우편주소ㆍ대표자의 이름
2. 재화등의 종류 및 내용
3. 재화등의 가격과 그 지급의 방법 및 시기
4. 재화등을 공급하는 방법 및 시기
5. 계약금
6. 청약의 철회 및 계약 해제의 기한ㆍ행사방법ㆍ효과에 관한 사항 및 청약의 철회 및 계약 해제의 권리 행사에 필요한 서식으로서 총리령으로 정하는 것
7. 재화등에 대한 불만 및 소비자와 사업자 사이의 분쟁 처리에 관한 사항
8. 소비자피해보상에 관한 사항으로 제27조제1항에 따른 소비자피해보상보험계약등의 계약기간, 소비자피해보상금 및 같은 조 제4항에 따른 지급의무자 등 대통령령으로 정하는 사항
9. 선불식 할부계약을 체결한 날이 속하는 달의 전월 말일까지 선불식 할부거래업자가 받은 총선수금 중 제27조제2항에 따라 보전하고 있는 총보전금액 비율
10. 선불식 할부거래에 관한 약관
11. 그 밖에 소비자의 구매 여부 판단에 영향을 주는 거래조건 또는 소비자의 피해구제에 필요한 사항으로서 대통령령으로 정하는 사항
② 선불식 할부거래업자등은 제1항에 따라 설명한 내용을 소비자가 이해하였다는 사실을 서명, 기명날인, 녹취 또는 그 밖에 대통령령으로 정하는 방법으로 소비자에게 확인받아야 한다. <신설 2015.7.24>
③ 선불식 할부거래업자는 선불식 할부계약을 체결할 경우에는 제1항 각 호의 사항을 적은 계약서를 소비자에게 발급하여야 한다. <개정 2015.7.24>
④ 제1항, 제2항 및 제3항은 제22조의2에 따라 이전받은 선불식 할부거래업자에게도 적용한다. 이 경우 이전받은 선불식 할부거래업자는 동의기간 경과일부터 30일 이내에 소비자에게 제1항 각 호의 사항을 설명하고, 계약서를 발급하여야 한다. <신설 2015.7.24>
⑤ 선불식 할부거래업자는 제1항 각 호의 사항 중 소비자보호를 위하여 필요한 사항으로서 대통령령으로 정하는 사항이 변경되는 경우에는 그 변경된 내용을 소비자에게 서면 또는 그 밖에 대통령령으로 정하는 방법에 따라 알려야 한다. <신설 2015.7.24>","법령명: 할부거래에 관한 법률
조문: 제23조 (계약체결 전의 정보 제공 및 계약체결에 따른 계약서 발급)
내용: 제23조(계약체결 전의 정보 제공 및 계약체결에 따른 계약서 발급)
① 선불식 할부거래업자 또는 모집인(이하 ""선불식 할부거래업자등""이라 한다)은 선불식 할부계약을 체결하기 전에 소비자가 계약의 내용을 이해할 수 있도록 다음 각 호의 사항을 설명하여야 한다. <개정 2015.7.24>
1. 선불식 할부거래업자 및 모집인의 상호(모집인이 자연인인 경우는 성명을 말한다)ㆍ주소ㆍ전화번호ㆍ전자우편주소ㆍ대표자의 이름
2. 재화등의 종류 및 내용
3. 재화등의 가격과 그 지급의 방법 및 시기
4. 재화등을 공급하는 방법 및 시기
5. 계약금
6. 청약의 철회 및 계약 해제의 기한ㆍ행사방법ㆍ효과에 관한 사항 및 청약의 철회 및 계약 해제의 권리 행사에 필요한 서식으로서 총리령으로 정하는 것
7. 재화등에 대한 불만 및 소비자와 사업자 사이의 분쟁 처리에 관한 사항
8. 소비자피해보상에 관한 사항으로 제27조제1항에 따른 소비자피해보상보험계약등의 계약기간, 소비자피해보상금 및 같은 조 제4항에 따른 지급의무자 등 대통령령으로 정하는 사항
9. 선불식 할부계약을 체결한 날이 속하는 달의 전월 말일까지 선불식 할부거래업자가 받은 총선수금 중 제27조제2항에 따라 보전하고 있는 총보전금액 비율
10. 선불식 할부거래에 관한 약관
11. 그 밖에 소비자의 구매 여부 판단에 영향을 주는 거래조건 또는 소비자의 피해구제에 필요한 사항으로서 대통령령으로 정하는 사항
② 선불식 할부거래업자등은 제1항에 따라 설명한 내용을 소비자가 이해하였다는 사실을 서명, 기명날인, 녹취 또는 그 밖에 대통령령으로 정하는 방법으로 소비자에게 확인받아야 한다. <신설 2015.7.24>
③ 선불식 할부거래업자는 선불식 할부계약을 체결할 경우에는 제1항 각 호의 사항을 적은 계약서를 소비자에게 발급하여야 한다. <개정 2015.7.24>
④ 제1항, 제2항 및 제3항은 제22조의2에 따라 이전받은 선불식 할부거래업자에게도 적용한다. 이 경우 이전받은 선불식 할부거래업자는 동의기간 경과일부터 30일 이내에 소비자에게 제1항 각 호의 사항을 설명하고, 계약서를 발급하여야 한다. <신설 2015.7.24>
⑤ 선불식 할부거래업자는 제1항 각 호의 사항 중 소비자보호를 위하여 필요한 사항으로서 대통령령으로 정하는 사항이 변경되는 경우에는 그 변경된 내용을 소비자에게 서면 또는 그 밖에 대통령령으로 정하는 방법에 따라 알려야 한다. <신설 2015.7.24>",https://www.law.go.kr/법령/할부거래에 관한 법률
000355,할부거래에 관한 법률,법률,공정거래위원회,20270909,20260908,24,,소비자의 청약의 철회,제24조(소비자의 청약의 철회),"① 소비자는 다음 각 호의 기간(거래당사자가 다음 각 호의 기간보다 긴 기간으로 약정한 경우에는 그 기간을 말한다) 이내에 선불식 할부계약에 관한 청약을 철회할 수 있다. <개정 2015.7.24>
1. 제23조제3항에 따른 계약서를 받은 날부터 14일
2. 다음 각 목의 어느 하나에 해당하는 경우에는 그 주소를 안 날 또는 알 수 있었던 날 등 청약을 철회할 수 있는 날부터 14일
가. 선불식 할부거래업자의 주소 등이 적혀 있지 아니한 계약서를 받은 경우
나. 선불식 할부거래업자의 주소 변경 등의 사유로 제1호의 기간 이내에 청약을 철회할 수 없는 경우
3. 제23조제3항에 따른 계약서에 청약의 철회에 관한 사항이 적혀 있지 아니한 경우에는 청약을 철회할 수 있음을 안 날 또는 알 수 있었던 날부터 14일
4. 선불식 할부거래업자가 청약의 철회를 방해한 경우에는 그 방해행위가 종료한 날부터 14일
5. 제23조제3항에 따른 계약서를 받지 아니한 경우에는 계약일부터 3개월
② 소비자가 제1항에 따라 청약을 철회할 경우 제1항에 따른 기간 이내에 선불식 할부거래업자에게 청약을 철회하는 의사표시가 적힌 서면을 발송하여야 한다.
③ 제1항에 따른 청약의 철회는 제2항에 따라 서면을 발송한 날에 그 효력이 발생한다.
④ 제1항을 적용함에 있어서 계약서의 발급사실과 그 시기 등에 관하여 다툼이 있는 경우에는 선불식 할부거래업자가 이를 입증하여야 한다.
⑤ 소비자가 제1항에 따라 청약을 철회한 경우 선불식 할부거래업자는 제2항에 따른 청약철회의 서면을 접수한 날부터 3영업일 이내에 이미 지급받은 계약금 및 할부금을 환급하여야 한다. 이 경우 선불식 할부거래업자가 환급을 지연한 때에는 그 지연기간에 따라 지연배상금을 함께 환급하여야 한다.","제24조(소비자의 청약의 철회)
① 소비자는 다음 각 호의 기간(거래당사자가 다음 각 호의 기간보다 긴 기간으로 약정한 경우에는 그 기간을 말한다) 이내에 선불식 할부계약에 관한 청약을 철회할 수 있다. <개정 2015.7.24>
1. 제23조제3항에 따른 계약서를 받은 날부터 14일
2. 다음 각 목의 어느 하나에 해당하는 경우에는 그 주소를 안 날 또는 알 수 있었던 날 등 청약을 철회할 수 있는 날부터 14일
가. 선불식 할부거래업자의 주소 등이 적혀 있지 아니한 계약서를 받은 경우
나. 선불식 할부거래업자의 주소 변경 등의 사유로 제1호의 기간 이내에 청약을 철회할 수 없는 경우
3. 제23조제3항에 따른 계약서에 청약의 철회에 관한 사항이 적혀 있지 아니한 경우에는 청약을 철회할 수 있음을 안 날 또는 알 수 있었던 날부터 14일
4. 선불식 할부거래업자가 청약의 철회를 방해한 경우에는 그 방해행위가 종료한 날부터 14일
5. 제23조제3항에 따른 계약서를 받지 아니한 경우에는 계약일부터 3개월
② 소비자가 제1항에 따라 청약을 철회할 경우 제1항에 따른 기간 이내에 선불식 할부거래업자에게 청약을 철회하는 의사표시가 적힌 서면을 발송하여야 한다.
③ 제1항에 따른 청약의 철회는 제2항에 따라 서면을 발송한 날에 그 효력이 발생한다.
④ 제1항을 적용함에 있어서 계약서의 발급사실과 그 시기 등에 관하여 다툼이 있는 경우에는 선불식 할부거래업자가 이를 입증하여야 한다.
⑤ 소비자가 제1항에 따라 청약을 철회한 경우 선불식 할부거래업자는 제2항에 따른 청약철회의 서면을 접수한 날부터 3영업일 이내에 이미 지급받은 계약금 및 할부금을 환급하여야 한다. 이 경우 선불식 할부거래업자가 환급을 지연한 때에는 그 지연기간에 따라 지연배상금을 함께 환급하여야 한다.","법령명: 할부거래에 관한 법률
조문: 제24조 (소비자의 청약의 철회)
내용: 제24조(소비자의 청약의 철회)
① 소비자는 다음 각 호의 기간(거래당사자가 다음 각 호의 기간보다 긴 기간으로 약정한 경우에는 그 기간을 말한다) 이내에 선불식 할부계약에 관한 청약을 철회할 수 있다. <개정 2015.7.24>
1. 제23조제3항에 따른 계약서를 받은 날부터 14일
2. 다음 각 목의 어느 하나에 해당하는 경우에는 그 주소를 안 날 또는 알 수 있었던 날 등 청약을 철회할 수 있는 날부터 14일
가. 선불식 할부거래업자의 주소 등이 적혀 있지 아니한 계약서를 받은 경우
나. 선불식 할부거래업자의 주소 변경 등의 사유로 제1호의 기간 이내에 청약을 철회할 수 없는 경우
3. 제23조제3항에 따른 계약서에 청약의 철회에 관한 사항이 적혀 있지 아니한 경우에는 청약을 철회할 수 있음을 안 날 또는 알 수 있었던 날부터 14일
4. 선불식 할부거래업자가 청약의 철회를 방해한 경우에는 그 방해행위가 종료한 날부터 14일
5. 제23조제3항에 따른 계약서를 받지 아니한 경우에는 계약일부터 3개월
② 소비자가 제1항에 따라 청약을 철회할 경우 제1항에 따른 기간 이내에 선불식 할부거래업자에게 청약을 철회하는 의사표시가 적힌 서면을 발송하여야 한다.
③ 제1항에 따른 청약의 철회는 제2항에 따라 서면을 발송한 날에 그 효력이 발생한다.
④ 제1항을 적용함에 있어서 계약서의 발급사실과 그 시기 등에 관하여 다툼이 있는 경우에는 선불식 할부거래업자가 이를 입증하여야 한다.
⑤ 소비자가 제1항에 따라 청약을 철회한 경우 선불식 할부거래업자는 제2항에 따른 청약철회의 서면을 접수한 날부터 3영업일 이내에 이미 지급받은 계약금 및 할부금을 환급하여야 한다. 이 경우 선불식 할부거래업자가 환급을 지연한 때에는 그 지연기간에 따라 지연배상금을 함께 환급하여야 한다.",https://www.law.go.kr/법령/할부거래에 관한 법률
000355,할부거래에 관한 법률,법률,공정거래위원회,20270909,20260908,25,,소비자의 선불식 할부계약 해제,제25조(소비자의 선불식 할부계약 해제),"① 소비자가 선불식 할부계약을 체결하고, 그 계약에 의한 재화등의 공급을 받지 아니한 경우에는 그 계약을 해제할 수 있다.
② 선불식 할부거래업자는 제1항에 따라 계약이 해제된 경우 소비자에게 해제로 인한 손실을 초과하는 위약금을 청구하여서는 아니 된다.
③ 선불식 할부거래업자는 소비자가 다음 각 호의 어느 하나에 해당하는 사유로 계약을 해제하는 경우에는 위약금을 청구하여서는 아니 된다. <개정 2010.5.17, 2015.7.24>
1. 휴업 또는 폐업신고를 한 때
2. 영업정지 처분을 받은 때
3. 등록이 취소되거나 말소된 때
4. 「은행법」에 따른 은행으로부터 당좌거래의 정지처분을 받은 때
5. 파산 또는 화의(和議) 개시의 신청이 있는 때
6. 소비자가 선불식 할부계약의 이전계약에 동의하지 아니한 때
④ 선불식 할부거래업자는 선불식 할부계약이 해제된 경우에는 해제된 날부터 3영업일 이내에 이미 지급받은 대금에서 위약금을 뺀 금액을 소비자에게 환급하여야 한다. 이 경우 선불식 할부거래업자가 환급을 지연한 때에는 그 지연기간에 따라 지연배상금을 함께 환급하여야 한다.
⑤ 공정거래위원회는 총리령으로 정하는 바에 따라 위약금 및 대금의 환급에 관한 산정기준을 정하여 고시할 수 있다.","제25조(소비자의 선불식 할부계약 해제)
① 소비자가 선불식 할부계약을 체결하고, 그 계약에 의한 재화등의 공급을 받지 아니한 경우에는 그 계약을 해제할 수 있다.
② 선불식 할부거래업자는 제1항에 따라 계약이 해제된 경우 소비자에게 해제로 인한 손실을 초과하는 위약금을 청구하여서는 아니 된다.
③ 선불식 할부거래업자는 소비자가 다음 각 호의 어느 하나에 해당하는 사유로 계약을 해제하는 경우에는 위약금을 청구하여서는 아니 된다. <개정 2010.5.17, 2015.7.24>
1. 휴업 또는 폐업신고를 한 때
2. 영업정지 처분을 받은 때
3. 등록이 취소되거나 말소된 때
4. 「은행법」에 따른 은행으로부터 당좌거래의 정지처분을 받은 때
5. 파산 또는 화의(和議) 개시의 신청이 있는 때
6. 소비자가 선불식 할부계약의 이전계약에 동의하지 아니한 때
④ 선불식 할부거래업자는 선불식 할부계약이 해제된 경우에는 해제된 날부터 3영업일 이내에 이미 지급받은 대금에서 위약금을 뺀 금액을 소비자에게 환급하여야 한다. 이 경우 선불식 할부거래업자가 환급을 지연한 때에는 그 지연기간에 따라 지연배상금을 함께 환급하여야 한다.
⑤ 공정거래위원회는 총리령으로 정하는 바에 따라 위약금 및 대금의 환급에 관한 산정기준을 정하여 고시할 수 있다.","법령명: 할부거래에 관한 법률
조문: 제25조 (소비자의 선불식 할부계약 해제)
내용: 제25조(소비자의 선불식 할부계약 해제)
① 소비자가 선불식 할부계약을 체결하고, 그 계약에 의한 재화등의 공급을 받지 아니한 경우에는 그 계약을 해제할 수 있다.
② 선불식 할부거래업자는 제1항에 따라 계약이 해제된 경우 소비자에게 해제로 인한 손실을 초과하는 위약금을 청구하여서는 아니 된다.
③ 선불식 할부거래업자는 소비자가 다음 각 호의 어느 하나에 해당하는 사유로 계약을 해제하는 경우에는 위약금을 청구하여서는 아니 된다. <개정 2010.5.17, 2015.7.24>
1. 휴업 또는 폐업신고를 한 때
2. 영업정지 처분을 받은 때
3. 등록이 취소되거나 말소된 때
4. 「은행법」에 따른 은행으로부터 당좌거래의 정지처분을 받은 때
5. 파산 또는 화의(和議) 개시의 신청이 있는 때
6. 소비자가 선불식 할부계약의 이전계약에 동의하지 아니한 때
④ 선불식 할부거래업자는 선불식 할부계약이 해제된 경우에는 해제된 날부터 3영업일 이내에 이미 지급받은 대금에서 위약금을 뺀 금액을 소비자에게 환급하여야 한다. 이 경우 선불식 할부거래업자가 환급을 지연한 때에는 그 지연기간에 따라 지연배상금을 함께 환급하여야 한다.
⑤ 공정거래위원회는 총리령으로 정하는 바에 따라 위약금 및 대금의 환급에 관한 산정기준을 정하여 고시할 수 있다.",https://www.law.go.kr/법령/할부거래에 관한 법률
000355,할부거래에 관한 법률,법률,공정거래위원회,20270909,20260908,26,,선불식 할부거래업자의 선불식 할부계약 해제,제26조(선불식 할부거래업자의 선불식 할부계약 해제) 선불식 할부거래업자는 소비자가 대금 지급의무를 이행하지 아니하면 선불식 할부계약을 해제할 수 있다. 이 경우 선불식 할부거래업자는 그 계약을 해제하기 전에 14일 이상의 기간을 정하여 소비자에게 이행할 것을 서면으로 최고(催告)하여야 한다.,,제26조(선불식 할부거래업자의 선불식 할부계약 해제) 선불식 할부거래업자는 소비자가 대금 지급의무를 이행하지 아니하면 선불식 할부계약을 해제할 수 있다. 이 경우 선불식 할부거래업자는 그 계약을 해제하기 전에 14일 이상의 기간을 정하여 소비자에게 이행할 것을 서면으로 최고(催告)하여야 한다.,"법령명: 할부거래에 관한 법률
조문: 제26조 (선불식 할부거래업자의 선불식 할부계약 해제)
내용: 제26조(선불식 할부거래업자의 선불식 할부계약 해제) 선불식 할부거래업자는 소비자가 대금 지급의무를 이행하지 아니하면 선불식 할부계약을 해제할 수 있다. 이 경우 선불식 할부거래업자는 그 계약을 해제하기 전에 14일 이상의 기간을 정하여 소비자에게 이행할 것을 서면으로 최고(催告)하여야 한다.",https://www.law.go.kr/법령/할부거래에 관한 법률
000355,할부거래에 관한 법률,법률,공정거래위원회,20270909,20260908,27,,소비자피해보상보험계약등,제27조(소비자피해보상보험계약등),"① 선불식 할부거래업자가 제18조에 따라 등록할 경우 선수금을 보전하기 위하여 다음 각 호의 어느 하나에 해당하는 계약(이하 ""소비자피해보상보험계약등""이라 한다)을 체결하여야 한다. <개정 2010.5.17, 2026.9.8>
1. 소비자피해보상을 위한 보험계약
2. 소비자피해보상금의 지급을 확보하기 위한 「은행법」에 따른 은행과의 채무지급보증계약
3. 소비자피해보상금의 지급을 확보하기 위한 대통령령으로 정하는 기관(이하 ""예치기관""이라 한다)과의 예치계약
4. 제28조에 따라 설립된 공제조합과의 공제계약
② 제1항에 따라 선불식 할부거래업자가 소비자피해보상보험계약등에 따라 보전하여야 할 금액(제1항 각 호 중 둘 이상의 계약을 체결한 경우에는 각 계약에 따라 보전되는 금액을 합산한다) 및 그 산정기준은 선수금 합계액의 100분의 50을 초과하지 아니하는 범위에서 대통령령으로 정한다.
③ 누구든지 제1항제3호에 따른 예치금을 상계ㆍ압류(가압류를 포함한다)하지 못하며, 선불식 할부거래업자는 대통령령으로 정하는 경우 외에는 예치금을 양도하거나 담보로 제공하여서는 아니 된다.
④ 소비자피해보상보험계약등에 따라 소비자피해보상금을 지급할 의무가 있는 자(이하 ""지급의무자""라 한다)는 다음 각 호의 어느 하나에 해당하는 지급사유가 발생한 경우에는 지체 없이 이를 지급하여야 한다. 정당한 사유 없이 이를 지연한 경우에는 지연배상금을 지급하여야 한다. <개정 2010.5.17>
1. 선불식 할부거래업자가 폐업한 경우
2. 선불식 할부거래업자가 「은행법」에 따른 은행으로부터 당좌거래의 정지처분을 받은 경우
3. 제21조에 따라 등록이 말소된 경우 및 제40조에 따라 등록이 취소된 경우
4. 그 밖에 선불식 할부거래업자의 채무불이행 등으로 인한 소비자피해보상을 위하여 대통령령으로 정하는 경우
⑤ 예치기관은 제4항에 따른 지급사유가 발생한 경우에는 예치금을 인출하여 해당 선불식 할부거래업자와 선불식 할부계약을 체결한 소비자에게 우선하여 지급하여야 하며, 예치 및 예치금의 지급 등에 대한 구체적인 절차 및 방법에 대하여는 총리령으로 정한다.
⑥ 지급의무자는 제4항에 따른 지급사유가 발생한 경우에는 지체 없이 그 사실을 시ㆍ도지사에게 통지하여야 하며, 시ㆍ도지사는 총리령으로 정하는 바에 따라 그 사실을 공고하여야 한다. <신설 2026.9.8>
⑦ 선불식 할부거래업자는 소비자와 선불식 할부계약을 체결한 경우 계약체결일부터 7일 이내에 계약체결 사실 및 내용을 지급의무자에게 통지하여야 한다. <신설 2015.7.24, 2026.9.8>
⑧ 제7항에 따라 선불식 할부거래업자로부터 계약 사실 등을 통지 받은 지급의무자는 통지받은 날부터 30일 이내에 소비자에게 소비자피해보상 증서를 발급하여야 하며, 그 구체적인 절차ㆍ발급방법 및 내용 등에 대하여는 총리령으로 정한다. <개정 2015.7.24, 2026.9.8>
⑨ 공정거래위원회는 소비자피해보상업무의 감독을 위하여 필요한 경우 지급의무자에게 선수금 보전과 관련된 자료의 제출을 요구할 수 있다. <개정 2015.7.24, 2026.9.8>
⑩ 공정거래위원회는 지급의무자의 업무집행 등이 법령에 적합하지 아니한 경우 이의 시정을 명할 수 있고, 그 밖에 소비자의 피해구제 등과 관련하여 필요한 경우에는 적합한 조치를 요구할 수 있다. <개정 2015.7.24, 2026.9.8>
⑪ 선불식 할부거래업자는 소비자피해보상보험계약등을 체결 또는 유지하는 경우 선수금 등의 자료를 제출함에 있어 거짓의 자료를 제출하여서는 아니 된다. <개정 2015.7.24, 2026.9.8>
⑫ 그 밖에 소비자피해보상보험계약등의 운영에 관하여 필요한 사항은 대통령령으로 정한다. <개정 2015.7.24, 2026.9.8>
⑬ 선불식 할부거래업자는 예치기관에 예치금을 입금하거나 예치금의 반환을 요청하는 경우에는 총리령으로 정하는 바에 따라 선수금의 증가 또는 감소를 증명하는 서류를 예치기관에 제출하여야 하며, 예치기관은 해당 서류를 확인한 후에 예치금을 반환하여야 한다. <신설 2015.7.24, 2026.9.8>","제27조(소비자피해보상보험계약등)
① 선불식 할부거래업자가 제18조에 따라 등록할 경우 선수금을 보전하기 위하여 다음 각 호의 어느 하나에 해당하는 계약(이하 ""소비자피해보상보험계약등""이라 한다)을 체결하여야 한다. <개정 2010.5.17, 2026.9.8>
1. 소비자피해보상을 위한 보험계약
2. 소비자피해보상금의 지급을 확보하기 위한 「은행법」에 따른 은행과의 채무지급보증계약
3. 소비자피해보상금의 지급을 확보하기 위한 대통령령으로 정하는 기관(이하 ""예치기관""이라 한다)과의 예치계약
4. 제28조에 따라 설립된 공제조합과의 공제계약
② 제1항에 따라 선불식 할부거래업자가 소비자피해보상보험계약등에 따라 보전하여야 할 금액(제1항 각 호 중 둘 이상의 계약을 체결한 경우에는 각 계약에 따라 보전되는 금액을 합산한다) 및 그 산정기준은 선수금 합계액의 100분의 50을 초과하지 아니하는 범위에서 대통령령으로 정한다.
③ 누구든지 제1항제3호에 따른 예치금을 상계ㆍ압류(가압류를 포함한다)하지 못하며, 선불식 할부거래업자는 대통령령으로 정하는 경우 외에는 예치금을 양도하거나 담보로 제공하여서는 아니 된다.
④ 소비자피해보상보험계약등에 따라 소비자피해보상금을 지급할 의무가 있는 자(이하 ""지급의무자""라 한다)는 다음 각 호의 어느 하나에 해당하는 지급사유가 발생한 경우에는 지체 없이 이를 지급하여야 한다. 정당한 사유 없이 이를 지연한 경우에는 지연배상금을 지급하여야 한다. <개정 2010.5.17>
1. 선불식 할부거래업자가 폐업한 경우
2. 선불식 할부거래업자가 「은행법」에 따른 은행으로부터 당좌거래의 정지처분을 받은 경우
3. 제21조에 따라 등록이 말소된 경우 및 제40조에 따라 등록이 취소된 경우
4. 그 밖에 선불식 할부거래업자의 채무불이행 등으로 인한 소비자피해보상을 위하여 대통령령으로 정하는 경우
⑤ 예치기관은 제4항에 따른 지급사유가 발생한 경우에는 예치금을 인출하여 해당 선불식 할부거래업자와 선불식 할부계약을 체결한 소비자에게 우선하여 지급하여야 하며, 예치 및 예치금의 지급 등에 대한 구체적인 절차 및 방법에 대하여는 총리령으로 정한다.
⑥ 지급의무자는 제4항에 따른 지급사유가 발생한 경우에는 지체 없이 그 사실을 시ㆍ도지사에게 통지하여야 하며, 시ㆍ도지사는 총리령으로 정하는 바에 따라 그 사실을 공고하여야 한다. <신설 2026.9.8>
⑦ 선불식 할부거래업자는 소비자와 선불식 할부계약을 체결한 경우 계약체결일부터 7일 이내에 계약체결 사실 및 내용을 지급의무자에게 통지하여야 한다. <신설 2015.7.24, 2026.9.8>
⑧ 제7항에 따라 선불식 할부거래업자로부터 계약 사실 등을 통지 받은 지급의무자는 통지받은 날부터 30일 이내에 소비자에게 소비자피해보상 증서를 발급하여야 하며, 그 구체적인 절차ㆍ발급방법 및 내용 등에 대하여는 총리령으로 정한다. <개정 2015.7.24, 2026.9.8>
⑨ 공정거래위원회는 소비자피해보상업무의 감독을 위하여 필요한 경우 지급의무자에게 선수금 보전과 관련된 자료의 제출을 요구할 수 있다. <개정 2015.7.24, 2026.9.8>
⑩ 공정거래위원회는 지급의무자의 업무집행 등이 법령에 적합하지 아니한 경우 이의 시정을 명할 수 있고, 그 밖에 소비자의 피해구제 등과 관련하여 필요한 경우에는 적합한 조치를 요구할 수 있다. <개정 2015.7.24, 2026.9.8>
⑪ 선불식 할부거래업자는 소비자피해보상보험계약등을 체결 또는 유지하는 경우 선수금 등의 자료를 제출함에 있어 거짓의 자료를 제출하여서는 아니 된다. <개정 2015.7.24, 2026.9.8>
⑫ 그 밖에 소비자피해보상보험계약등의 운영에 관하여 필요한 사항은 대통령령으로 정한다. <개정 2015.7.24, 2026.9.8>
⑬ 선불식 할부거래업자는 예치기관에 예치금을 입금하거나 예치금의 반환을 요청하는 경우에는 총리령으로 정하는 바에 따라 선수금의 증가 또는 감소를 증명하는 서류를 예치기관에 제출하여야 하며, 예치기관은 해당 서류를 확인한 후에 예치금을 반환하여야 한다. <신설 2015.7.24, 2026.9.8>","법령명: 할부거래에 관한 법률
조문: 제27조 (소비자피해보상보험계약등)
내용: 제27조(소비자피해보상보험계약등)
① 선불식 할부거래업자가 제18조에 따라 등록할 경우 선수금을 보전하기 위하여 다음 각 호의 어느 하나에 해당하는 계약(이하 ""소비자피해보상보험계약등""이라 한다)을 체결하여야 한다. <개정 2010.5.17, 2026.9.8>
1. 소비자피해보상을 위한 보험계약
2. 소비자피해보상금의 지급을 확보하기 위한 「은행법」에 따른 은행과의 채무지급보증계약
3. 소비자피해보상금의 지급을 확보하기 위한 대통령령으로 정하는 기관(이하 ""예치기관""이라 한다)과의 예치계약
4. 제28조에 따라 설립된 공제조합과의 공제계약
② 제1항에 따라 선불식 할부거래업자가 소비자피해보상보험계약등에 따라 보전하여야 할 금액(제1항 각 호 중 둘 이상의 계약을 체결한 경우에는 각 계약에 따라 보전되는 금액을 합산한다) 및 그 산정기준은 선수금 합계액의 100분의 50을 초과하지 아니하는 범위에서 대통령령으로 정한다.
③ 누구든지 제1항제3호에 따른 예치금을 상계ㆍ압류(가압류를 포함한다)하지 못하며, 선불식 할부거래업자는 대통령령으로 정하는 경우 외에는 예치금을 양도하거나 담보로 제공하여서는 아니 된다.
④ 소비자피해보상보험계약등에 따라 소비자피해보상금을 지급할 의무가 있는 자(이하 ""지급의무자""라 한다)는 다음 각 호의 어느 하나에 해당하는 지급사유가 발생한 경우에는 지체 없이 이를 지급하여야 한다. 정당한 사유 없이 이를 지연한 경우에는 지연배상금을 지급하여야 한다. <개정 2010.5.17>
1. 선불식 할부거래업자가 폐업한 경우
2. 선불식 할부거래업자가 「은행법」에 따른 은행으로부터 당좌거래의 정지처분을 받은 경우
3. 제21조에 따라 등록이 말소된 경우 및 제40조에 따라 등록이 취소된 경우
4. 그 밖에 선불식 할부거래업자의 채무불이행 등으로 인한 소비자피해보상을 위하여 대통령령으로 정하는 경우
⑤ 예치기관은 제4항에 따른 지급사유가 발생한 경우에는 예치금을 인출하여 해당 선불식 할부거래업자와 선불식 할부계약을 체결한 소비자에게 우선하여 지급하여야 하며, 예치 및 예치금의 지급 등에 대한 구체적인 절차 및 방법에 대하여는 총리령으로 정한다.
⑥ 지급의무자는 제4항에 따른 지급사유가 발생한 경우에는 지체 없이 그 사실을 시ㆍ도지사에게 통지하여야 하며, 시ㆍ도지사는 총리령으로 정하는 바에 따라 그 사실을 공고하여야 한다. <신설 2026.9.8>
⑦ 선불식 할부거래업자는 소비자와 선불식 할부계약을 체결한 경우 계약체결일부터 7일 이내에 계약체결 사실 및 내용을 지급의무자에게 통지하여야 한다. <신설 2015.7.24, 2026.9.8>
⑧ 제7항에 따라 선불식 할부거래업자로부터 계약 사실 등을 통지 받은 지급의무자는 통지받은 날부터 30일 이내에 소비자에게 소비자피해보상 증서를 발급하여야 하며, 그 구체적인 절차ㆍ발급방법 및 내용 등에 대하여는 총리령으로 정한다. <개정 2015.7.24, 2026.9.8>
⑨ 공정거래위원회는 소비자피해보상업무의 감독을 위하여 필요한 경우 지급의무자에게 선수금 보전과 관련된 자료의 제출을 요구할 수 있다. <개정 2015.7.24, 2026.9.8>
⑩ 공정거래위원회는 지급의무자의 업무집행 등이 법령에 적합하지 아니한 경우 이의 시정을 명할 수 있고, 그 밖에 소비자의 피해구제 등과 관련하여 필요한 경우에는 적합한 조치를 요구할 수 있다. <개정 2015.7.24, 2026.9.8>
⑪ 선불식 할부거래업자는 소비자피해보상보험계약등을 체결 또는 유지하는 경우 선수금 등의 자료를 제출함에 있어 거짓의 자료를 제출하여서는 아니 된다. <개정 2015.7.24, 2026.9.8>
⑫ 그 밖에 소비자피해보상보험계약등의 운영에 관하여 필요한 사항은 대통령령으로 정한다. <개정 2015.7.24, 2026.9.8>
⑬ 선불식 할부거래업자는 예치기관에 예치금을 입금하거나 예치금의 반환을 요청하는 경우에는 총리령으로 정하는 바에 따라 선수금의 증가 또는 감소를 증명하는 서류를 예치기관에 제출하여야 하며, 예치기관은 해당 서류를 확인한 후에 예치금을 반환하여야 한다. <신설 2015.7.24, 2026.9.8>",https://www.law.go.kr/법령/할부거래에 관한 법률
000355,할부거래에 관한 법률,법률,공정거래위원회,20270909,20260908,27,2,선불식 할부거래업자의 선수금 관련 통지의무,제27조의2(선불식 할부거래업자의 선수금 관련 통지의무),"① 선불식 할부거래업자는 선수금을 받은 경우에는 선수금액, 납입횟수 등 총리령으로 정하는 내용을 소비자에게 통지하여야 한다.
② 제1항에 따른 통지의 절차 및 방법 등에 관하여 필요한 사항은 총리령으로 정한다.","제27조의2(선불식 할부거래업자의 선수금 관련 통지의무)
① 선불식 할부거래업자는 선수금을 받은 경우에는 선수금액, 납입횟수 등 총리령으로 정하는 내용을 소비자에게 통지하여야 한다.
② 제1항에 따른 통지의 절차 및 방법 등에 관하여 필요한 사항은 총리령으로 정한다.","법령명: 할부거래에 관한 법률
조문: 제27조의2 (선불식 할부거래업자의 선수금 관련 통지의무)
내용: 제27조의2(선불식 할부거래업자의 선수금 관련 통지의무)
① 선불식 할부거래업자는 선수금을 받은 경우에는 선수금액, 납입횟수 등 총리령으로 정하는 내용을 소비자에게 통지하여야 한다.
② 제1항에 따른 통지의 절차 및 방법 등에 관하여 필요한 사항은 총리령으로 정한다.",https://www.law.go.kr/법령/할부거래에 관한 법률
000355,할부거래에 관한 법률,법률,공정거래위원회,20270909,20260908,27,3,선불식 할부거래에서의 소비자보호지침의 제정,"제27조의3(선불식 할부거래에서의 소비자보호지침의 제정) 공정거래위원회는 선불식 할부거래에서의 건전한 거래질서의 확립과 소비자보호를 위하여 사업자의 자율적 준수를 유도하기 위한 지침을 관련 분야의 거래당사자, 기관 및 단체의 의견을 들어 정할 수 있다.",,"제27조의3(선불식 할부거래에서의 소비자보호지침의 제정) 공정거래위원회는 선불식 할부거래에서의 건전한 거래질서의 확립과 소비자보호를 위하여 사업자의 자율적 준수를 유도하기 위한 지침을 관련 분야의 거래당사자, 기관 및 단체의 의견을 들어 정할 수 있다.","법령명: 할부거래에 관한 법률
조문: 제27조의3 (선불식 할부거래에서의 소비자보호지침의 제정)
내용: 제27조의3(선불식 할부거래에서의 소비자보호지침의 제정) 공정거래위원회는 선불식 할부거래에서의 건전한 거래질서의 확립과 소비자보호를 위하여 사업자의 자율적 준수를 유도하기 위한 지침을 관련 분야의 거래당사자, 기관 및 단체의 의견을 들어 정할 수 있다.",https://www.law.go.kr/법령/할부거래에 관한 법률
000355,할부거래에 관한 법률,법률,공정거래위원회,20270909,20260908,27,4,선불식 할부거래 정보시스템의 구축ㆍ운영 등,제27조의4(선불식 할부거래 정보시스템의 구축ㆍ운영 등),"① 공정거래위원회는 선불식 할부거래에서 소비자의 권익보호에 필요한 정보를 효율적으로 처리하고 제공하기 위하여 정보시스템(이하 ""선불식 할부거래 정보시스템""이라 한다)을 구축ㆍ운영할 수 있다.
② 선불식 할부거래 정보시스템에는 다음 각 호의 사항이 포함되어야 한다.
1. 제18조제6항 각 호에 따른 정보의 제공
2. 제36조에 따라 공개하는 부당행위에 관한 정보의 제공
3. 계약체결일, 납입한 선수금의 내역, 지급의무자 등 소비자가 체결한 선불식 할부계약에 관한 세부 정보의 제공
4. 소비자피해보상의 절차ㆍ방법에 관한 정보의 제공
5. 그 밖에 선불식 할부거래에서 소비자의 재화등에 대한 선택, 피해 예방 또는 구제를 위하여 필요한 정보로서 대통령령으로 정하는 정보의 제공
③ 공정거래위원회는 선불식 할부거래 정보시스템의 구축ㆍ운영을 위하여 필요한 경우 중앙행정기관의 장, 시ㆍ도지사, 시장ㆍ군수ㆍ구청장(자치구의 구청장을 말한다. 이하 같다), 소비자보호ㆍ공정거래ㆍ금융감독 관련 기관ㆍ단체의 장, 선불식 할부거래업자 및 지급의무자에게 필요한 자료 또는 정보의 제공을 요청할 수 있다. 이 경우 자료 또는 정보의 제공을 요청받은 자는 특별한 사유가 없으면 이에 따라야 한다.
④ 공정거래위원회는 성명ㆍ전화번호 등 소비자의 구별과 선수금의 납입 내역 등 계약사항의 확인을 위하여 제3항에 따라 소비자에 관한 자료 또는 정보를 요청할 수 있다.
⑤ 선불식 할부거래 정보시스템의 구축ㆍ운영에 관한 업무를 수행하는 자는 제4항에 따라 제공받은 소비자에 관한 자료 또는 정보를 제2항 각 호의 정보를 제공하기 위한 목적 외의 용도로 이를 조회하거나 사용하여서는 아니 된다.
⑥ 공정거래위원회는 선불식 할부거래 정보시스템의 운영을 다음 각 호의 어느 하나에 해당하는 기관 또는 단체에 위탁할 수 있으며, 해당 기관 또는 단체에 그 원활한 운영에 필요한 비용의 전부 또는 일부를 지원할 수 있다.
1. 「소비자기본법」 제33조에 따라 설립된 한국소비자원(이하 ""한국소비자원""이라 한다)
2. 제45조에 따라 등록된 사업자단체 또는 다른 법률에 따라 소비자보호를 위하여 설립된 기관 또는 단체
⑦ 제1항부터 제6항까지에서 규정한 사항 외에 선불식 할부거래 정보시스템의 구축ㆍ운영 등에 필요한 사항은 총리령으로 정한다.","제27조의4(선불식 할부거래 정보시스템의 구축ㆍ운영 등)
① 공정거래위원회는 선불식 할부거래에서 소비자의 권익보호에 필요한 정보를 효율적으로 처리하고 제공하기 위하여 정보시스템(이하 ""선불식 할부거래 정보시스템""이라 한다)을 구축ㆍ운영할 수 있다.
② 선불식 할부거래 정보시스템에는 다음 각 호의 사항이 포함되어야 한다.
1. 제18조제6항 각 호에 따른 정보의 제공
2. 제36조에 따라 공개하는 부당행위에 관한 정보의 제공
3. 계약체결일, 납입한 선수금의 내역, 지급의무자 등 소비자가 체결한 선불식 할부계약에 관한 세부 정보의 제공
4. 소비자피해보상의 절차ㆍ방법에 관한 정보의 제공
5. 그 밖에 선불식 할부거래에서 소비자의 재화등에 대한 선택, 피해 예방 또는 구제를 위하여 필요한 정보로서 대통령령으로 정하는 정보의 제공
③ 공정거래위원회는 선불식 할부거래 정보시스템의 구축ㆍ운영을 위하여 필요한 경우 중앙행정기관의 장, 시ㆍ도지사, 시장ㆍ군수ㆍ구청장(자치구의 구청장을 말한다. 이하 같다), 소비자보호ㆍ공정거래ㆍ금융감독 관련 기관ㆍ단체의 장, 선불식 할부거래업자 및 지급의무자에게 필요한 자료 또는 정보의 제공을 요청할 수 있다. 이 경우 자료 또는 정보의 제공을 요청받은 자는 특별한 사유가 없으면 이에 따라야 한다.
④ 공정거래위원회는 성명ㆍ전화번호 등 소비자의 구별과 선수금의 납입 내역 등 계약사항의 확인을 위하여 제3항에 따라 소비자에 관한 자료 또는 정보를 요청할 수 있다.
⑤ 선불식 할부거래 정보시스템의 구축ㆍ운영에 관한 업무를 수행하는 자는 제4항에 따라 제공받은 소비자에 관한 자료 또는 정보를 제2항 각 호의 정보를 제공하기 위한 목적 외의 용도로 이를 조회하거나 사용하여서는 아니 된다.
⑥ 공정거래위원회는 선불식 할부거래 정보시스템의 운영을 다음 각 호의 어느 하나에 해당하는 기관 또는 단체에 위탁할 수 있으며, 해당 기관 또는 단체에 그 원활한 운영에 필요한 비용의 전부 또는 일부를 지원할 수 있다.
1. 「소비자기본법」 제33조에 따라 설립된 한국소비자원(이하 ""한국소비자원""이라 한다)
2. 제45조에 따라 등록된 사업자단체 또는 다른 법률에 따라 소비자보호를 위하여 설립된 기관 또는 단체
⑦ 제1항부터 제6항까지에서 규정한 사항 외에 선불식 할부거래 정보시스템의 구축ㆍ운영 등에 필요한 사항은 총리령으로 정한다.","법령명: 할부거래에 관한 법률
조문: 제27조의4 (선불식 할부거래 정보시스템의 구축ㆍ운영 등)
내용: 제27조의4(선불식 할부거래 정보시스템의 구축ㆍ운영 등)
① 공정거래위원회는 선불식 할부거래에서 소비자의 권익보호에 필요한 정보를 효율적으로 처리하고 제공하기 위하여 정보시스템(이하 ""선불식 할부거래 정보시스템""이라 한다)을 구축ㆍ운영할 수 있다.
② 선불식 할부거래 정보시스템에는 다음 각 호의 사항이 포함되어야 한다.
1. 제18조제6항 각 호에 따른 정보의 제공
2. 제36조에 따라 공개하는 부당행위에 관한 정보의 제공
3. 계약체결일, 납입한 선수금의 내역, 지급의무자 등 소비자가 체결한 선불식 할부계약에 관한 세부 정보의 제공
4. 소비자피해보상의 절차ㆍ방법에 관한 정보의 제공
5. 그 밖에 선불식 할부거래에서 소비자의 재화등에 대한 선택, 피해 예방 또는 구제를 위하여 필요한 정보로서 대통령령으로 정하는 정보의 제공
③ 공정거래위원회는 선불식 할부거래 정보시스템의 구축ㆍ운영을 위하여 필요한 경우 중앙행정기관의 장, 시ㆍ도지사, 시장ㆍ군수ㆍ구청장(자치구의 구청장을 말한다. 이하 같다), 소비자보호ㆍ공정거래ㆍ금융감독 관련 기관ㆍ단체의 장, 선불식 할부거래업자 및 지급의무자에게 필요한 자료 또는 정보의 제공을 요청할 수 있다. 이 경우 자료 또는 정보의 제공을 요청받은 자는 특별한 사유가 없으면 이에 따라야 한다.
④ 공정거래위원회는 성명ㆍ전화번호 등 소비자의 구별과 선수금의 납입 내역 등 계약사항의 확인을 위하여 제3항에 따라 소비자에 관한 자료 또는 정보를 요청할 수 있다.
⑤ 선불식 할부거래 정보시스템의 구축ㆍ운영에 관한 업무를 수행하는 자는 제4항에 따라 제공받은 소비자에 관한 자료 또는 정보를 제2항 각 호의 정보를 제공하기 위한 목적 외의 용도로 이를 조회하거나 사용하여서는 아니 된다.
⑥ 공정거래위원회는 선불식 할부거래 정보시스템의 운영을 다음 각 호의 어느 하나에 해당하는 기관 또는 단체에 위탁할 수 있으며, 해당 기관 또는 단체에 그 원활한 운영에 필요한 비용의 전부 또는 일부를 지원할 수 있다.
1. 「소비자기본법」 제33조에 따라 설립된 한국소비자원(이하 ""한국소비자원""이라 한다)
2. 제45조에 따라 등록된 사업자단체 또는 다른 법률에 따라 소비자보호를 위하여 설립된 기관 또는 단체
⑦ 제1항부터 제6항까지에서 규정한 사항 외에 선불식 할부거래 정보시스템의 구축ㆍ운영 등에 필요한 사항은 총리령으로 정한다.",https://www.law.go.kr/법령/할부거래에 관한 법률
000355,할부거래에 관한 법률,법률,공정거래위원회,20270909,20260908,28,,공제조합의 설립,제28조(공제조합의 설립),"① 선불식 할부거래업자는 제27조제1항제4호에 따른 공제사업을 운영하기 위하여 공정거래위원회의 인가를 받아 공제조합을 설립할 수 있다.
② 공제조합은 법인으로 하며, 주된 사무소의 소재지에서 설립등기를 함으로써 성립한다.
③ 공제조합에 가입한 자는 공제사업의 수행에 필요한 출자금 등을 공제조합에 내야 한다.
④ 공제조합의 기본재산은 조합원의 출자금 등으로 조성하되 출자금은 200억원 이상으로서 대통령령으로 정하는 규모 이상이어야 한다. 다만, 정부는 예산의 범위에서 출연(出捐)하거나 보조할 수 있다.
⑤ 공제조합의 설립인가 기준 및 절차, 운영 및 감독 등에 관하여 필요한 사항은 대통령령으로 정한다.
⑥ 공제조합에 관하여 이 법에 규정된 것을 제외하고는 「민법」 중 사단법인에 관한 규정을 준용한다.","제28조(공제조합의 설립)
① 선불식 할부거래업자는 제27조제1항제4호에 따른 공제사업을 운영하기 위하여 공정거래위원회의 인가를 받아 공제조합을 설립할 수 있다.
② 공제조합은 법인으로 하며, 주된 사무소의 소재지에서 설립등기를 함으로써 성립한다.
③ 공제조합에 가입한 자는 공제사업의 수행에 필요한 출자금 등을 공제조합에 내야 한다.
④ 공제조합의 기본재산은 조합원의 출자금 등으로 조성하되 출자금은 200억원 이상으로서 대통령령으로 정하는 규모 이상이어야 한다. 다만, 정부는 예산의 범위에서 출연(出捐)하거나 보조할 수 있다.
⑤ 공제조합의 설립인가 기준 및 절차, 운영 및 감독 등에 관하여 필요한 사항은 대통령령으로 정한다.
⑥ 공제조합에 관하여 이 법에 규정된 것을 제외하고는 「민법」 중 사단법인에 관한 규정을 준용한다.","법령명: 할부거래에 관한 법률
조문: 제28조 (공제조합의 설립)
내용: 제28조(공제조합의 설립)
① 선불식 할부거래업자는 제27조제1항제4호에 따른 공제사업을 운영하기 위하여 공정거래위원회의 인가를 받아 공제조합을 설립할 수 있다.
② 공제조합은 법인으로 하며, 주된 사무소의 소재지에서 설립등기를 함으로써 성립한다.
③ 공제조합에 가입한 자는 공제사업의 수행에 필요한 출자금 등을 공제조합에 내야 한다.
④ 공제조합의 기본재산은 조합원의 출자금 등으로 조성하되 출자금은 200억원 이상으로서 대통령령으로 정하는 규모 이상이어야 한다. 다만, 정부는 예산의 범위에서 출연(出捐)하거나 보조할 수 있다.
⑤ 공제조합의 설립인가 기준 및 절차, 운영 및 감독 등에 관하여 필요한 사항은 대통령령으로 정한다.
⑥ 공제조합에 관하여 이 법에 규정된 것을 제외하고는 「민법」 중 사단법인에 관한 규정을 준용한다.",https://www.law.go.kr/법령/할부거래에 관한 법률
000355,할부거래에 관한 법률,법률,공정거래위원회,20270909,20260908,29,,공제조합의 사업,제29조(공제조합의 사업),"① 공제조합은 다음 각 호의 사업을 수행한다.
1. 소비자피해보상을 위한 공제사업 및 소비자의 권익보호를 위한 공익사업
2. 소비자피해예방과 홍보를 위한 출판 및 교육사업
3. 시장의 건전한 발전을 위한 자율정화사업
4. 공정거래위원회로부터 위탁받은 사업
② 이 법에 따른 공제조합의 사업에 대하여는 「보험업법」을 적용하지 아니한다.","제29조(공제조합의 사업)
① 공제조합은 다음 각 호의 사업을 수행한다.
1. 소비자피해보상을 위한 공제사업 및 소비자의 권익보호를 위한 공익사업
2. 소비자피해예방과 홍보를 위한 출판 및 교육사업
3. 시장의 건전한 발전을 위한 자율정화사업
4. 공정거래위원회로부터 위탁받은 사업
② 이 법에 따른 공제조합의 사업에 대하여는 「보험업법」을 적용하지 아니한다.","법령명: 할부거래에 관한 법률
조문: 제29조 (공제조합의 사업)
내용: 제29조(공제조합의 사업)
① 공제조합은 다음 각 호의 사업을 수행한다.
1. 소비자피해보상을 위한 공제사업 및 소비자의 권익보호를 위한 공익사업
2. 소비자피해예방과 홍보를 위한 출판 및 교육사업
3. 시장의 건전한 발전을 위한 자율정화사업
4. 공정거래위원회로부터 위탁받은 사업
② 이 법에 따른 공제조합의 사업에 대하여는 「보험업법」을 적용하지 아니한다.",https://www.law.go.kr/법령/할부거래에 관한 법률
000355,할부거래에 관한 법률,법률,공정거래위원회,20270909,20260908,30,,공제조합의 정관 및 공제규정,제30조(공제조합의 정관 및 공제규정),"① 공제조합은 다음 각 호의 사항을 적은 정관을 정하여 공정거래위원회의 인가를 받아야 한다. 정관을 변경하는 경우에도 또한 같다.
1. 조합원의 자격과 가입ㆍ탈퇴에 관한 사항
2. 임원에 관한 사항
3. 출자금의 부담기준에 관한 사항
4. 이사회에 관한 사항
5. 이사장 선임에 관한 사항
6. 그 밖에 대통령령으로 정하는 사항
② 공제조합은 공제사업의 범위와 방식에 관한 공제규정을 정하여 공정거래위원회의 인가를 받아야 한다. 공제규정을 변경하는 경우에도 또한 같다.","제30조(공제조합의 정관 및 공제규정)
① 공제조합은 다음 각 호의 사항을 적은 정관을 정하여 공정거래위원회의 인가를 받아야 한다. 정관을 변경하는 경우에도 또한 같다.
1. 조합원의 자격과 가입ㆍ탈퇴에 관한 사항
2. 임원에 관한 사항
3. 출자금의 부담기준에 관한 사항
4. 이사회에 관한 사항
5. 이사장 선임에 관한 사항
6. 그 밖에 대통령령으로 정하는 사항
② 공제조합은 공제사업의 범위와 방식에 관한 공제규정을 정하여 공정거래위원회의 인가를 받아야 한다. 공제규정을 변경하는 경우에도 또한 같다.","법령명: 할부거래에 관한 법률
조문: 제30조 (공제조합의 정관 및 공제규정)
내용: 제30조(공제조합의 정관 및 공제규정)
① 공제조합은 다음 각 호의 사항을 적은 정관을 정하여 공정거래위원회의 인가를 받아야 한다. 정관을 변경하는 경우에도 또한 같다.
1. 조합원의 자격과 가입ㆍ탈퇴에 관한 사항
2. 임원에 관한 사항
3. 출자금의 부담기준에 관한 사항
4. 이사회에 관한 사항
5. 이사장 선임에 관한 사항
6. 그 밖에 대통령령으로 정하는 사항
② 공제조합은 공제사업의 범위와 방식에 관한 공제규정을 정하여 공정거래위원회의 인가를 받아야 한다. 공제규정을 변경하는 경우에도 또한 같다.",https://www.law.go.kr/법령/할부거래에 관한 법률
000355,할부거래에 관한 법률,법률,공정거래위원회,20270909,20260908,31,,공제조합의 감독,제31조(공제조합의 감독),"① 공정거래위원회는 필요하다고 인정하면 공제조합에 대하여 업무 및 회계에 관한 보고서의 제출 또는 그 밖에 필요한 조치를 명하거나 소속 공무원으로 하여금 공제조합의 업무 및 회계 상황을 조사하거나 장부 또는 그 밖의 서류를 검사하게 할 수 있다.
② 제1항에 따라 조사 또는 검사를 하는 공무원은 그 권한을 표시하는 증표를 지니고 이를 관계인에게 보여 주어야 한다. <개정 2026.9.8>
③ 공정거래위원회는 공제조합의 운영 및 업무 집행 등이 법령이나 정관 등에 적합하지 아니한 경우 그 시정을 명할 수 있고, 그 밖에 소비자의 피해구제 등과 관련하여 필요한 경우에는 적합한 조치를 요구할 수 있다. <개정 2026.9.8>
④ 공정거래위원회는 공제조합의 임직원이 다음 각 호의 어느 하나에 해당하는 경우에는 관련 임직원에 대한 징계ㆍ해임을 요구하거나 해당 위반행위를 시정하도록 명할 수 있다. <개정 2026.9.8>
1. 제30조제2항에 따른 공제규정을 위반하여 업무를 처리한 경우
2. 제3항에 따른 시정명령이나 조치를 이행하지 아니한 경우
⑤ 제4항에 따라 공제조합이 임직원의 해임 또는 징계면직의 조치를 요구받은 경우 해당 임직원은 그 날부터 그 조치가 확정되는 날까지 직무가 정지된다. <신설 2026.9.8>","제31조(공제조합의 감독)
① 공정거래위원회는 필요하다고 인정하면 공제조합에 대하여 업무 및 회계에 관한 보고서의 제출 또는 그 밖에 필요한 조치를 명하거나 소속 공무원으로 하여금 공제조합의 업무 및 회계 상황을 조사하거나 장부 또는 그 밖의 서류를 검사하게 할 수 있다.
② 제1항에 따라 조사 또는 검사를 하는 공무원은 그 권한을 표시하는 증표를 지니고 이를 관계인에게 보여 주어야 한다. <개정 2026.9.8>
③ 공정거래위원회는 공제조합의 운영 및 업무 집행 등이 법령이나 정관 등에 적합하지 아니한 경우 그 시정을 명할 수 있고, 그 밖에 소비자의 피해구제 등과 관련하여 필요한 경우에는 적합한 조치를 요구할 수 있다. <개정 2026.9.8>
④ 공정거래위원회는 공제조합의 임직원이 다음 각 호의 어느 하나에 해당하는 경우에는 관련 임직원에 대한 징계ㆍ해임을 요구하거나 해당 위반행위를 시정하도록 명할 수 있다. <개정 2026.9.8>
1. 제30조제2항에 따른 공제규정을 위반하여 업무를 처리한 경우
2. 제3항에 따른 시정명령이나 조치를 이행하지 아니한 경우
⑤ 제4항에 따라 공제조합이 임직원의 해임 또는 징계면직의 조치를 요구받은 경우 해당 임직원은 그 날부터 그 조치가 확정되는 날까지 직무가 정지된다. <신설 2026.9.8>","법령명: 할부거래에 관한 법률
조문: 제31조 (공제조합의 감독)
내용: 제31조(공제조합의 감독)
① 공정거래위원회는 필요하다고 인정하면 공제조합에 대하여 업무 및 회계에 관한 보고서의 제출 또는 그 밖에 필요한 조치를 명하거나 소속 공무원으로 하여금 공제조합의 업무 및 회계 상황을 조사하거나 장부 또는 그 밖의 서류를 검사하게 할 수 있다.
② 제1항에 따라 조사 또는 검사를 하는 공무원은 그 권한을 표시하는 증표를 지니고 이를 관계인에게 보여 주어야 한다. <개정 2026.9.8>
③ 공정거래위원회는 공제조합의 운영 및 업무 집행 등이 법령이나 정관 등에 적합하지 아니한 경우 그 시정을 명할 수 있고, 그 밖에 소비자의 피해구제 등과 관련하여 필요한 경우에는 적합한 조치를 요구할 수 있다. <개정 2026.9.8>
④ 공정거래위원회는 공제조합의 임직원이 다음 각 호의 어느 하나에 해당하는 경우에는 관련 임직원에 대한 징계ㆍ해임을 요구하거나 해당 위반행위를 시정하도록 명할 수 있다. <개정 2026.9.8>
1. 제30조제2항에 따른 공제규정을 위반하여 업무를 처리한 경우
2. 제3항에 따른 시정명령이나 조치를 이행하지 아니한 경우
⑤ 제4항에 따라 공제조합이 임직원의 해임 또는 징계면직의 조치를 요구받은 경우 해당 임직원은 그 날부터 그 조치가 확정되는 날까지 직무가 정지된다. <신설 2026.9.8>",https://www.law.go.kr/법령/할부거래에 관한 법률
000355,할부거래에 관한 법률,법률,공정거래위원회,20270909,20260908,31,2,설립인가의 취소 등,제31조의2(설립인가의 취소 등),"① 공정거래위원회는 공제조합이 다음 각 호의 어느 하나에 해당하는 경우 그 설립인가를 취소할 수 있다. 다만, 제1호에 해당하는 경우에는 그 설립인가를 취소하여야 한다.
1. 거짓이나 그 밖의 부정한 방법으로 제28조제1항에 따른 설립인가를 받은 경우
2. 제28조제4항에 따른 출자금 규모에 미달한 경우
3. 최근 5년간 제31조제3항에 따른 시정명령이나 조치를 3회 이상 이행하지 아니한 경우
4. 정당한 사유 없이 1년 이상 계속하여 사업을 실시하지 아니한 경우
② 공정거래위원회는 제1항에 따라 공제조합의 설립인가를 취소하면 즉시 그 사실을 공고하여야 한다.
③ 공정거래위원회는 제1항에 따라 공제조합의 설립인가를 취소하는 경우 다른 공제조합을 지정하여 취소의 대상이 되는 공제조합이 체결한 제27조제1항제4호에 따른 공제계약을 이전받도록 권고할 수 있다.
④ 선불식 할부거래업자는 제1항에 따라 공제조합의 설립인가가 취소되어 공제계약이 해지된 경우 시ㆍ도지사에게 소비자피해보상보험계약등의 체결에 대한 이행계획을 즉시 제출하여야 한다.","제31조의2(설립인가의 취소 등)
① 공정거래위원회는 공제조합이 다음 각 호의 어느 하나에 해당하는 경우 그 설립인가를 취소할 수 있다. 다만, 제1호에 해당하는 경우에는 그 설립인가를 취소하여야 한다.
1. 거짓이나 그 밖의 부정한 방법으로 제28조제1항에 따른 설립인가를 받은 경우
2. 제28조제4항에 따른 출자금 규모에 미달한 경우
3. 최근 5년간 제31조제3항에 따른 시정명령이나 조치를 3회 이상 이행하지 아니한 경우
4. 정당한 사유 없이 1년 이상 계속하여 사업을 실시하지 아니한 경우
② 공정거래위원회는 제1항에 따라 공제조합의 설립인가를 취소하면 즉시 그 사실을 공고하여야 한다.
③ 공정거래위원회는 제1항에 따라 공제조합의 설립인가를 취소하는 경우 다른 공제조합을 지정하여 취소의 대상이 되는 공제조합이 체결한 제27조제1항제4호에 따른 공제계약을 이전받도록 권고할 수 있다.
④ 선불식 할부거래업자는 제1항에 따라 공제조합의 설립인가가 취소되어 공제계약이 해지된 경우 시ㆍ도지사에게 소비자피해보상보험계약등의 체결에 대한 이행계획을 즉시 제출하여야 한다.","법령명: 할부거래에 관한 법률
조문: 제31조의2 (설립인가의 취소 등)
내용: 제31조의2(설립인가의 취소 등)
① 공정거래위원회는 공제조합이 다음 각 호의 어느 하나에 해당하는 경우 그 설립인가를 취소할 수 있다. 다만, 제1호에 해당하는 경우에는 그 설립인가를 취소하여야 한다.
1. 거짓이나 그 밖의 부정한 방법으로 제28조제1항에 따른 설립인가를 받은 경우
2. 제28조제4항에 따른 출자금 규모에 미달한 경우
3. 최근 5년간 제31조제3항에 따른 시정명령이나 조치를 3회 이상 이행하지 아니한 경우
4. 정당한 사유 없이 1년 이상 계속하여 사업을 실시하지 아니한 경우
② 공정거래위원회는 제1항에 따라 공제조합의 설립인가를 취소하면 즉시 그 사실을 공고하여야 한다.
③ 공정거래위원회는 제1항에 따라 공제조합의 설립인가를 취소하는 경우 다른 공제조합을 지정하여 취소의 대상이 되는 공제조합이 체결한 제27조제1항제4호에 따른 공제계약을 이전받도록 권고할 수 있다.
④ 선불식 할부거래업자는 제1항에 따라 공제조합의 설립인가가 취소되어 공제계약이 해지된 경우 시ㆍ도지사에게 소비자피해보상보험계약등의 체결에 대한 이행계획을 즉시 제출하여야 한다.",https://www.law.go.kr/법령/할부거래에 관한 법률
000355,할부거래에 관한 법률,법률,공정거래위원회,20270909,20260908,32,,휴업기간 등에서의 청약의 철회 등에 관한 업무처리 등,제32조(휴업기간 등에서의 청약의 철회 등에 관한 업무처리 등),"① 선불식 할부거래업자는 그 휴업기간 또는 영업정지기간 중에도 제24조에 따른 청약의 철회나 제25조에 따른 계약의 해제 업무를 계속하여야 한다. <개정 2015.7.24>
② 선불식 할부거래업자는 그 영업을 휴업하거나 영업정지 처분을 받은 경우에는 그 휴업기간 또는 영업정지기간을 소비자에게 서면 또는 그 밖에 대통령령으로 정하는 방법에 따라 알려야 한다. <신설 2015.7.24>","제32조(휴업기간 등에서의 청약의 철회 등에 관한 업무처리 등)
① 선불식 할부거래업자는 그 휴업기간 또는 영업정지기간 중에도 제24조에 따른 청약의 철회나 제25조에 따른 계약의 해제 업무를 계속하여야 한다. <개정 2015.7.24>
② 선불식 할부거래업자는 그 영업을 휴업하거나 영업정지 처분을 받은 경우에는 그 휴업기간 또는 영업정지기간을 소비자에게 서면 또는 그 밖에 대통령령으로 정하는 방법에 따라 알려야 한다. <신설 2015.7.24>","법령명: 할부거래에 관한 법률
조문: 제32조 (휴업기간 등에서의 청약의 철회 등에 관한 업무처리 등)
내용: 제32조(휴업기간 등에서의 청약의 철회 등에 관한 업무처리 등)
① 선불식 할부거래업자는 그 휴업기간 또는 영업정지기간 중에도 제24조에 따른 청약의 철회나 제25조에 따른 계약의 해제 업무를 계속하여야 한다. <개정 2015.7.24>
② 선불식 할부거래업자는 그 영업을 휴업하거나 영업정지 처분을 받은 경우에는 그 휴업기간 또는 영업정지기간을 소비자에게 서면 또는 그 밖에 대통령령으로 정하는 방법에 따라 알려야 한다. <신설 2015.7.24>",https://www.law.go.kr/법령/할부거래에 관한 법률
000355,할부거래에 관한 법률,법률,공정거래위원회,20270909,20260908,33,,거래기록 등의 보존 및 열람,제33조(거래기록 등의 보존 및 열람),"① 선불식 할부거래업자는 재화등의 거래기록ㆍ소비자피해보상보험계약등의 체결내용 및 선불식 할부계약의 해제에 관한 기록 등(이하 ""거래기록등""이라 한다)을 해당 계약의 종료일 또는 해제일부터 5년 이내의 범위에서 대통령령으로 정하는 기간까지 보존하고, 그 보존기한까지 언제든지 소비자가 해당 거래기록등을 쉽게 열람할 수 있게 하여야 한다. <개정 2026.9.8>
② 제1항에 따라 선불식 할부거래업자가 보존하는 거래기록등의 대상ㆍ범위 및 보존ㆍ열람의 방법 등에 필요한 사항은 대통령령으로 정한다. <신설 2026.9.8>","제33조(거래기록 등의 보존 및 열람)
① 선불식 할부거래업자는 재화등의 거래기록ㆍ소비자피해보상보험계약등의 체결내용 및 선불식 할부계약의 해제에 관한 기록 등(이하 ""거래기록등""이라 한다)을 해당 계약의 종료일 또는 해제일부터 5년 이내의 범위에서 대통령령으로 정하는 기간까지 보존하고, 그 보존기한까지 언제든지 소비자가 해당 거래기록등을 쉽게 열람할 수 있게 하여야 한다. <개정 2026.9.8>
② 제1항에 따라 선불식 할부거래업자가 보존하는 거래기록등의 대상ㆍ범위 및 보존ㆍ열람의 방법 등에 필요한 사항은 대통령령으로 정한다. <신설 2026.9.8>","법령명: 할부거래에 관한 법률
조문: 제33조 (거래기록 등의 보존 및 열람)
내용: 제33조(거래기록 등의 보존 및 열람)
① 선불식 할부거래업자는 재화등의 거래기록ㆍ소비자피해보상보험계약등의 체결내용 및 선불식 할부계약의 해제에 관한 기록 등(이하 ""거래기록등""이라 한다)을 해당 계약의 종료일 또는 해제일부터 5년 이내의 범위에서 대통령령으로 정하는 기간까지 보존하고, 그 보존기한까지 언제든지 소비자가 해당 거래기록등을 쉽게 열람할 수 있게 하여야 한다. <개정 2026.9.8>
② 제1항에 따라 선불식 할부거래업자가 보존하는 거래기록등의 대상ㆍ범위 및 보존ㆍ열람의 방법 등에 필요한 사항은 대통령령으로 정한다. <신설 2026.9.8>",https://www.law.go.kr/법령/할부거래에 관한 법률
000355,할부거래에 관한 법률,법률,공정거래위원회,20270909,20260908,34,,금지행위,"제34조(금지행위) 선불식 할부거래업자등은 다음 각 호의 어느 하나에 해당하는 행위를 하여서는 아니 된다. 다만, 제7호, 제9호, 제13호 및 제14호는 모집인에게는 적용되지 아니한다. <개정 2015.7.24, 2026.9.8>","1. 계약의 체결을 강요하거나 청약의 철회 또는 계약의 해제를 방해할 목적으로 상대방을 위협하는 행위
2. 거짓ㆍ과장된 사실을 알리거나 기만적 방법을 사용하여 상대방과의 거래를 유도하거나 청약의 철회 또는 계약의 해제를 방해하는 행위
3. 청약의 철회 또는 계약의 해제를 방해할 목적으로 주소ㆍ전화번호 등을 변경하는 행위
4. 분쟁이나 불만처리에 필요한 인력 또는 설비가 부족한 상태를  상당 기간 방치하여 상대방에게 피해를 주는 행위
5. 상대방의 청약이 없음에도 재화등의 대금을 청구하는 행위
6. 소비자가 계약을 체결할 의사가 없음을 밝혔음에도 전화, 팩스, 컴퓨터통신 등을 통하여 계약체결을 강요하는 행위
7. 소비자피해보상보험계약등을 체결하지 아니하고 영업하는 행위
8. 소비자피해보상보험계약등을 체결하지 아니하였음에도 소비자피해보상보험계약등을 체결한 사실을 나타내는 표지나 이와 유사한 표지를 제작 또는 사용하는 행위
9. 소비자피해보상보험계약등에 따라 보전하여야 할 금액을 보전하지 아니하고 영업하는 행위
10. 본인의 허락을 받지 아니하거나 허락받은 범위를 넘어 소비자에 관한 정보를 이용(제3자에게 제공하는 경우를 포함한다)하는 행위. 다만, 다음 각 목의 어느 하나에 해당하는 경우는 제외한다.
가. 재화등의 배송 등 소비자와의 계약이행에 불가피한 경우로서 대통령령으로 정하는 경우
나. 재화등의 거래에 따른 대금을 정산하기 위하여 필요한 경우
다. 도용을 방지하기 위하여 본인임을 확인할 때 필요한 경우로서 대통령령으로 정하는 경우
라. 제27조의4제3항 및 제4항에 따라 선불식 할부거래 정보시스템의 구축ㆍ운영을 위하여 공정거래위원회(같은 조 제6항에 따라 그 운영을 위탁받은 기관 또는 단체를 포함한다)에 소비자에 관한 정보를 제공하는 경우
마. 다른 법률에 따라 불가피한 사유가 있는 경우
11. 소비자가 계약을 해제하였음에도 불구하고 정당한 사유 없이 이에 따른 조치를 지연하거나 거부하는 행위
12. 청약의 철회 또는 계약의 해제와 관련하여 분쟁이 발생한 경우 대금을 지급받기 위하여 소비자에게 위계를 사용하거나 위력을 가하는 행위
13. 자신이 공급하는 재화등을 소비자가 양도ㆍ양수하는 것을 상당한 이유 없이 제한하거나 양도ㆍ양수함에 있어 과다한 비용을 부과하는 행위
14. 다른 사람에게 자기의 명의 또는 상호를 사용하여 선불식 할부거래업을 하게 하거나 선불식 할부거래업 등록증을 대여하는 행위
15. 「방문판매 등에 관한 법률」 제2조제5호에 따른 다단계판매 방식으로 선불식 할부계약을 체결하거나 선불식 할부계약의 체결을 대리 또는 중개하는 행위
16. 금전대차 관계를 이용하여 선불식 할부계약의 체결을 요구하는 행위
17. 소비자와 체결한 선불식 할부계약 중 일부에 대하여 이전계약을 체결하는 행위
18. 이전계약을 체결한 선불식 할부거래업자가 해당 이전계약에 대한 소비자의 동의를 받지 아니하고 소비자의 예금 등에서 금원을 인출하는 행위","제34조(금지행위) 선불식 할부거래업자등은 다음 각 호의 어느 하나에 해당하는 행위를 하여서는 아니 된다. 다만, 제7호, 제9호, 제13호 및 제14호는 모집인에게는 적용되지 아니한다. <개정 2015.7.24, 2026.9.8>
1. 계약의 체결을 강요하거나 청약의 철회 또는 계약의 해제를 방해할 목적으로 상대방을 위협하는 행위
2. 거짓ㆍ과장된 사실을 알리거나 기만적 방법을 사용하여 상대방과의 거래를 유도하거나 청약의 철회 또는 계약의 해제를 방해하는 행위
3. 청약의 철회 또는 계약의 해제를 방해할 목적으로 주소ㆍ전화번호 등을 변경하는 행위
4. 분쟁이나 불만처리에 필요한 인력 또는 설비가 부족한 상태를  상당 기간 방치하여 상대방에게 피해를 주는 행위
5. 상대방의 청약이 없음에도 재화등의 대금을 청구하는 행위
6. 소비자가 계약을 체결할 의사가 없음을 밝혔음에도 전화, 팩스, 컴퓨터통신 등을 통하여 계약체결을 강요하는 행위
7. 소비자피해보상보험계약등을 체결하지 아니하고 영업하는 행위
8. 소비자피해보상보험계약등을 체결하지 아니하였음에도 소비자피해보상보험계약등을 체결한 사실을 나타내는 표지나 이와 유사한 표지를 제작 또는 사용하는 행위
9. 소비자피해보상보험계약등에 따라 보전하여야 할 금액을 보전하지 아니하고 영업하는 행위
10. 본인의 허락을 받지 아니하거나 허락받은 범위를 넘어 소비자에 관한 정보를 이용(제3자에게 제공하는 경우를 포함한다)하는 행위. 다만, 다음 각 목의 어느 하나에 해당하는 경우는 제외한다.
가. 재화등의 배송 등 소비자와의 계약이행에 불가피한 경우로서 대통령령으로 정하는 경우
나. 재화등의 거래에 따른 대금을 정산하기 위하여 필요한 경우
다. 도용을 방지하기 위하여 본인임을 확인할 때 필요한 경우로서 대통령령으로 정하는 경우
라. 제27조의4제3항 및 제4항에 따라 선불식 할부거래 정보시스템의 구축ㆍ운영을 위하여 공정거래위원회(같은 조 제6항에 따라 그 운영을 위탁받은 기관 또는 단체를 포함한다)에 소비자에 관한 정보를 제공하는 경우
마. 다른 법률에 따라 불가피한 사유가 있는 경우
11. 소비자가 계약을 해제하였음에도 불구하고 정당한 사유 없이 이에 따른 조치를 지연하거나 거부하는 행위
12. 청약의 철회 또는 계약의 해제와 관련하여 분쟁이 발생한 경우 대금을 지급받기 위하여 소비자에게 위계를 사용하거나 위력을 가하는 행위
13. 자신이 공급하는 재화등을 소비자가 양도ㆍ양수하는 것을 상당한 이유 없이 제한하거나 양도ㆍ양수함에 있어 과다한 비용을 부과하는 행위
14. 다른 사람에게 자기의 명의 또는 상호를 사용하여 선불식 할부거래업을 하게 하거나 선불식 할부거래업 등록증을 대여하는 행위
15. 「방문판매 등에 관한 법률」 제2조제5호에 따른 다단계판매 방식으로 선불식 할부계약을 체결하거나 선불식 할부계약의 체결을 대리 또는 중개하는 행위
16. 금전대차 관계를 이용하여 선불식 할부계약의 체결을 요구하는 행위
17. 소비자와 체결한 선불식 할부계약 중 일부에 대하여 이전계약을 체결하는 행위
18. 이전계약을 체결한 선불식 할부거래업자가 해당 이전계약에 대한 소비자의 동의를 받지 아니하고 소비자의 예금 등에서 금원을 인출하는 행위","법령명: 할부거래에 관한 법률
조문: 제34조 (금지행위)
내용: 제34조(금지행위) 선불식 할부거래업자등은 다음 각 호의 어느 하나에 해당하는 행위를 하여서는 아니 된다. 다만, 제7호, 제9호, 제13호 및 제14호는 모집인에게는 적용되지 아니한다. <개정 2015.7.24, 2026.9.8>
1. 계약의 체결을 강요하거나 청약의 철회 또는 계약의 해제를 방해할 목적으로 상대방을 위협하는 행위
2. 거짓ㆍ과장된 사실을 알리거나 기만적 방법을 사용하여 상대방과의 거래를 유도하거나 청약의 철회 또는 계약의 해제를 방해하는 행위
3. 청약의 철회 또는 계약의 해제를 방해할 목적으로 주소ㆍ전화번호 등을 변경하는 행위
4. 분쟁이나 불만처리에 필요한 인력 또는 설비가 부족한 상태를  상당 기간 방치하여 상대방에게 피해를 주는 행위
5. 상대방의 청약이 없음에도 재화등의 대금을 청구하는 행위
6. 소비자가 계약을 체결할 의사가 없음을 밝혔음에도 전화, 팩스, 컴퓨터통신 등을 통하여 계약체결을 강요하는 행위
7. 소비자피해보상보험계약등을 체결하지 아니하고 영업하는 행위
8. 소비자피해보상보험계약등을 체결하지 아니하였음에도 소비자피해보상보험계약등을 체결한 사실을 나타내는 표지나 이와 유사한 표지를 제작 또는 사용하는 행위
9. 소비자피해보상보험계약등에 따라 보전하여야 할 금액을 보전하지 아니하고 영업하는 행위
10. 본인의 허락을 받지 아니하거나 허락받은 범위를 넘어 소비자에 관한 정보를 이용(제3자에게 제공하는 경우를 포함한다)하는 행위. 다만, 다음 각 목의 어느 하나에 해당하는 경우는 제외한다.
가. 재화등의 배송 등 소비자와의 계약이행에 불가피한 경우로서 대통령령으로 정하는 경우
나. 재화등의 거래에 따른 대금을 정산하기 위하여 필요한 경우
다. 도용을 방지하기 위하여 본인임을 확인할 때 필요한 경우로서 대통령령으로 정하는 경우
라. 제27조의4제3항 및 제4항에 따라 선불식 할부거래 정보시스템의 구축ㆍ운영을 위하여 공정거래위원회(같은 조 제6항에 따라 그 운영을 위탁받은 기관 또는 단체를 포함한다)에 소비자에 관한 정보를 제공하는 경우
마. 다른 법률에 따라 불가피한 사유가 있는 경우
11. 소비자가 계약을 해제하였음에도 불구하고 정당한 사유 없이 이에 따른 조치를 지연하거나 거부하는 행위
12. 청약의 철회 또는 계약의 해제와 관련하여 분쟁이 발생한 경우 대금을 지급받기 위하여 소비자에게 위계를 사용하거나 위력을 가하는 행위
13. 자신이 공급하는 재화등을 소비자가 양도ㆍ양수하는 것을 상당한 이유 없이 제한하거나 양도ㆍ양수함에 있어 과다한 비용을 부과하는 행위
14. 다른 사람에게 자기의 명의 또는 상호를 사용하여 선불식 할부거래업을 하게 하거나 선불식 할부거래업 등록증을 대여하는 행위
15. 「방문판매 등에 관한 법률」 제2조제5호에 따른 다단계판매 방식으로 선불식 할부계약을 체결하거나 선불식 할부계약의 체결을 대리 또는 중개하는 행위
16. 금전대차 관계를 이용하여 선불식 할부계약의 체결을 요구하는 행위
17. 소비자와 체결한 선불식 할부계약 중 일부에 대하여 이전계약을 체결하는 행위
18. 이전계약을 체결한 선불식 할부거래업자가 해당 이전계약에 대한 소비자의 동의를 받지 아니하고 소비자의 예금 등에서 금원을 인출하는 행위",https://www.law.go.kr/법령/할부거래에 관한 법률
000355,할부거래에 관한 법률,법률,공정거래위원회,20270909,20260908,34,2,지배주주 등에 대한 거래제한 등,제34조의2(지배주주 등에 대한 거래제한 등),"① 선불식 할부거래업자가 그 지배주주 및 특수관계인(이하 ""지배주주등""이라 한다)에게 제공할 수 있는 신용공여의 합계액은 그 선불식 할부거래업자의 자본금의 100분의 50을 넘을 수 없다.
② 선불식 할부거래업자는 추가적인 신용공여를 하지 아니하였음에도 불구하고 자본금의 변동, 지배주주등의 변경 등으로 제1항에 따른 한도를 넘게 되는 경우에는 대통령령으로 정하는 기간 이내에 제1항에 따른 한도에 적합하도록 하여야 한다.
③ 선불식 할부거래업자는 해당 선불식 할부거래업자의 지배주주등에 대하여 대통령령으로 정하는 금액 이상의 신용공여를 하려는 경우에는 미리 재적임원 전원의 찬성을 거쳐야 한다. 다만, 법률 또는 정관에 따라 이사회를 두는 경우에는 재적이사 전원의 찬성에 의한 이사회 의결로 한다.
④ 제3항 본문에서 ""재적임원""이란 「독점규제 및 공정거래에 관한 법률」 제2조제6호가목부터 라목까지의 자로서 등기부에 등재된 자와 이에 준하여 정관 또는 등기부에 업무집행의 책임이 있는 자로 기재된 자로서 대통령령으로 정하는 자를 말한다.
⑤ 선불식 할부거래업자는 해당 선불식 할부거래업자의 지배주주등에 대하여 대통령령으로 정하는 금액 이상의 신용공여를 한 경우에는 지체 없이 그 사실을 공정거래위원회에 보고하고 인터넷 홈페이지 등을 이용하여 공시하여야 한다.
⑥ 선불식 할부거래업자는 해당 선불식 할부거래업자의 지배주주등에 대한 신용공여에 관한 사항을 대통령령으로 정하는 바에 따라 분기별로 공정거래위원회에 보고하고 인터넷 홈페이지 등을 이용하여 공시하여야 한다.","제34조의2(지배주주 등에 대한 거래제한 등)
① 선불식 할부거래업자가 그 지배주주 및 특수관계인(이하 ""지배주주등""이라 한다)에게 제공할 수 있는 신용공여의 합계액은 그 선불식 할부거래업자의 자본금의 100분의 50을 넘을 수 없다.
② 선불식 할부거래업자는 추가적인 신용공여를 하지 아니하였음에도 불구하고 자본금의 변동, 지배주주등의 변경 등으로 제1항에 따른 한도를 넘게 되는 경우에는 대통령령으로 정하는 기간 이내에 제1항에 따른 한도에 적합하도록 하여야 한다.
③ 선불식 할부거래업자는 해당 선불식 할부거래업자의 지배주주등에 대하여 대통령령으로 정하는 금액 이상의 신용공여를 하려는 경우에는 미리 재적임원 전원의 찬성을 거쳐야 한다. 다만, 법률 또는 정관에 따라 이사회를 두는 경우에는 재적이사 전원의 찬성에 의한 이사회 의결로 한다.
④ 제3항 본문에서 ""재적임원""이란 「독점규제 및 공정거래에 관한 법률」 제2조제6호가목부터 라목까지의 자로서 등기부에 등재된 자와 이에 준하여 정관 또는 등기부에 업무집행의 책임이 있는 자로 기재된 자로서 대통령령으로 정하는 자를 말한다.
⑤ 선불식 할부거래업자는 해당 선불식 할부거래업자의 지배주주등에 대하여 대통령령으로 정하는 금액 이상의 신용공여를 한 경우에는 지체 없이 그 사실을 공정거래위원회에 보고하고 인터넷 홈페이지 등을 이용하여 공시하여야 한다.
⑥ 선불식 할부거래업자는 해당 선불식 할부거래업자의 지배주주등에 대한 신용공여에 관한 사항을 대통령령으로 정하는 바에 따라 분기별로 공정거래위원회에 보고하고 인터넷 홈페이지 등을 이용하여 공시하여야 한다.","법령명: 할부거래에 관한 법률
조문: 제34조의2 (지배주주 등에 대한 거래제한 등)
내용: 제34조의2(지배주주 등에 대한 거래제한 등)
① 선불식 할부거래업자가 그 지배주주 및 특수관계인(이하 ""지배주주등""이라 한다)에게 제공할 수 있는 신용공여의 합계액은 그 선불식 할부거래업자의 자본금의 100분의 50을 넘을 수 없다.
② 선불식 할부거래업자는 추가적인 신용공여를 하지 아니하였음에도 불구하고 자본금의 변동, 지배주주등의 변경 등으로 제1항에 따른 한도를 넘게 되는 경우에는 대통령령으로 정하는 기간 이내에 제1항에 따른 한도에 적합하도록 하여야 한다.
③ 선불식 할부거래업자는 해당 선불식 할부거래업자의 지배주주등에 대하여 대통령령으로 정하는 금액 이상의 신용공여를 하려는 경우에는 미리 재적임원 전원의 찬성을 거쳐야 한다. 다만, 법률 또는 정관에 따라 이사회를 두는 경우에는 재적이사 전원의 찬성에 의한 이사회 의결로 한다.
④ 제3항 본문에서 ""재적임원""이란 「독점규제 및 공정거래에 관한 법률」 제2조제6호가목부터 라목까지의 자로서 등기부에 등재된 자와 이에 준하여 정관 또는 등기부에 업무집행의 책임이 있는 자로 기재된 자로서 대통령령으로 정하는 자를 말한다.
⑤ 선불식 할부거래업자는 해당 선불식 할부거래업자의 지배주주등에 대하여 대통령령으로 정하는 금액 이상의 신용공여를 한 경우에는 지체 없이 그 사실을 공정거래위원회에 보고하고 인터넷 홈페이지 등을 이용하여 공시하여야 한다.
⑥ 선불식 할부거래업자는 해당 선불식 할부거래업자의 지배주주등에 대한 신용공여에 관한 사항을 대통령령으로 정하는 바에 따라 분기별로 공정거래위원회에 보고하고 인터넷 홈페이지 등을 이용하여 공시하여야 한다.",https://www.law.go.kr/법령/할부거래에 관한 법률
000355,할부거래에 관한 법률,법률,공정거래위원회,20270909,20260908,35,,위반행위의 조사,제35조(위반행위의 조사),"① 공정거래위원회, 시ㆍ도지사 또는 시장ㆍ군수ㆍ구청장은 선불식 할부거래업자가 이 법을 위반한 사실이 있다고 인정할 때에는 직권으로 필요한 조사를 할 수 있다. <개정 2026.9.8>
② 시ㆍ도지사 또는 시장ㆍ군수ㆍ구청장이 제1항에 따른 조사를 하려는 경우에는 공정거래위원회에 통보하여야 하며, 공정거래위원회는 조사 등이 중복될 우려가 있는 경우에는 시ㆍ도지사 또는 시장ㆍ군수ㆍ구청장에게 조사의 중지를 요청할 수 있다. 이 경우 요청을 받은 시ㆍ도지사 또는 시장ㆍ군수ㆍ구청장은 상당한 이유가 없으면 그 조사를 중지하여야 한다.
③ 공정거래위원회, 시ㆍ도지사 또는 시장ㆍ군수ㆍ구청장은 제1항에 따라 조사를 한 경우에는 그 결과(조사 결과 시정조치명령 등의 처분을 하려는 경우에는 그 처분의 내용을 포함한다)를 해당 사건의 당사자에게 문서로 알려야 한다.
④ 누구든지 선불식 할부거래업자가 이 법을 위반한 사실이 있다고 인정할 때에는 그 사실을 공정거래위원회, 시ㆍ도지사 또는 시장ㆍ군수ㆍ구청장에게 신고할 수 있다.
⑤ 공정거래위원회는 선불식 할부거래업자의 이 법 위반행위가 끝난 날부터 5년이 지난 경우 그 위반행위에 대하여는 이 법에 따른 시정조치를 명하지 아니하거나 과징금을 부과하지 아니한다. 다만, 시정조치 또는 과징금 부과처분이 판결의 취지에 따라 취소된 경우로서 그 판결이유에 따라 새로운 처분을 하는 경우에는 그러하지 아니하다.
⑥ 공정거래위원회는 제1항의 조사를 위하여 한국소비자원과 합동으로 조사반을 구성할 수 있다. 이 경우 조사반의 구성과 조사에 관한 구체적 방법과 절차, 그 밖에 필요한 사항은 대통령령으로 정한다. <개정 2026.9.8>
⑦ 삭제 <2026.9.8>","제35조(위반행위의 조사)
① 공정거래위원회, 시ㆍ도지사 또는 시장ㆍ군수ㆍ구청장은 선불식 할부거래업자가 이 법을 위반한 사실이 있다고 인정할 때에는 직권으로 필요한 조사를 할 수 있다. <개정 2026.9.8>
② 시ㆍ도지사 또는 시장ㆍ군수ㆍ구청장이 제1항에 따른 조사를 하려는 경우에는 공정거래위원회에 통보하여야 하며, 공정거래위원회는 조사 등이 중복될 우려가 있는 경우에는 시ㆍ도지사 또는 시장ㆍ군수ㆍ구청장에게 조사의 중지를 요청할 수 있다. 이 경우 요청을 받은 시ㆍ도지사 또는 시장ㆍ군수ㆍ구청장은 상당한 이유가 없으면 그 조사를 중지하여야 한다.
③ 공정거래위원회, 시ㆍ도지사 또는 시장ㆍ군수ㆍ구청장은 제1항에 따라 조사를 한 경우에는 그 결과(조사 결과 시정조치명령 등의 처분을 하려는 경우에는 그 처분의 내용을 포함한다)를 해당 사건의 당사자에게 문서로 알려야 한다.
④ 누구든지 선불식 할부거래업자가 이 법을 위반한 사실이 있다고 인정할 때에는 그 사실을 공정거래위원회, 시ㆍ도지사 또는 시장ㆍ군수ㆍ구청장에게 신고할 수 있다.
⑤ 공정거래위원회는 선불식 할부거래업자의 이 법 위반행위가 끝난 날부터 5년이 지난 경우 그 위반행위에 대하여는 이 법에 따른 시정조치를 명하지 아니하거나 과징금을 부과하지 아니한다. 다만, 시정조치 또는 과징금 부과처분이 판결의 취지에 따라 취소된 경우로서 그 판결이유에 따라 새로운 처분을 하는 경우에는 그러하지 아니하다.
⑥ 공정거래위원회는 제1항의 조사를 위하여 한국소비자원과 합동으로 조사반을 구성할 수 있다. 이 경우 조사반의 구성과 조사에 관한 구체적 방법과 절차, 그 밖에 필요한 사항은 대통령령으로 정한다. <개정 2026.9.8>
⑦ 삭제 <2026.9.8>","법령명: 할부거래에 관한 법률
조문: 제35조 (위반행위의 조사)
내용: 제35조(위반행위의 조사)
① 공정거래위원회, 시ㆍ도지사 또는 시장ㆍ군수ㆍ구청장은 선불식 할부거래업자가 이 법을 위반한 사실이 있다고 인정할 때에는 직권으로 필요한 조사를 할 수 있다. <개정 2026.9.8>
② 시ㆍ도지사 또는 시장ㆍ군수ㆍ구청장이 제1항에 따른 조사를 하려는 경우에는 공정거래위원회에 통보하여야 하며, 공정거래위원회는 조사 등이 중복될 우려가 있는 경우에는 시ㆍ도지사 또는 시장ㆍ군수ㆍ구청장에게 조사의 중지를 요청할 수 있다. 이 경우 요청을 받은 시ㆍ도지사 또는 시장ㆍ군수ㆍ구청장은 상당한 이유가 없으면 그 조사를 중지하여야 한다.
③ 공정거래위원회, 시ㆍ도지사 또는 시장ㆍ군수ㆍ구청장은 제1항에 따라 조사를 한 경우에는 그 결과(조사 결과 시정조치명령 등의 처분을 하려는 경우에는 그 처분의 내용을 포함한다)를 해당 사건의 당사자에게 문서로 알려야 한다.
④ 누구든지 선불식 할부거래업자가 이 법을 위반한 사실이 있다고 인정할 때에는 그 사실을 공정거래위원회, 시ㆍ도지사 또는 시장ㆍ군수ㆍ구청장에게 신고할 수 있다.
⑤ 공정거래위원회는 선불식 할부거래업자의 이 법 위반행위가 끝난 날부터 5년이 지난 경우 그 위반행위에 대하여는 이 법에 따른 시정조치를 명하지 아니하거나 과징금을 부과하지 아니한다. 다만, 시정조치 또는 과징금 부과처분이 판결의 취지에 따라 취소된 경우로서 그 판결이유에 따라 새로운 처분을 하는 경우에는 그러하지 아니하다.
⑥ 공정거래위원회는 제1항의 조사를 위하여 한국소비자원과 합동으로 조사반을 구성할 수 있다. 이 경우 조사반의 구성과 조사에 관한 구체적 방법과 절차, 그 밖에 필요한 사항은 대통령령으로 정한다. <개정 2026.9.8>
⑦ 삭제 <2026.9.8>",https://www.law.go.kr/법령/할부거래에 관한 법률
000355,할부거래에 관한 법률,법률,공정거래위원회,20270909,20260908,35,2,실태조사 등,제35조의2(실태조사 등),"① 공정거래위원회는 선불식 할부거래에서의 건전한 거래질서 확립 및 소비자보호를 위하여 선불식 할부거래에 대한 실태조사를 실시할 수 있다.
② 공정거래위원회는 공익 또는 소비자 등을 보호하기 위하여 이 법에서 정하는 업무의 수행에 필요하다고 인정하는 경우에는 선불식 할부거래업자에게 필요한 자료의 제출을 요구할 수 있다. 이 경우 자료의 제출을 요구받은 자는 정당한 사유가 없으면 이를 제출하여야 한다.
③ 제1항에 따른 실태조사의 방법, 절차 등에 필요한 사항은 대통령령으로 정한다.","제35조의2(실태조사 등)
① 공정거래위원회는 선불식 할부거래에서의 건전한 거래질서 확립 및 소비자보호를 위하여 선불식 할부거래에 대한 실태조사를 실시할 수 있다.
② 공정거래위원회는 공익 또는 소비자 등을 보호하기 위하여 이 법에서 정하는 업무의 수행에 필요하다고 인정하는 경우에는 선불식 할부거래업자에게 필요한 자료의 제출을 요구할 수 있다. 이 경우 자료의 제출을 요구받은 자는 정당한 사유가 없으면 이를 제출하여야 한다.
③ 제1항에 따른 실태조사의 방법, 절차 등에 필요한 사항은 대통령령으로 정한다.","법령명: 할부거래에 관한 법률
조문: 제35조의2 (실태조사 등)
내용: 제35조의2(실태조사 등)
① 공정거래위원회는 선불식 할부거래에서의 건전한 거래질서 확립 및 소비자보호를 위하여 선불식 할부거래에 대한 실태조사를 실시할 수 있다.
② 공정거래위원회는 공익 또는 소비자 등을 보호하기 위하여 이 법에서 정하는 업무의 수행에 필요하다고 인정하는 경우에는 선불식 할부거래업자에게 필요한 자료의 제출을 요구할 수 있다. 이 경우 자료의 제출을 요구받은 자는 정당한 사유가 없으면 이를 제출하여야 한다.
③ 제1항에 따른 실태조사의 방법, 절차 등에 필요한 사항은 대통령령으로 정한다.",https://www.law.go.kr/법령/할부거래에 관한 법률
000355,할부거래에 관한 법률,법률,공정거래위원회,20270909,20260908,36,,부당행위에 대한 정보의 공개,제36조(부당행위에 대한 정보의 공개) 공정거래위원회는 선불식 할부거래에서의 공정거래질서 확립과 소비자 피해예방을 위하여 필요한 경우에는 대통령령으로 정하는 바에 따라 선불식 할부거래업자의 이 법 위반행위에 대한 조사 결과 등 부당행위에 대한 정보를 공개할 수 있다.,,제36조(부당행위에 대한 정보의 공개) 공정거래위원회는 선불식 할부거래에서의 공정거래질서 확립과 소비자 피해예방을 위하여 필요한 경우에는 대통령령으로 정하는 바에 따라 선불식 할부거래업자의 이 법 위반행위에 대한 조사 결과 등 부당행위에 대한 정보를 공개할 수 있다.,"법령명: 할부거래에 관한 법률
조문: 제36조 (부당행위에 대한 정보의 공개)
내용: 제36조(부당행위에 대한 정보의 공개) 공정거래위원회는 선불식 할부거래에서의 공정거래질서 확립과 소비자 피해예방을 위하여 필요한 경우에는 대통령령으로 정하는 바에 따라 선불식 할부거래업자의 이 법 위반행위에 대한 조사 결과 등 부당행위에 대한 정보를 공개할 수 있다.",https://www.law.go.kr/법령/할부거래에 관한 법률
000355,할부거래에 관한 법률,법률,공정거래위원회,20270909,20260908,37,,보고 및 감독,제37조(보고 및 감독),"① 시ㆍ도지사 또는 시장ㆍ군수ㆍ구청장은 제38조에 따른 시정권고를 하는 경우에는 대통령령으로 정하는 바에 따라 공정거래위원회에 보고하여야 한다.
② 공정거래위원회는 이 법의 효율적인 시행을 위하여 필요하다고 인정할 때에는 그 소관 사항에 관하여 시ㆍ도지사 또는 시장ㆍ군수ㆍ구청장에게 조사ㆍ확인 또는 자료의 제출을 요구하거나 그 밖에 시정에 필요한 조치를 하도록 요구할 수 있다. 이 경우 시ㆍ도지사 또는 시장ㆍ군수ㆍ구청장은 특별한 사유가 없으면 이에 따라야 한다.","제37조(보고 및 감독)
① 시ㆍ도지사 또는 시장ㆍ군수ㆍ구청장은 제38조에 따른 시정권고를 하는 경우에는 대통령령으로 정하는 바에 따라 공정거래위원회에 보고하여야 한다.
② 공정거래위원회는 이 법의 효율적인 시행을 위하여 필요하다고 인정할 때에는 그 소관 사항에 관하여 시ㆍ도지사 또는 시장ㆍ군수ㆍ구청장에게 조사ㆍ확인 또는 자료의 제출을 요구하거나 그 밖에 시정에 필요한 조치를 하도록 요구할 수 있다. 이 경우 시ㆍ도지사 또는 시장ㆍ군수ㆍ구청장은 특별한 사유가 없으면 이에 따라야 한다.","법령명: 할부거래에 관한 법률
조문: 제37조 (보고 및 감독)
내용: 제37조(보고 및 감독)
① 시ㆍ도지사 또는 시장ㆍ군수ㆍ구청장은 제38조에 따른 시정권고를 하는 경우에는 대통령령으로 정하는 바에 따라 공정거래위원회에 보고하여야 한다.
② 공정거래위원회는 이 법의 효율적인 시행을 위하여 필요하다고 인정할 때에는 그 소관 사항에 관하여 시ㆍ도지사 또는 시장ㆍ군수ㆍ구청장에게 조사ㆍ확인 또는 자료의 제출을 요구하거나 그 밖에 시정에 필요한 조치를 하도록 요구할 수 있다. 이 경우 시ㆍ도지사 또는 시장ㆍ군수ㆍ구청장은 특별한 사유가 없으면 이에 따라야 한다.",https://www.law.go.kr/법령/할부거래에 관한 법률
000355,할부거래에 관한 법률,법률,공정거래위원회,20270909,20260908,38,,위반행위의 시정권고,제38조(위반행위의 시정권고),"① 공정거래위원회, 시ㆍ도지사 또는 시장ㆍ군수ㆍ구청장(이하 이 조에서 ""행정청""이라 한다)은 선불식 할부거래업자가 이 법에 위반되는 행위를 하거나 이 법에 따른 의무를 이행하지 아니하는 경우 제39조에 따른 시정조치를 하기 전에 그 선불식 할부거래업자가 해당 행위의 중지, 이 법에 따른 의무의 이행, 그 밖에 소비자 피해예방 및 구제에 필요한 조치를 하도록 시정 방안을 정하여 그 선불식 할부거래업자에게 이에 따를 것을 권고할 수 있다. 이 경우 해당 선불식 할부거래업자가 그 권고를 수락한 경우에는 제3항에 따라 시정조치가 내려진 것으로 본다는 뜻을 함께 통지하여야 한다.
② 제1항에 따라 시정권고를 받은 선불식 할부거래업자는 그 통지를 받은 날부터 10일 이내에 그 권고의 수락 여부를 시정권고를 한 행정청에 통지하여야 한다.
③ 제1항에 따라 시정권고를 받은 선불식 할부거래업자가 이를 수락한 때에는 제39조에 따른 시정조치가 내려진 것으로 본다.","제38조(위반행위의 시정권고)
① 공정거래위원회, 시ㆍ도지사 또는 시장ㆍ군수ㆍ구청장(이하 이 조에서 ""행정청""이라 한다)은 선불식 할부거래업자가 이 법에 위반되는 행위를 하거나 이 법에 따른 의무를 이행하지 아니하는 경우 제39조에 따른 시정조치를 하기 전에 그 선불식 할부거래업자가 해당 행위의 중지, 이 법에 따른 의무의 이행, 그 밖에 소비자 피해예방 및 구제에 필요한 조치를 하도록 시정 방안을 정하여 그 선불식 할부거래업자에게 이에 따를 것을 권고할 수 있다. 이 경우 해당 선불식 할부거래업자가 그 권고를 수락한 경우에는 제3항에 따라 시정조치가 내려진 것으로 본다는 뜻을 함께 통지하여야 한다.
② 제1항에 따라 시정권고를 받은 선불식 할부거래업자는 그 통지를 받은 날부터 10일 이내에 그 권고의 수락 여부를 시정권고를 한 행정청에 통지하여야 한다.
③ 제1항에 따라 시정권고를 받은 선불식 할부거래업자가 이를 수락한 때에는 제39조에 따른 시정조치가 내려진 것으로 본다.","법령명: 할부거래에 관한 법률
조문: 제38조 (위반행위의 시정권고)
내용: 제38조(위반행위의 시정권고)
① 공정거래위원회, 시ㆍ도지사 또는 시장ㆍ군수ㆍ구청장(이하 이 조에서 ""행정청""이라 한다)은 선불식 할부거래업자가 이 법에 위반되는 행위를 하거나 이 법에 따른 의무를 이행하지 아니하는 경우 제39조에 따른 시정조치를 하기 전에 그 선불식 할부거래업자가 해당 행위의 중지, 이 법에 따른 의무의 이행, 그 밖에 소비자 피해예방 및 구제에 필요한 조치를 하도록 시정 방안을 정하여 그 선불식 할부거래업자에게 이에 따를 것을 권고할 수 있다. 이 경우 해당 선불식 할부거래업자가 그 권고를 수락한 경우에는 제3항에 따라 시정조치가 내려진 것으로 본다는 뜻을 함께 통지하여야 한다.
② 제1항에 따라 시정권고를 받은 선불식 할부거래업자는 그 통지를 받은 날부터 10일 이내에 그 권고의 수락 여부를 시정권고를 한 행정청에 통지하여야 한다.
③ 제1항에 따라 시정권고를 받은 선불식 할부거래업자가 이를 수락한 때에는 제39조에 따른 시정조치가 내려진 것으로 본다.",https://www.law.go.kr/법령/할부거래에 관한 법률
000355,할부거래에 관한 법률,법률,공정거래위원회,20270909,20260908,39,,시정조치,제39조(시정조치),"① 공정거래위원회는 선불식 할부거래업자가 다음 각 호의 어느 하나에 해당하는 행위를 하거나 이 법에 따른 의무를 이행하지 아니한 경우 해당 선불식 할부거래업자에게 그 시정을 위한 조치를 명할 수 있다. <개정 2015.7.24, 2023.3.21, 2026.9.8>
1. 제18조제1항ㆍ제3항ㆍ제5항ㆍ제7항, 제19조, 제20조, 제22조, 제22조의2, 제23조부터 제26조까지, 제27조제1항ㆍ제3항부터 제5항까지ㆍ제7항ㆍ제8항ㆍ제11항, 제27조의2, 제27조의4제3항ㆍ제4항, 제32조, 제33조제1항, 제34조의2를 위반하는 경우
2. 제34조 각 호의 어느 하나에 해당하는 금지행위를 한 경우
② 제1항에 따른 시정을 위한 조치에는 다음 각 호의 어느 하나에 해당하는 조치를 포함한다.
1. 해당 위반행위의 중지
2. 이 법에 규정된 의무의 이행
3. 시정조치를 받은 사실의 공표
4. 소비자피해 예방 및 구제에 필요한 조치
5. 그 밖에 시정을 위하여 필요한 조치
③ 제2항제3호에 따른 시정조치를 받은 사실의 공표에 관하여 필요한 사항은 대통령령으로 정한다.","제39조(시정조치)
① 공정거래위원회는 선불식 할부거래업자가 다음 각 호의 어느 하나에 해당하는 행위를 하거나 이 법에 따른 의무를 이행하지 아니한 경우 해당 선불식 할부거래업자에게 그 시정을 위한 조치를 명할 수 있다. <개정 2015.7.24, 2023.3.21, 2026.9.8>
1. 제18조제1항ㆍ제3항ㆍ제5항ㆍ제7항, 제19조, 제20조, 제22조, 제22조의2, 제23조부터 제26조까지, 제27조제1항ㆍ제3항부터 제5항까지ㆍ제7항ㆍ제8항ㆍ제11항, 제27조의2, 제27조의4제3항ㆍ제4항, 제32조, 제33조제1항, 제34조의2를 위반하는 경우
2. 제34조 각 호의 어느 하나에 해당하는 금지행위를 한 경우
② 제1항에 따른 시정을 위한 조치에는 다음 각 호의 어느 하나에 해당하는 조치를 포함한다.
1. 해당 위반행위의 중지
2. 이 법에 규정된 의무의 이행
3. 시정조치를 받은 사실의 공표
4. 소비자피해 예방 및 구제에 필요한 조치
5. 그 밖에 시정을 위하여 필요한 조치
③ 제2항제3호에 따른 시정조치를 받은 사실의 공표에 관하여 필요한 사항은 대통령령으로 정한다.","법령명: 할부거래에 관한 법률
조문: 제39조 (시정조치)
내용: 제39조(시정조치)
① 공정거래위원회는 선불식 할부거래업자가 다음 각 호의 어느 하나에 해당하는 행위를 하거나 이 법에 따른 의무를 이행하지 아니한 경우 해당 선불식 할부거래업자에게 그 시정을 위한 조치를 명할 수 있다. <개정 2015.7.24, 2023.3.21, 2026.9.8>
1. 제18조제1항ㆍ제3항ㆍ제5항ㆍ제7항, 제19조, 제20조, 제22조, 제22조의2, 제23조부터 제26조까지, 제27조제1항ㆍ제3항부터 제5항까지ㆍ제7항ㆍ제8항ㆍ제11항, 제27조의2, 제27조의4제3항ㆍ제4항, 제32조, 제33조제1항, 제34조의2를 위반하는 경우
2. 제34조 각 호의 어느 하나에 해당하는 금지행위를 한 경우
② 제1항에 따른 시정을 위한 조치에는 다음 각 호의 어느 하나에 해당하는 조치를 포함한다.
1. 해당 위반행위의 중지
2. 이 법에 규정된 의무의 이행
3. 시정조치를 받은 사실의 공표
4. 소비자피해 예방 및 구제에 필요한 조치
5. 그 밖에 시정을 위하여 필요한 조치
③ 제2항제3호에 따른 시정조치를 받은 사실의 공표에 관하여 필요한 사항은 대통령령으로 정한다.",https://www.law.go.kr/법령/할부거래에 관한 법률
000355,할부거래에 관한 법률,법률,공정거래위원회,20270909,20260908,39,2,관계 기관의 협조,제39조의2(관계 기관의 협조),"① 공정거래위원회는 지급의무자가 이 법을 위반한 혐의가 있다고 인정되는 때에는 금융위원회 등 해당 지급의무자를 감독하는 중앙행정기관의 장에게 해당 지급의무자에 대한 조사, 제재 등 그 시정을 위하여 필요한 조치를 요청할 수 있다.
② 공정거래위원회는 선불식 할부거래업자의 제34조의2에 따른 의무위반행위로 인하여 제35조제1항에 따른 의무위반행위의 조사를 하는 경우 금융위원회에 지원을 요청할 수 있다. <신설 2026.9.8>
③ 금융위원회는 제2항에 따른 요청을 받은 경우 「금융위원회의 설치 등에 관한 법률」 제24조에 따른 금융감독원의 원장으로 하여금 공정거래위원회와 제35조제1항에 따른 의무위반행위의 조사를 하게 할 수 있다. 이 경우 제35조제6항을 준용하되, ""한국소비자원""은 ""금융감독원""으로 본다. <신설 2026.9.8>
④ 제1항부터 제3항까지에 따라 요청을 받은 자는 특별한 사유가 없으면 이에 응하여야 한다. <개정 2026.9.8>","제39조의2(관계 기관의 협조)
① 공정거래위원회는 지급의무자가 이 법을 위반한 혐의가 있다고 인정되는 때에는 금융위원회 등 해당 지급의무자를 감독하는 중앙행정기관의 장에게 해당 지급의무자에 대한 조사, 제재 등 그 시정을 위하여 필요한 조치를 요청할 수 있다.
② 공정거래위원회는 선불식 할부거래업자의 제34조의2에 따른 의무위반행위로 인하여 제35조제1항에 따른 의무위반행위의 조사를 하는 경우 금융위원회에 지원을 요청할 수 있다. <신설 2026.9.8>
③ 금융위원회는 제2항에 따른 요청을 받은 경우 「금융위원회의 설치 등에 관한 법률」 제24조에 따른 금융감독원의 원장으로 하여금 공정거래위원회와 제35조제1항에 따른 의무위반행위의 조사를 하게 할 수 있다. 이 경우 제35조제6항을 준용하되, ""한국소비자원""은 ""금융감독원""으로 본다. <신설 2026.9.8>
④ 제1항부터 제3항까지에 따라 요청을 받은 자는 특별한 사유가 없으면 이에 응하여야 한다. <개정 2026.9.8>","법령명: 할부거래에 관한 법률
조문: 제39조의2 (관계 기관의 협조)
내용: 제39조의2(관계 기관의 협조)
① 공정거래위원회는 지급의무자가 이 법을 위반한 혐의가 있다고 인정되는 때에는 금융위원회 등 해당 지급의무자를 감독하는 중앙행정기관의 장에게 해당 지급의무자에 대한 조사, 제재 등 그 시정을 위하여 필요한 조치를 요청할 수 있다.
② 공정거래위원회는 선불식 할부거래업자의 제34조의2에 따른 의무위반행위로 인하여 제35조제1항에 따른 의무위반행위의 조사를 하는 경우 금융위원회에 지원을 요청할 수 있다. <신설 2026.9.8>
③ 금융위원회는 제2항에 따른 요청을 받은 경우 「금융위원회의 설치 등에 관한 법률」 제24조에 따른 금융감독원의 원장으로 하여금 공정거래위원회와 제35조제1항에 따른 의무위반행위의 조사를 하게 할 수 있다. 이 경우 제35조제6항을 준용하되, ""한국소비자원""은 ""금융감독원""으로 본다. <신설 2026.9.8>
④ 제1항부터 제3항까지에 따라 요청을 받은 자는 특별한 사유가 없으면 이에 응하여야 한다. <개정 2026.9.8>",https://www.law.go.kr/법령/할부거래에 관한 법률
000355,할부거래에 관한 법률,법률,공정거래위원회,20270909,20260908,40,,영업정지 등,제40조(영업정지 등),"① 공정거래위원회는 선불식 할부거래업자가 다음 각 호의 어느 하나에 해당하는 경우에는 대통령령으로 정하는 바에 따라 1년 이내의 기간을 정하여 그 영업의 전부 또는 일부의 정지를 명할 수 있다. <개정 2015.7.24, 2023.3.21, 2026.9.8>
1. 제39조제1항에 따른 시정조치명령에도 불구하고 최근 3년간 같은 위반행위를 2회 이상 반복한 경우(행위의 기준은 처분일로 한다)
2. 제39조제1항에 따른 시정조치명령을 이행하지 아니한 경우
3. 제39조제1항에 따른 시정조치명령만으로는 소비자의 피해를 방지하기 어렵거나 소비자에 대한 피해보상이 불가능하다고 판단되는 경우
② 시ㆍ도지사는 선불식 할부거래업자가 다음 각 호의 어느 하나에 해당하는 경우 그 등록을 취소할 수 있다. 다만, 제1호 및 제2호에 해당하는 경우에는 그 등록을 취소하여야 한다. <개정 2015.7.24, 2023.3.21>
1. 거짓이나 그 밖의 부정한 방법으로 제18조제1항에 따른 등록을 한 경우
1의2. 제19조의 요건을 갖추지 못하게 된 경우
2. 제20조 각 호의 결격사유에 해당하게 된 경우
3. 소비자피해보상보험계약등이 해지된 경우
4. 영업정지기간 중에 영업을 하는 경우
5. 최근 5년간 제1항에 따른 영업정지 명령을 3회 이상 받은 경우(제42조에 따라 영업정지에 갈음하여 과징금을 부과받은 경우도 포함한다)
③ 삭제 <2026.9.8>","제40조(영업정지 등)
① 공정거래위원회는 선불식 할부거래업자가 다음 각 호의 어느 하나에 해당하는 경우에는 대통령령으로 정하는 바에 따라 1년 이내의 기간을 정하여 그 영업의 전부 또는 일부의 정지를 명할 수 있다. <개정 2015.7.24, 2023.3.21, 2026.9.8>
1. 제39조제1항에 따른 시정조치명령에도 불구하고 최근 3년간 같은 위반행위를 2회 이상 반복한 경우(행위의 기준은 처분일로 한다)
2. 제39조제1항에 따른 시정조치명령을 이행하지 아니한 경우
3. 제39조제1항에 따른 시정조치명령만으로는 소비자의 피해를 방지하기 어렵거나 소비자에 대한 피해보상이 불가능하다고 판단되는 경우
② 시ㆍ도지사는 선불식 할부거래업자가 다음 각 호의 어느 하나에 해당하는 경우 그 등록을 취소할 수 있다. 다만, 제1호 및 제2호에 해당하는 경우에는 그 등록을 취소하여야 한다. <개정 2015.7.24, 2023.3.21>
1. 거짓이나 그 밖의 부정한 방법으로 제18조제1항에 따른 등록을 한 경우
1의2. 제19조의 요건을 갖추지 못하게 된 경우
2. 제20조 각 호의 결격사유에 해당하게 된 경우
3. 소비자피해보상보험계약등이 해지된 경우
4. 영업정지기간 중에 영업을 하는 경우
5. 최근 5년간 제1항에 따른 영업정지 명령을 3회 이상 받은 경우(제42조에 따라 영업정지에 갈음하여 과징금을 부과받은 경우도 포함한다)
③ 삭제 <2026.9.8>","법령명: 할부거래에 관한 법률
조문: 제40조 (영업정지 등)
내용: 제40조(영업정지 등)
① 공정거래위원회는 선불식 할부거래업자가 다음 각 호의 어느 하나에 해당하는 경우에는 대통령령으로 정하는 바에 따라 1년 이내의 기간을 정하여 그 영업의 전부 또는 일부의 정지를 명할 수 있다. <개정 2015.7.24, 2023.3.21, 2026.9.8>
1. 제39조제1항에 따른 시정조치명령에도 불구하고 최근 3년간 같은 위반행위를 2회 이상 반복한 경우(행위의 기준은 처분일로 한다)
2. 제39조제1항에 따른 시정조치명령을 이행하지 아니한 경우
3. 제39조제1항에 따른 시정조치명령만으로는 소비자의 피해를 방지하기 어렵거나 소비자에 대한 피해보상이 불가능하다고 판단되는 경우
② 시ㆍ도지사는 선불식 할부거래업자가 다음 각 호의 어느 하나에 해당하는 경우 그 등록을 취소할 수 있다. 다만, 제1호 및 제2호에 해당하는 경우에는 그 등록을 취소하여야 한다. <개정 2015.7.24, 2023.3.21>
1. 거짓이나 그 밖의 부정한 방법으로 제18조제1항에 따른 등록을 한 경우
1의2. 제19조의 요건을 갖추지 못하게 된 경우
2. 제20조 각 호의 결격사유에 해당하게 된 경우
3. 소비자피해보상보험계약등이 해지된 경우
4. 영업정지기간 중에 영업을 하는 경우
5. 최근 5년간 제1항에 따른 영업정지 명령을 3회 이상 받은 경우(제42조에 따라 영업정지에 갈음하여 과징금을 부과받은 경우도 포함한다)
③ 삭제 <2026.9.8>",https://www.law.go.kr/법령/할부거래에 관한 법률
000355,할부거래에 관한 법률,법률,공정거래위원회,20270909,20260908,41,,소비자피해분쟁조정의 요청,제41조(소비자피해분쟁조정의 요청),"① 공정거래위원회, 시ㆍ도지사 또는 시장ㆍ군수ㆍ구청장은 이 법 위반행위와 관련하여 소비자의 피해구제신청이 있으면 제38조에 따른 시정권고 또는 제39조에 따른 시정조치를 하기 전에 선불식 할부거래에 관한 소비자보호 관련 업무를 수행하는 기관 또는 단체 등 대통령령으로 정하는 소비자피해분쟁조정기구에 그 조정을 의뢰할 수 있다. 이 경우 공정거래위원회, 시ㆍ도지사 또는 시장ㆍ군수ㆍ구청장은 조정안을 당사자가 수락하고 이행하는 경우에는 제39조에 따른 시정조치를 하지 아니한다는 뜻을 당사자에게 알려야 한다.
② 제1항에 따른 소비자피해분쟁조정기구의 조정안에 대하여 당사자가 수락하고 이행한 경우에는 대통령령으로 정하는 바에 따라 제39조에 따른 시정조치를 하지 아니한다.
③ 공정거래위원회는 제1항에 따라 분쟁의 조정을 요청하는 경우 예산의 범위에서 해당 분쟁의 조정에 필요한 예산을 지원할 수 있다.","제41조(소비자피해분쟁조정의 요청)
① 공정거래위원회, 시ㆍ도지사 또는 시장ㆍ군수ㆍ구청장은 이 법 위반행위와 관련하여 소비자의 피해구제신청이 있으면 제38조에 따른 시정권고 또는 제39조에 따른 시정조치를 하기 전에 선불식 할부거래에 관한 소비자보호 관련 업무를 수행하는 기관 또는 단체 등 대통령령으로 정하는 소비자피해분쟁조정기구에 그 조정을 의뢰할 수 있다. 이 경우 공정거래위원회, 시ㆍ도지사 또는 시장ㆍ군수ㆍ구청장은 조정안을 당사자가 수락하고 이행하는 경우에는 제39조에 따른 시정조치를 하지 아니한다는 뜻을 당사자에게 알려야 한다.
② 제1항에 따른 소비자피해분쟁조정기구의 조정안에 대하여 당사자가 수락하고 이행한 경우에는 대통령령으로 정하는 바에 따라 제39조에 따른 시정조치를 하지 아니한다.
③ 공정거래위원회는 제1항에 따라 분쟁의 조정을 요청하는 경우 예산의 범위에서 해당 분쟁의 조정에 필요한 예산을 지원할 수 있다.","법령명: 할부거래에 관한 법률
조문: 제41조 (소비자피해분쟁조정의 요청)
내용: 제41조(소비자피해분쟁조정의 요청)
① 공정거래위원회, 시ㆍ도지사 또는 시장ㆍ군수ㆍ구청장은 이 법 위반행위와 관련하여 소비자의 피해구제신청이 있으면 제38조에 따른 시정권고 또는 제39조에 따른 시정조치를 하기 전에 선불식 할부거래에 관한 소비자보호 관련 업무를 수행하는 기관 또는 단체 등 대통령령으로 정하는 소비자피해분쟁조정기구에 그 조정을 의뢰할 수 있다. 이 경우 공정거래위원회, 시ㆍ도지사 또는 시장ㆍ군수ㆍ구청장은 조정안을 당사자가 수락하고 이행하는 경우에는 제39조에 따른 시정조치를 하지 아니한다는 뜻을 당사자에게 알려야 한다.
② 제1항에 따른 소비자피해분쟁조정기구의 조정안에 대하여 당사자가 수락하고 이행한 경우에는 대통령령으로 정하는 바에 따라 제39조에 따른 시정조치를 하지 아니한다.
③ 공정거래위원회는 제1항에 따라 분쟁의 조정을 요청하는 경우 예산의 범위에서 해당 분쟁의 조정에 필요한 예산을 지원할 수 있다.",https://www.law.go.kr/법령/할부거래에 관한 법률
000355,할부거래에 관한 법률,법률,공정거래위원회,20270909,20260908,42,,과징금,제42조(과징금),"① 공정거래위원회는 제40조제1항에 따라 영업정지를 명하여야 할 경우로서 영업정지가 소비자에게 심한 불편을 주거나 공익을 해할 우려가 있으면 영업정지를 갈음하여 해당 선불식 할부거래업자에 대하여 대통령령으로 정하는 위반행위 관련 매출액을 초과하지 아니하는 범위에서 과징금을 부과할 수 있다. 이 경우 관련 매출액이 없거나 이를 산정할 수 없는 경우 등에는 5천만원을 초과하지 아니하는 범위에서 과징금을 부과할 수 있다.
② 공정거래위원회는 제1항에 따른 과징금을 부과할 때 다음 각 호의 사항을 고려하여야 한다.
1. 위반행위로 인한 소비자 피해정도
2. 소비자피해에 대한 선불식 할부거래업자의 보상노력 정도
3. 위반행위로 인하여 취득한 이익의 규모
4. 위반행위의 내용ㆍ기간 및 횟수 등
③ 공정거래위원회는 이 법을 위반한 선불식 할부거래업자인 회사의 합병이 있는 경우에는 그 회사가 행한 위반행위를 합병 후 존속하거나 합병으로 새로 설립된 회사가 한 행위로 보아 과징금을 부과ㆍ징수할 수 있다.
④ 삭제 <2023.3.21>
⑤ 제1항에 따른 과징금의 부과기준은 대통령령으로 정한다.","제42조(과징금)
① 공정거래위원회는 제40조제1항에 따라 영업정지를 명하여야 할 경우로서 영업정지가 소비자에게 심한 불편을 주거나 공익을 해할 우려가 있으면 영업정지를 갈음하여 해당 선불식 할부거래업자에 대하여 대통령령으로 정하는 위반행위 관련 매출액을 초과하지 아니하는 범위에서 과징금을 부과할 수 있다. 이 경우 관련 매출액이 없거나 이를 산정할 수 없는 경우 등에는 5천만원을 초과하지 아니하는 범위에서 과징금을 부과할 수 있다.
② 공정거래위원회는 제1항에 따른 과징금을 부과할 때 다음 각 호의 사항을 고려하여야 한다.
1. 위반행위로 인한 소비자 피해정도
2. 소비자피해에 대한 선불식 할부거래업자의 보상노력 정도
3. 위반행위로 인하여 취득한 이익의 규모
4. 위반행위의 내용ㆍ기간 및 횟수 등
③ 공정거래위원회는 이 법을 위반한 선불식 할부거래업자인 회사의 합병이 있는 경우에는 그 회사가 행한 위반행위를 합병 후 존속하거나 합병으로 새로 설립된 회사가 한 행위로 보아 과징금을 부과ㆍ징수할 수 있다.
④ 삭제 <2023.3.21>
⑤ 제1항에 따른 과징금의 부과기준은 대통령령으로 정한다.","법령명: 할부거래에 관한 법률
조문: 제42조 (과징금)
내용: 제42조(과징금)
① 공정거래위원회는 제40조제1항에 따라 영업정지를 명하여야 할 경우로서 영업정지가 소비자에게 심한 불편을 주거나 공익을 해할 우려가 있으면 영업정지를 갈음하여 해당 선불식 할부거래업자에 대하여 대통령령으로 정하는 위반행위 관련 매출액을 초과하지 아니하는 범위에서 과징금을 부과할 수 있다. 이 경우 관련 매출액이 없거나 이를 산정할 수 없는 경우 등에는 5천만원을 초과하지 아니하는 범위에서 과징금을 부과할 수 있다.
② 공정거래위원회는 제1항에 따른 과징금을 부과할 때 다음 각 호의 사항을 고려하여야 한다.
1. 위반행위로 인한 소비자 피해정도
2. 소비자피해에 대한 선불식 할부거래업자의 보상노력 정도
3. 위반행위로 인하여 취득한 이익의 규모
4. 위반행위의 내용ㆍ기간 및 횟수 등
③ 공정거래위원회는 이 법을 위반한 선불식 할부거래업자인 회사의 합병이 있는 경우에는 그 회사가 행한 위반행위를 합병 후 존속하거나 합병으로 새로 설립된 회사가 한 행위로 보아 과징금을 부과ㆍ징수할 수 있다.
④ 삭제 <2023.3.21>
⑤ 제1항에 따른 과징금의 부과기준은 대통령령으로 정한다.",https://www.law.go.kr/법령/할부거래에 관한 법률
000355,할부거래에 관한 법률,법률,공정거래위원회,20270909,20260908,42,2,준용규정,제42조의2(준용규정) 선불식 할부거래에 관하여는 이 법에서 다르게 정하거나 성질에 반하지 아니하면 할부거래에 관한 제12조부터 제16조까지의 규정을 준용한다.,,제42조의2(준용규정) 선불식 할부거래에 관하여는 이 법에서 다르게 정하거나 성질에 반하지 아니하면 할부거래에 관한 제12조부터 제16조까지의 규정을 준용한다.,"법령명: 할부거래에 관한 법률
조문: 제42조의2 (준용규정)
내용: 제42조의2(준용규정) 선불식 할부거래에 관하여는 이 법에서 다르게 정하거나 성질에 반하지 아니하면 할부거래에 관한 제12조부터 제16조까지의 규정을 준용한다.",https://www.law.go.kr/법령/할부거래에 관한 법률
000355,할부거래에 관한 법률,법률,공정거래위원회,20270909,20260908,43,,소비자에게 불리한 계약의 금지,"제43조(소비자에게 불리한 계약의 금지) 제6조부터 제13조까지, 제15조, 제16조, 제22조의2, 제23조부터 제26조까지의 규정을 위반한 약정으로서 소비자에게 불리한 것은 효력이 없다. <개정 2015.7.24>",,"제43조(소비자에게 불리한 계약의 금지) 제6조부터 제13조까지, 제15조, 제16조, 제22조의2, 제23조부터 제26조까지의 규정을 위반한 약정으로서 소비자에게 불리한 것은 효력이 없다. <개정 2015.7.24>","법령명: 할부거래에 관한 법률
조문: 제43조 (소비자에게 불리한 계약의 금지)
내용: 제43조(소비자에게 불리한 계약의 금지) 제6조부터 제13조까지, 제15조, 제16조, 제22조의2, 제23조부터 제26조까지의 규정을 위반한 약정으로서 소비자에게 불리한 것은 효력이 없다. <개정 2015.7.24>",https://www.law.go.kr/법령/할부거래에 관한 법률
000355,할부거래에 관한 법률,법률,공정거래위원회,20270909,20260908,44,,전속관할,"제44조(전속관할) 할부거래 및 선불식 할부거래와 관련된 소(訴)는 제소 당시 소비자의 주소를, 주소가 없는 경우에는 거소를 관할하는 지방법원의 전속관할로 한다. 다만, 제소 당시 소비자의 주소 및 거소가 분명하지 아니한 경우에는 「민사소송법」의 관련 규정을 준용한다.",,"제44조(전속관할) 할부거래 및 선불식 할부거래와 관련된 소(訴)는 제소 당시 소비자의 주소를, 주소가 없는 경우에는 거소를 관할하는 지방법원의 전속관할로 한다. 다만, 제소 당시 소비자의 주소 및 거소가 분명하지 아니한 경우에는 「민사소송법」의 관련 규정을 준용한다.","법령명: 할부거래에 관한 법률
조문: 제44조 (전속관할)
내용: 제44조(전속관할) 할부거래 및 선불식 할부거래와 관련된 소(訴)는 제소 당시 소비자의 주소를, 주소가 없는 경우에는 거소를 관할하는 지방법원의 전속관할로 한다. 다만, 제소 당시 소비자의 주소 및 거소가 분명하지 아니한 경우에는 「민사소송법」의 관련 규정을 준용한다.",https://www.law.go.kr/법령/할부거래에 관한 법률
000355,할부거래에 관한 법률,법률,공정거래위원회,20270909,20260908,45,,사업자단체의 등록,제45조(사업자단체의 등록),"① 할부거래 및 선불식 할부거래의 건전한 발전과 소비자의 신뢰도 제고, 그 밖에 공동이익의 증진을 목적으로 설립된 사업자단체는 대통령령으로 정하는 바에 따라 공정거래위원회에 등록할 수 있다.
② 제1항에 따른 등록의 요건, 방법 및 절차 등에 관하여 필요한 사항은 대통령령으로 정한다.","제45조(사업자단체의 등록)
① 할부거래 및 선불식 할부거래의 건전한 발전과 소비자의 신뢰도 제고, 그 밖에 공동이익의 증진을 목적으로 설립된 사업자단체는 대통령령으로 정하는 바에 따라 공정거래위원회에 등록할 수 있다.
② 제1항에 따른 등록의 요건, 방법 및 절차 등에 관하여 필요한 사항은 대통령령으로 정한다.","법령명: 할부거래에 관한 법률
조문: 제45조 (사업자단체의 등록)
내용: 제45조(사업자단체의 등록)
① 할부거래 및 선불식 할부거래의 건전한 발전과 소비자의 신뢰도 제고, 그 밖에 공동이익의 증진을 목적으로 설립된 사업자단체는 대통령령으로 정하는 바에 따라 공정거래위원회에 등록할 수 있다.
② 제1항에 따른 등록의 요건, 방법 및 절차 등에 관하여 필요한 사항은 대통령령으로 정한다.",https://www.law.go.kr/법령/할부거래에 관한 법률
000355,할부거래에 관한 법률,법률,공정거래위원회,20270909,20260908,45,2,청문,제45조의2(청문),"① 공정거래위원회는 제31조의2제1항에 따라 공제조합의 설립인가를 취소하려면 청문을 하여야 한다.
② 시ㆍ도지사는 제40조제2항에 따라 선불식 할부거래업자의 등록을 취소하려면 청문을 하여야 한다.","제45조의2(청문)
① 공정거래위원회는 제31조의2제1항에 따라 공제조합의 설립인가를 취소하려면 청문을 하여야 한다.
② 시ㆍ도지사는 제40조제2항에 따라 선불식 할부거래업자의 등록을 취소하려면 청문을 하여야 한다.","법령명: 할부거래에 관한 법률
조문: 제45조의2 (청문)
내용: 제45조의2(청문)
① 공정거래위원회는 제31조의2제1항에 따라 공제조합의 설립인가를 취소하려면 청문을 하여야 한다.
② 시ㆍ도지사는 제40조제2항에 따라 선불식 할부거래업자의 등록을 취소하려면 청문을 하여야 한다.",https://www.law.go.kr/법령/할부거래에 관한 법률
000355,할부거래에 관한 법률,법률,공정거래위원회,20270909,20260908,46,,권한 등의 위임ㆍ위탁,제46조(권한 등의 위임ㆍ위탁),"① 공정거래위원회는 이 법에 따른 권한 또는 사무의 일부를 대통령령으로 정하는 바에 따라 시ㆍ도지사에게 위임하거나 한국소비자원에 위탁할 수 있다. <신설 2026.9.8>
② 공정거래위원회는 이 법을 효율적으로 집행하기 위하여 제18조제6항에 따른 선불식 할부거래업자에 관한 정보의 공개 등 대통령령으로 정하는 사무의 일부를 제45조에 따라 등록한 사업자단체에 위탁할 수 있다. <개정 2018.12.31, 2023.3.21, 2026.9.8>
③ 삭제 <2026.9.8>
④ 제1항 또는 제2항에 따라 위임하거나 위탁한 권한 또는 사무에 대한 감독, 처리ㆍ보고, 조사ㆍ확인, 자료의 제출 또는 시정에 필요한 조치의 요구 등에 관하여 필요한 사항은 대통령령으로 정한다. <개정 2026.9.8>","제46조(권한 등의 위임ㆍ위탁)
① 공정거래위원회는 이 법에 따른 권한 또는 사무의 일부를 대통령령으로 정하는 바에 따라 시ㆍ도지사에게 위임하거나 한국소비자원에 위탁할 수 있다. <신설 2026.9.8>
② 공정거래위원회는 이 법을 효율적으로 집행하기 위하여 제18조제6항에 따른 선불식 할부거래업자에 관한 정보의 공개 등 대통령령으로 정하는 사무의 일부를 제45조에 따라 등록한 사업자단체에 위탁할 수 있다. <개정 2018.12.31, 2023.3.21, 2026.9.8>
③ 삭제 <2026.9.8>
④ 제1항 또는 제2항에 따라 위임하거나 위탁한 권한 또는 사무에 대한 감독, 처리ㆍ보고, 조사ㆍ확인, 자료의 제출 또는 시정에 필요한 조치의 요구 등에 관하여 필요한 사항은 대통령령으로 정한다. <개정 2026.9.8>","법령명: 할부거래에 관한 법률
조문: 제46조 (권한 등의 위임ㆍ위탁)
내용: 제46조(권한 등의 위임ㆍ위탁)
① 공정거래위원회는 이 법에 따른 권한 또는 사무의 일부를 대통령령으로 정하는 바에 따라 시ㆍ도지사에게 위임하거나 한국소비자원에 위탁할 수 있다. <신설 2026.9.8>
② 공정거래위원회는 이 법을 효율적으로 집행하기 위하여 제18조제6항에 따른 선불식 할부거래업자에 관한 정보의 공개 등 대통령령으로 정하는 사무의 일부를 제45조에 따라 등록한 사업자단체에 위탁할 수 있다. <개정 2018.12.31, 2023.3.21, 2026.9.8>
③ 삭제 <2026.9.8>
④ 제1항 또는 제2항에 따라 위임하거나 위탁한 권한 또는 사무에 대한 감독, 처리ㆍ보고, 조사ㆍ확인, 자료의 제출 또는 시정에 필요한 조치의 요구 등에 관하여 필요한 사항은 대통령령으로 정한다. <개정 2026.9.8>",https://www.law.go.kr/법령/할부거래에 관한 법률
000355,할부거래에 관한 법률,법률,공정거래위원회,20270909,20260908,47,,「독점규제 및 공정거래에 관한 법률」의 준용,제47조(「독점규제 및 공정거래에 관한 법률」의 준용),"① 이 법에 따른 공정거래위원회의 심의ㆍ의결에 관하여는 「독점규제 및 공정거래에 관한 법률」 제64조부터 제68조까지 및 제93조를 준용한다. <개정 2020.12.29>
② 이 법 시행을 위한 공정거래위원회, 시ㆍ도지사 또는 시장ㆍ군수ㆍ구청장의 조사 등에 관하여는 「독점규제 및 공정거래에 관한 법률」 제81조제1항부터 제3항까지, 제6항 및 제9항을 준용한다 <개정 2020.12.29, 2023.3.21>
③ 이 법에 따른 공정거래위원회의 처분 및 시ㆍ도지사의 처분에 대한 이의신청, 시정조치명령의 집행정지, 소의 제기 및 불복의 소의 전속관할에 관하여는 「독점규제 및 공정거래에 관한 법률」 제96조, 제97조, 제98조의2 및 제99조부터 제101조까지를 준용한다. <개정 2020.12.29, 2024.2.6>
④ 이 법에 따른 과징금의 부과ㆍ징수에 관하여는 「독점규제 및 공정거래에 관한 법률」 제103조부터 제107조까지의 규정을 준용한다. <신설 2023.3.21>
⑤ 이 법에 따른 직무에 종사하거나 종사하였던 공정거래위원회의 위원 또는 공무원에 대하여는 「독점규제 및 공정거래에 관한 법률」 제119조를 준용한다. <개정 2020.12.29, 2023.3.21>","제47조(「독점규제 및 공정거래에 관한 법률」의 준용)
① 이 법에 따른 공정거래위원회의 심의ㆍ의결에 관하여는 「독점규제 및 공정거래에 관한 법률」 제64조부터 제68조까지 및 제93조를 준용한다. <개정 2020.12.29>
② 이 법 시행을 위한 공정거래위원회, 시ㆍ도지사 또는 시장ㆍ군수ㆍ구청장의 조사 등에 관하여는 「독점규제 및 공정거래에 관한 법률」 제81조제1항부터 제3항까지, 제6항 및 제9항을 준용한다 <개정 2020.12.29, 2023.3.21>
③ 이 법에 따른 공정거래위원회의 처분 및 시ㆍ도지사의 처분에 대한 이의신청, 시정조치명령의 집행정지, 소의 제기 및 불복의 소의 전속관할에 관하여는 「독점규제 및 공정거래에 관한 법률」 제96조, 제97조, 제98조의2 및 제99조부터 제101조까지를 준용한다. <개정 2020.12.29, 2024.2.6>
④ 이 법에 따른 과징금의 부과ㆍ징수에 관하여는 「독점규제 및 공정거래에 관한 법률」 제103조부터 제107조까지의 규정을 준용한다. <신설 2023.3.21>
⑤ 이 법에 따른 직무에 종사하거나 종사하였던 공정거래위원회의 위원 또는 공무원에 대하여는 「독점규제 및 공정거래에 관한 법률」 제119조를 준용한다. <개정 2020.12.29, 2023.3.21>","법령명: 할부거래에 관한 법률
조문: 제47조 (「독점규제 및 공정거래에 관한 법률」의 준용)
내용: 제47조(「독점규제 및 공정거래에 관한 법률」의 준용)
① 이 법에 따른 공정거래위원회의 심의ㆍ의결에 관하여는 「독점규제 및 공정거래에 관한 법률」 제64조부터 제68조까지 및 제93조를 준용한다. <개정 2020.12.29>
② 이 법 시행을 위한 공정거래위원회, 시ㆍ도지사 또는 시장ㆍ군수ㆍ구청장의 조사 등에 관하여는 「독점규제 및 공정거래에 관한 법률」 제81조제1항부터 제3항까지, 제6항 및 제9항을 준용한다 <개정 2020.12.29, 2023.3.21>
③ 이 법에 따른 공정거래위원회의 처분 및 시ㆍ도지사의 처분에 대한 이의신청, 시정조치명령의 집행정지, 소의 제기 및 불복의 소의 전속관할에 관하여는 「독점규제 및 공정거래에 관한 법률」 제96조, 제97조, 제98조의2 및 제99조부터 제101조까지를 준용한다. <개정 2020.12.29, 2024.2.6>
④ 이 법에 따른 과징금의 부과ㆍ징수에 관하여는 「독점규제 및 공정거래에 관한 법률」 제103조부터 제107조까지의 규정을 준용한다. <신설 2023.3.21>
⑤ 이 법에 따른 직무에 종사하거나 종사하였던 공정거래위원회의 위원 또는 공무원에 대하여는 「독점규제 및 공정거래에 관한 법률」 제119조를 준용한다. <개정 2020.12.29, 2023.3.21>",https://www.law.go.kr/법령/할부거래에 관한 법률
000355,할부거래에 관한 법률,법률,공정거래위원회,20270909,20260908,47,2,벌칙 적용에서 공무원 의제,제47조의2(벌칙 적용에서 공무원 의제) 다음 각 호의 어느 하나에 해당하는 사람은 「형법」 제129조부터 제132조까지를 적용할 때에는 공무원으로 본다.,"1. 제27조의4제6항에 따라 선불식 할부거래 정보시스템의 운영 업무를 담당하는 기관 또는 단체의 임직원
2. 제35조제6항에 따라 같은 조 제1항의 조사 업무를 담당하는 한국소비자원의 임직원
3. 제39조의2제3항에 따라 제35조제1항의 조사 업무를 담당하는 금융감독원의 임직원
4. 제46조제1항 또는 제2항에 따라 사무를 위탁받은 한국소비자원 및 사업자단체의 임직원","제47조의2(벌칙 적용에서 공무원 의제) 다음 각 호의 어느 하나에 해당하는 사람은 「형법」 제129조부터 제132조까지를 적용할 때에는 공무원으로 본다.
1. 제27조의4제6항에 따라 선불식 할부거래 정보시스템의 운영 업무를 담당하는 기관 또는 단체의 임직원
2. 제35조제6항에 따라 같은 조 제1항의 조사 업무를 담당하는 한국소비자원의 임직원
3. 제39조의2제3항에 따라 제35조제1항의 조사 업무를 담당하는 금융감독원의 임직원
4. 제46조제1항 또는 제2항에 따라 사무를 위탁받은 한국소비자원 및 사업자단체의 임직원","법령명: 할부거래에 관한 법률
조문: 제47조의2 (벌칙 적용에서 공무원 의제)
내용: 제47조의2(벌칙 적용에서 공무원 의제) 다음 각 호의 어느 하나에 해당하는 사람은 「형법」 제129조부터 제132조까지를 적용할 때에는 공무원으로 본다.
1. 제27조의4제6항에 따라 선불식 할부거래 정보시스템의 운영 업무를 담당하는 기관 또는 단체의 임직원
2. 제35조제6항에 따라 같은 조 제1항의 조사 업무를 담당하는 한국소비자원의 임직원
3. 제39조의2제3항에 따라 제35조제1항의 조사 업무를 담당하는 금융감독원의 임직원
4. 제46조제1항 또는 제2항에 따라 사무를 위탁받은 한국소비자원 및 사업자단체의 임직원",https://www.law.go.kr/법령/할부거래에 관한 법률
000355,할부거래에 관한 법률,법률,공정거래위원회,20270909,20260908,47,3,벌칙,제47조의3(벌칙) 제27조의4제5항을 위반하여 같은 조 제4항에 따라 제공받은 소비자에 관한 자료 또는 정보를 목적 외의 용도로 사용한 자는 5년 이하의 징역 또는 5천만원 이하의 벌금에 처한다.,,제47조의3(벌칙) 제27조의4제5항을 위반하여 같은 조 제4항에 따라 제공받은 소비자에 관한 자료 또는 정보를 목적 외의 용도로 사용한 자는 5년 이하의 징역 또는 5천만원 이하의 벌금에 처한다.,"법령명: 할부거래에 관한 법률
조문: 제47조의3 (벌칙)
내용: 제47조의3(벌칙) 제27조의4제5항을 위반하여 같은 조 제4항에 따라 제공받은 소비자에 관한 자료 또는 정보를 목적 외의 용도로 사용한 자는 5년 이하의 징역 또는 5천만원 이하의 벌금에 처한다.",https://www.law.go.kr/법령/할부거래에 관한 법률
000355,할부거래에 관한 법률,법률,공정거래위원회,20270909,20260908,48,,벌칙,제48조(벌칙),"① 다음 각 호의 어느 하나에 해당하는 자는 3년 이하의 징역 또는 1억원 이하의 벌금에 처한다. 이 경우 다음 각 호의 어느 하나에 해당하는 자가 해당 법 위반행위와 관련하여 판매 또는 거래한 대금 총액의 3배에 상당하는 금액이 1억원을 초과하는 때에는 3년 이하의 징역 또는 판매하거나 거래한 대금 총액의 3배에 상당하는 금액 이하의 벌금에 처한다. <개정 2015.7.24, 2026.9.8>
1. 제18조제1항을 위반하여 등록을 하지 아니하고(제40조제2항에 따라 등록이 취소된 경우를 포함한다) 선불식 할부거래업을 하는 자
2. 거짓이나 그 밖의 부정한 방법으로 제18조제1항에 따른 등록을 하고 선불식 할부거래업을 하는 자(제34조제7호의 금지행위를 한 자를 포함한다)
3. 제34조제17호 또는 제18호의 금지행위를 한 자
3의2. 제34조의2제1항을 위반하여 신용공여를 하거나 받은 자
4. 제39조제1항에 따른 시정조치 명령에 응하지 아니한 자
5. 제40조제1항에 따른 영업정지 명령을 위반하여 영업을 한 자
② 제1항의 징역형과 벌금형은 병과(倂科)할 수 있다.","제48조(벌칙)
① 다음 각 호의 어느 하나에 해당하는 자는 3년 이하의 징역 또는 1억원 이하의 벌금에 처한다. 이 경우 다음 각 호의 어느 하나에 해당하는 자가 해당 법 위반행위와 관련하여 판매 또는 거래한 대금 총액의 3배에 상당하는 금액이 1억원을 초과하는 때에는 3년 이하의 징역 또는 판매하거나 거래한 대금 총액의 3배에 상당하는 금액 이하의 벌금에 처한다. <개정 2015.7.24, 2026.9.8>
1. 제18조제1항을 위반하여 등록을 하지 아니하고(제40조제2항에 따라 등록이 취소된 경우를 포함한다) 선불식 할부거래업을 하는 자
2. 거짓이나 그 밖의 부정한 방법으로 제18조제1항에 따른 등록을 하고 선불식 할부거래업을 하는 자(제34조제7호의 금지행위를 한 자를 포함한다)
3. 제34조제17호 또는 제18호의 금지행위를 한 자
3의2. 제34조의2제1항을 위반하여 신용공여를 하거나 받은 자
4. 제39조제1항에 따른 시정조치 명령에 응하지 아니한 자
5. 제40조제1항에 따른 영업정지 명령을 위반하여 영업을 한 자
② 제1항의 징역형과 벌금형은 병과(倂科)할 수 있다.","법령명: 할부거래에 관한 법률
조문: 제48조 (벌칙)
내용: 제48조(벌칙)
① 다음 각 호의 어느 하나에 해당하는 자는 3년 이하의 징역 또는 1억원 이하의 벌금에 처한다. 이 경우 다음 각 호의 어느 하나에 해당하는 자가 해당 법 위반행위와 관련하여 판매 또는 거래한 대금 총액의 3배에 상당하는 금액이 1억원을 초과하는 때에는 3년 이하의 징역 또는 판매하거나 거래한 대금 총액의 3배에 상당하는 금액 이하의 벌금에 처한다. <개정 2015.7.24, 2026.9.8>
1. 제18조제1항을 위반하여 등록을 하지 아니하고(제40조제2항에 따라 등록이 취소된 경우를 포함한다) 선불식 할부거래업을 하는 자
2. 거짓이나 그 밖의 부정한 방법으로 제18조제1항에 따른 등록을 하고 선불식 할부거래업을 하는 자(제34조제7호의 금지행위를 한 자를 포함한다)
3. 제34조제17호 또는 제18호의 금지행위를 한 자
3의2. 제34조의2제1항을 위반하여 신용공여를 하거나 받은 자
4. 제39조제1항에 따른 시정조치 명령에 응하지 아니한 자
5. 제40조제1항에 따른 영업정지 명령을 위반하여 영업을 한 자
② 제1항의 징역형과 벌금형은 병과(倂科)할 수 있다.",https://www.law.go.kr/법령/할부거래에 관한 법률
000355,할부거래에 관한 법률,법률,공정거래위원회,20270909,20260908,48,2,벌칙,제48조의2(벌칙) 제27조의4제5항을 위반하여 같은 조 제4항에 따라 제공받은 소비자에 관한 자료 또는 정보를 목적 외의 용도로 조회한 자는 3년 이하의 징역 또는 3천만원 이하의 벌금에 처한다.,,제48조의2(벌칙) 제27조의4제5항을 위반하여 같은 조 제4항에 따라 제공받은 소비자에 관한 자료 또는 정보를 목적 외의 용도로 조회한 자는 3년 이하의 징역 또는 3천만원 이하의 벌금에 처한다.,"법령명: 할부거래에 관한 법률
조문: 제48조의2 (벌칙)
내용: 제48조의2(벌칙) 제27조의4제5항을 위반하여 같은 조 제4항에 따라 제공받은 소비자에 관한 자료 또는 정보를 목적 외의 용도로 조회한 자는 3년 이하의 징역 또는 3천만원 이하의 벌금에 처한다.",https://www.law.go.kr/법령/할부거래에 관한 법률
000355,할부거래에 관한 법률,법률,공정거래위원회,20270909,20260908,49,,벌칙,"제49조(벌칙) 제47조제5항에 따라 준용되는 「독점규제 및 공정거래에 관한 법률」 제119조를 위반한 자는 2년 이하의 징역 또는 200만원 이하의 벌금에 처한다. <개정 2020.12.29, 2023.3.21>",,"제49조(벌칙) 제47조제5항에 따라 준용되는 「독점규제 및 공정거래에 관한 법률」 제119조를 위반한 자는 2년 이하의 징역 또는 200만원 이하의 벌금에 처한다. <개정 2020.12.29, 2023.3.21>","법령명: 할부거래에 관한 법률
조문: 제49조 (벌칙)
내용: 제49조(벌칙) 제47조제5항에 따라 준용되는 「독점규제 및 공정거래에 관한 법률」 제119조를 위반한 자는 2년 이하의 징역 또는 200만원 이하의 벌금에 처한다. <개정 2020.12.29, 2023.3.21>",https://www.law.go.kr/법령/할부거래에 관한 법률
000355,할부거래에 관한 법률,법률,공정거래위원회,20270909,20260908,50,,벌칙,제50조(벌칙),"① 다음 각 호의 어느 하나에 해당하는 자는 1년 이하의 징역 또는 3천만원 이하의 벌금에 처한다. <개정 2015.7.24, 2026.9.8>
1. 제27조제11항을 위반하여 소비자피해보상보험계약등을 체결 또는 유지함에 있어 거짓으로 선수금 등의 자료를 제출한 자
2. 제34조제1호부터 제3호까지, 제8호ㆍ제9호ㆍ제12호 및 제14호부터 제16호까지에 해당하는 금지행위를 한 자
② 제1항의 징역형과 벌금형은 병과할 수 있다.","제50조(벌칙)
① 다음 각 호의 어느 하나에 해당하는 자는 1년 이하의 징역 또는 3천만원 이하의 벌금에 처한다. <개정 2015.7.24, 2026.9.8>
1. 제27조제11항을 위반하여 소비자피해보상보험계약등을 체결 또는 유지함에 있어 거짓으로 선수금 등의 자료를 제출한 자
2. 제34조제1호부터 제3호까지, 제8호ㆍ제9호ㆍ제12호 및 제14호부터 제16호까지에 해당하는 금지행위를 한 자
② 제1항의 징역형과 벌금형은 병과할 수 있다.","법령명: 할부거래에 관한 법률
조문: 제50조 (벌칙)
내용: 제50조(벌칙)
① 다음 각 호의 어느 하나에 해당하는 자는 1년 이하의 징역 또는 3천만원 이하의 벌금에 처한다. <개정 2015.7.24, 2026.9.8>
1. 제27조제11항을 위반하여 소비자피해보상보험계약등을 체결 또는 유지함에 있어 거짓으로 선수금 등의 자료를 제출한 자
2. 제34조제1호부터 제3호까지, 제8호ㆍ제9호ㆍ제12호 및 제14호부터 제16호까지에 해당하는 금지행위를 한 자
② 제1항의 징역형과 벌금형은 병과할 수 있다.",https://www.law.go.kr/법령/할부거래에 관한 법률
000355,할부거래에 관한 법률,법률,공정거래위원회,20270909,20260908,51,,벌칙,제51조(벌칙) 다음 각 호의 어느 하나에 해당하는 자는 1천만원 이하의 벌금에 처한다. <개정 2015.7.24>,"1. 제34조제5호의 금지행위를 한 자
2. 제34조제11호의 금지행위를 한 자","제51조(벌칙) 다음 각 호의 어느 하나에 해당하는 자는 1천만원 이하의 벌금에 처한다. <개정 2015.7.24>
1. 제34조제5호의 금지행위를 한 자
2. 제34조제11호의 금지행위를 한 자","법령명: 할부거래에 관한 법률
조문: 제51조 (벌칙)
내용: 제51조(벌칙) 다음 각 호의 어느 하나에 해당하는 자는 1천만원 이하의 벌금에 처한다. <개정 2015.7.24>
1. 제34조제5호의 금지행위를 한 자
2. 제34조제11호의 금지행위를 한 자",https://www.law.go.kr/법령/할부거래에 관한 법률
000355,할부거래에 관한 법률,법률,공정거래위원회,20270909,20260908,52,,양벌규정,"제52조(양벌규정) 법인의 대표자나 법인 또는 개인의 대리인, 사용인, 그 밖의 종업원이 그 법인 또는 개인의 업무에 관하여 제48조, 제50조 또는 제51조의 위반행위를 하면 그 행위자를 벌하는 외에 그 법인 또는 개인에게도 해당 조문의 벌금형을 과(科)한다. 다만, 법인 또는 개인이 그 위반행위를 방지하기 위하여 해당 업무에 관하여 상당한 주의와 감독을 게을리하지 아니한 경우에는 그러하지 아니하다.",,"제52조(양벌규정) 법인의 대표자나 법인 또는 개인의 대리인, 사용인, 그 밖의 종업원이 그 법인 또는 개인의 업무에 관하여 제48조, 제50조 또는 제51조의 위반행위를 하면 그 행위자를 벌하는 외에 그 법인 또는 개인에게도 해당 조문의 벌금형을 과(科)한다. 다만, 법인 또는 개인이 그 위반행위를 방지하기 위하여 해당 업무에 관하여 상당한 주의와 감독을 게을리하지 아니한 경우에는 그러하지 아니하다.","법령명: 할부거래에 관한 법률
조문: 제52조 (양벌규정)
내용: 제52조(양벌규정) 법인의 대표자나 법인 또는 개인의 대리인, 사용인, 그 밖의 종업원이 그 법인 또는 개인의 업무에 관하여 제48조, 제50조 또는 제51조의 위반행위를 하면 그 행위자를 벌하는 외에 그 법인 또는 개인에게도 해당 조문의 벌금형을 과(科)한다. 다만, 법인 또는 개인이 그 위반행위를 방지하기 위하여 해당 업무에 관하여 상당한 주의와 감독을 게을리하지 아니한 경우에는 그러하지 아니하다.",https://www.law.go.kr/법령/할부거래에 관한 법률
000355,할부거래에 관한 법률,법률,공정거래위원회,20270909,20260908,53,,과태료,제53조(과태료),"① 다음 각 호의 어느 하나에 해당하는 자에게는 5천만원 이하의 과태료를 부과한다. <개정 2015.7.24, 2023.3.21>
1. 제18조제3항 또는 제5항에 따른 신고를 거짓으로 한 자
1의2. 제18조의2제1항을 위반하여 감사인이 작성하지 아니한 회계감사 보고서를 제출한 자
2. 제22조제1항 또는 제22조의2제7항에 따른 신고를 거짓으로 한 자
3. 제47조제2항에 따라 준용되는 「독점규제 및 공정거래에 관한 법률」 제81조제2항에 따른 조사를 거부ㆍ방해하거나 기피한 자
② 다음 각 호의 어느 하나에 해당하는 자에게는 3천만원 이하의 과태료를 부과한다. <개정 2015.7.24, 2023.3.21, 2026.9.8>
1. 제18조제3항 또는 제5항에 따른 신고를 하지 아니한 자
2. 제18조제7항을 위반하여 자료를 제출하지 아니하거나 거짓 자료를 제출한 자
3. 제18조의2제1항에 따른 회계감사 보고서를 제출하지 아니한 자
3의2. 제18조의2제2항을 위반하여 감사인이 작성하지 아니한 회계감사 보고서를 공시한 자
4. 제22조제1항 또는 제22조의2제7항에 따른 신고를 하지 아니한 자
5. 거짓이나 그 밖의 부정한 방법으로 제22조의2제2항에 따른 설명을 하거나 동의를 받은 자
6. 모집인이 제23조제1항 또는 제2항을 위반한 경우 해당 선불식 할부거래업자. 다만, 선불식 할부거래업자가 그 위반행위를 막기 위하여 해당 업무에 관하여 상당한 주의와 감독을 게을리하지 아니한 경우에는 그러하지 아니하다.
7. 거짓이나 그 밖의 부정한 방법으로 제23조제1항, 제2항 또는 제4항에 따른 설명을 하거나 확인을 받은 자
8. 거짓이나 그 밖의 부정한 방법으로 제23조제3항ㆍ제4항에 따른 계약서를 발급한 자
9. 제27조제13항에 따른 서류를 제출하지 아니한 자
10. 제33조제1항에 따라 보존하거나 소비자의 열람에 제공하는 거래기록등을 거짓으로 작성한 자
10의2. 제34조의2제3항을 위반하여 재적임원 전원의 찬성을 받지 아니하거나 이사회의 의결을 거치지 아니한 자
10의3. 제34조의2제5항 또는 같은 조 제6항을 위반하여 보고를 하지 아니한 자 또는 주요 내용을 누락하거나 거짓으로 보고를 한 자
10의4. 제35조의2제2항을 위반하여 자료를 제출하지 아니하거나 거짓으로 자료를 제출한 자
11. 제47조제2항에 따라 준용되는 「독점규제 및 공정거래에 관한 법률」 제81조제1항제1호를 위반하여 정당한 사유 없이 출석하지 아니한 자
12. 제47조제2항에 따라 준용되는 「독점규제 및 공정거래에 관한 법률」 제81조제1항제3호 또는 같은 조 제6항에 따른 보고 또는 제출을 하지 아니하거나 거짓으로 보고 또는 제출을 한 자
③ 제31조제4항에 따른 징계ㆍ해임 요구 또는 시정명령을 따르지 아니한 자에게는 2천만원 이하의 과태료를 부과한다. <신설 2026.9.8>
④ 다음 각 호의 어느 하나에 해당하는 자에게는 1천만원 이하의 과태료를 부과한다. <개정 2015.7.24, 2020.12.29, 2023.3.21, 2026.9.8>
1. 제18조의2제2항에 따라 회계감사 보고서를 공시하지 아니한 자
2. 제22조제2항 및 제22조의2제1항에 따른 공고를 하지 아니하거나 거짓으로 공고한 자
3. 제22조의2제2항 또는 제3항을 위반한 자
4. 제22조의2제6항을 위반하여 자료를 보존하지 아니한 자
5. 제23조제1항 또는 제2항을 위반하여 설명 또는 확인을 받지 아니한 자
6. 제23조제3항 또는 제4항에 따른 계약서를 발급하지 아니한 자
7. 제23조제5항 및 제32조제2항을 위반하여 대통령령으로 정하는 사항을 소비자에게 알리지 아니한 자
8. 제24조제5항을 위반하여 계약금, 할부금 또는 지연배상금을 환급하지 아니한 자
9. 제25조를 위반하여 대금 또는 지연배상금을 환급하지 아니하거나 과다한 위약금을 청구한 자
9의2. 제27조의2제1항을 위반하여 총리령으로 정하는 내용을 소비자에게 통지하지 아니하거나 거짓으로 통지한 자
10. 제32조제1항을 위반하여 휴업기간 또는 영업정지기간 중에 청약의 철회 등에 관한 업무를 계속하지 아니한 자
11. 제33조제1항을 위반하여 거래기록등을 보존하지 아니하거나 소비자가 열람할 수 있도록 하지 아니한 자
12. 삭제<2023.3.21>
13. 삭제<2023.3.21>
14. 삭제<2023.3.21>
⑤ 다음 각 호의 어느 하나에 해당하는 자(간접할부계약의 경우 신용제공자를 포함한다)에게는 500만원 이하의 과태료를 부과한다. <개정 2026.9.8>
1. 제5조를 위반하여 표시를 하지 아니하거나 거짓 표시를 한 자
2. 제6조제2항에 따른 계약서를 발급하지 아니하거나 거짓으로 적은 계약서를 발급한 자
3. 제6조제3항에 따른 서면을 발급하지 아니한 자
4. 제7조에 따른 할부수수료의 실제연간요율의 최고한도를 위반하여 할부수수료를 받은 자
5. 제10조를 위반하여 계약금, 할부금 또는 지연배상금을 환급하지 아니하거나 환급에 필요한 조치를 취하지 아니한 자
6. 제10조제8항 또는 제16조제7항을 위반하여 소비자에게 불이익을 주는 행위를 한 자
7. 제12조제1항에 따른 지연손해금 산정 시 적용하는 이율의 최고한도를 위반하여 지연손해금을 받은 자
8. 제17조를 위반하여 휴업기간 또는 영업정지기간 중에 청약의 철회에 관한 업무를 계속하지 아니한 자
⑥ 제47조제1항에 따라 준용되는 「독점규제 및 공정거래에 관한 법률」 제66조에 따른 질서유지명령에 따르지 아니한 자에게는 100만원 이하의 과태료를 부과한다. <개정 2020.12.29, 2026.9.8>
⑦ 제1항부터 제4항까지 및 제6항에 따른 과태료는 공정거래위원회, 시ㆍ도지사 또는 시장ㆍ군수ㆍ구청장이 부과ㆍ징수한다. <개정 2026.9.8>
⑧ 제5항에 따른 과태료는 특별자치도지사ㆍ특별자치시장 또는 시장ㆍ군수ㆍ구청장이 부과ㆍ징수한다. <개정 2023.3.21, 2026.9.8>
⑨ 제1항부터 제6항까지에 따른 과태료의 부과기준은 대통령령으로 정한다. <개정 2026.9.8>","제53조(과태료)
① 다음 각 호의 어느 하나에 해당하는 자에게는 5천만원 이하의 과태료를 부과한다. <개정 2015.7.24, 2023.3.21>
1. 제18조제3항 또는 제5항에 따른 신고를 거짓으로 한 자
1의2. 제18조의2제1항을 위반하여 감사인이 작성하지 아니한 회계감사 보고서를 제출한 자
2. 제22조제1항 또는 제22조의2제7항에 따른 신고를 거짓으로 한 자
3. 제47조제2항에 따라 준용되는 「독점규제 및 공정거래에 관한 법률」 제81조제2항에 따른 조사를 거부ㆍ방해하거나 기피한 자
② 다음 각 호의 어느 하나에 해당하는 자에게는 3천만원 이하의 과태료를 부과한다. <개정 2015.7.24, 2023.3.21, 2026.9.8>
1. 제18조제3항 또는 제5항에 따른 신고를 하지 아니한 자
2. 제18조제7항을 위반하여 자료를 제출하지 아니하거나 거짓 자료를 제출한 자
3. 제18조의2제1항에 따른 회계감사 보고서를 제출하지 아니한 자
3의2. 제18조의2제2항을 위반하여 감사인이 작성하지 아니한 회계감사 보고서를 공시한 자
4. 제22조제1항 또는 제22조의2제7항에 따른 신고를 하지 아니한 자
5. 거짓이나 그 밖의 부정한 방법으로 제22조의2제2항에 따른 설명을 하거나 동의를 받은 자
6. 모집인이 제23조제1항 또는 제2항을 위반한 경우 해당 선불식 할부거래업자. 다만, 선불식 할부거래업자가 그 위반행위를 막기 위하여 해당 업무에 관하여 상당한 주의와 감독을 게을리하지 아니한 경우에는 그러하지 아니하다.
7. 거짓이나 그 밖의 부정한 방법으로 제23조제1항, 제2항 또는 제4항에 따른 설명을 하거나 확인을 받은 자
8. 거짓이나 그 밖의 부정한 방법으로 제23조제3항ㆍ제4항에 따른 계약서를 발급한 자
9. 제27조제13항에 따른 서류를 제출하지 아니한 자
10. 제33조제1항에 따라 보존하거나 소비자의 열람에 제공하는 거래기록등을 거짓으로 작성한 자
10의2. 제34조의2제3항을 위반하여 재적임원 전원의 찬성을 받지 아니하거나 이사회의 의결을 거치지 아니한 자
10의3. 제34조의2제5항 또는 같은 조 제6항을 위반하여 보고를 하지 아니한 자 또는 주요 내용을 누락하거나 거짓으로 보고를 한 자
10의4. 제35조의2제2항을 위반하여 자료를 제출하지 아니하거나 거짓으로 자료를 제출한 자
11. 제47조제2항에 따라 준용되는 「독점규제 및 공정거래에 관한 법률」 제81조제1항제1호를 위반하여 정당한 사유 없이 출석하지 아니한 자
12. 제47조제2항에 따라 준용되는 「독점규제 및 공정거래에 관한 법률」 제81조제1항제3호 또는 같은 조 제6항에 따른 보고 또는 제출을 하지 아니하거나 거짓으로 보고 또는 제출을 한 자
③ 제31조제4항에 따른 징계ㆍ해임 요구 또는 시정명령을 따르지 아니한 자에게는 2천만원 이하의 과태료를 부과한다. <신설 2026.9.8>
④ 다음 각 호의 어느 하나에 해당하는 자에게는 1천만원 이하의 과태료를 부과한다. <개정 2015.7.24, 2020.12.29, 2023.3.21, 2026.9.8>
1. 제18조의2제2항에 따라 회계감사 보고서를 공시하지 아니한 자
2. 제22조제2항 및 제22조의2제1항에 따른 공고를 하지 아니하거나 거짓으로 공고한 자
3. 제22조의2제2항 또는 제3항을 위반한 자
4. 제22조의2제6항을 위반하여 자료를 보존하지 아니한 자
5. 제23조제1항 또는 제2항을 위반하여 설명 또는 확인을 받지 아니한 자
6. 제23조제3항 또는 제4항에 따른 계약서를 발급하지 아니한 자
7. 제23조제5항 및 제32조제2항을 위반하여 대통령령으로 정하는 사항을 소비자에게 알리지 아니한 자
8. 제24조제5항을 위반하여 계약금, 할부금 또는 지연배상금을 환급하지 아니한 자
9. 제25조를 위반하여 대금 또는 지연배상금을 환급하지 아니하거나 과다한 위약금을 청구한 자
9의2. 제27조의2제1항을 위반하여 총리령으로 정하는 내용을 소비자에게 통지하지 아니하거나 거짓으로 통지한 자
10. 제32조제1항을 위반하여 휴업기간 또는 영업정지기간 중에 청약의 철회 등에 관한 업무를 계속하지 아니한 자
11. 제33조제1항을 위반하여 거래기록등을 보존하지 아니하거나 소비자가 열람할 수 있도록 하지 아니한 자
12. 삭제<2023.3.21>
13. 삭제<2023.3.21>
14. 삭제<2023.3.21>
⑤ 다음 각 호의 어느 하나에 해당하는 자(간접할부계약의 경우 신용제공자를 포함한다)에게는 500만원 이하의 과태료를 부과한다. <개정 2026.9.8>
1. 제5조를 위반하여 표시를 하지 아니하거나 거짓 표시를 한 자
2. 제6조제2항에 따른 계약서를 발급하지 아니하거나 거짓으로 적은 계약서를 발급한 자
3. 제6조제3항에 따른 서면을 발급하지 아니한 자
4. 제7조에 따른 할부수수료의 실제연간요율의 최고한도를 위반하여 할부수수료를 받은 자
5. 제10조를 위반하여 계약금, 할부금 또는 지연배상금을 환급하지 아니하거나 환급에 필요한 조치를 취하지 아니한 자
6. 제10조제8항 또는 제16조제7항을 위반하여 소비자에게 불이익을 주는 행위를 한 자
7. 제12조제1항에 따른 지연손해금 산정 시 적용하는 이율의 최고한도를 위반하여 지연손해금을 받은 자
8. 제17조를 위반하여 휴업기간 또는 영업정지기간 중에 청약의 철회에 관한 업무를 계속하지 아니한 자
⑥ 제47조제1항에 따라 준용되는 「독점규제 및 공정거래에 관한 법률」 제66조에 따른 질서유지명령에 따르지 아니한 자에게는 100만원 이하의 과태료를 부과한다. <개정 2020.12.29, 2026.9.8>
⑦ 제1항부터 제4항까지 및 제6항에 따른 과태료는 공정거래위원회, 시ㆍ도지사 또는 시장ㆍ군수ㆍ구청장이 부과ㆍ징수한다. <개정 2026.9.8>
⑧ 제5항에 따른 과태료는 특별자치도지사ㆍ특별자치시장 또는 시장ㆍ군수ㆍ구청장이 부과ㆍ징수한다. <개정 2023.3.21, 2026.9.8>
⑨ 제1항부터 제6항까지에 따른 과태료의 부과기준은 대통령령으로 정한다. <개정 2026.9.8>","법령명: 할부거래에 관한 법률
조문: 제53조 (과태료)
내용: 제53조(과태료)
① 다음 각 호의 어느 하나에 해당하는 자에게는 5천만원 이하의 과태료를 부과한다. <개정 2015.7.24, 2023.3.21>
1. 제18조제3항 또는 제5항에 따른 신고를 거짓으로 한 자
1의2. 제18조의2제1항을 위반하여 감사인이 작성하지 아니한 회계감사 보고서를 제출한 자
2. 제22조제1항 또는 제22조의2제7항에 따른 신고를 거짓으로 한 자
3. 제47조제2항에 따라 준용되는 「독점규제 및 공정거래에 관한 법률」 제81조제2항에 따른 조사를 거부ㆍ방해하거나 기피한 자
② 다음 각 호의 어느 하나에 해당하는 자에게는 3천만원 이하의 과태료를 부과한다. <개정 2015.7.24, 2023.3.21, 2026.9.8>
1. 제18조제3항 또는 제5항에 따른 신고를 하지 아니한 자
2. 제18조제7항을 위반하여 자료를 제출하지 아니하거나 거짓 자료를 제출한 자
3. 제18조의2제1항에 따른 회계감사 보고서를 제출하지 아니한 자
3의2. 제18조의2제2항을 위반하여 감사인이 작성하지 아니한 회계감사 보고서를 공시한 자
4. 제22조제1항 또는 제22조의2제7항에 따른 신고를 하지 아니한 자
5. 거짓이나 그 밖의 부정한 방법으로 제22조의2제2항에 따른 설명을 하거나 동의를 받은 자
6. 모집인이 제23조제1항 또는 제2항을 위반한 경우 해당 선불식 할부거래업자. 다만, 선불식 할부거래업자가 그 위반행위를 막기 위하여 해당 업무에 관하여 상당한 주의와 감독을 게을리하지 아니한 경우에는 그러하지 아니하다.
7. 거짓이나 그 밖의 부정한 방법으로 제23조제1항, 제2항 또는 제4항에 따른 설명을 하거나 확인을 받은 자
8. 거짓이나 그 밖의 부정한 방법으로 제23조제3항ㆍ제4항에 따른 계약서를 발급한 자
9. 제27조제13항에 따른 서류를 제출하지 아니한 자
10. 제33조제1항에 따라 보존하거나 소비자의 열람에 제공하는 거래기록등을 거짓으로 작성한 자
10의2. 제34조의2제3항을 위반하여 재적임원 전원의 찬성을 받지 아니하거나 이사회의 의결을 거치지 아니한 자
10의3. 제34조의2제5항 또는 같은 조 제6항을 위반하여 보고를 하지 아니한 자 또는 주요 내용을 누락하거나 거짓으로 보고를 한 자
10의4. 제35조의2제2항을 위반하여 자료를 제출하지 아니하거나 거짓으로 자료를 제출한 자
11. 제47조제2항에 따라 준용되는 「독점규제 및 공정거래에 관한 법률」 제81조제1항제1호를 위반하여 정당한 사유 없이 출석하지 아니한 자
12. 제47조제2항에 따라 준용되는 「독점규제 및 공정거래에 관한 법률」 제81조제1항제3호 또는 같은 조 제6항에 따른 보고 또는 제출을 하지 아니하거나 거짓으로 보고 또는 제출을 한 자
③ 제31조제4항에 따른 징계ㆍ해임 요구 또는 시정명령을 따르지 아니한 자에게는 2천만원 이하의 과태료를 부과한다. <신설 2026.9.8>
④ 다음 각 호의 어느 하나에 해당하는 자에게는 1천만원 이하의 과태료를 부과한다. <개정 2015.7.24, 2020.12.29, 2023.3.21, 2026.9.8>
1. 제18조의2제2항에 따라 회계감사 보고서를 공시하지 아니한 자
2. 제22조제2항 및 제22조의2제1항에 따른 공고를 하지 아니하거나 거짓으로 공고한 자
3. 제22조의2제2항 또는 제3항을 위반한 자
4. 제22조의2제6항을 위반하여 자료를 보존하지 아니한 자
5. 제23조제1항 또는 제2항을 위반하여 설명 또는 확인을 받지 아니한 자
6. 제23조제3항 또는 제4항에 따른 계약서를 발급하지 아니한 자
7. 제23조제5항 및 제32조제2항을 위반하여 대통령령으로 정하는 사항을 소비자에게 알리지 아니한 자
8. 제24조제5항을 위반하여 계약금, 할부금 또는 지연배상금을 환급하지 아니한 자
9. 제25조를 위반하여 대금 또는 지연배상금을 환급하지 아니하거나 과다한 위약금을 청구한 자
9의2. 제27조의2제1항을 위반하여 총리령으로 정하는 내용을 소비자에게 통지하지 아니하거나 거짓으로 통지한 자
10. 제32조제1항을 위반하여 휴업기간 또는 영업정지기간 중에 청약의 철회 등에 관한 업무를 계속하지 아니한 자
11. 제33조제1항을 위반하여 거래기록등을 보존하지 아니하거나 소비자가 열람할 수 있도록 하지 아니한 자
12. 삭제<2023.3.21>
13. 삭제<2023.3.21>
14. 삭제<2023.3.21>
⑤ 다음 각 호의 어느 하나에 해당하는 자(간접할부계약의 경우 신용제공자를 포함한다)에게는 500만원 이하의 과태료를 부과한다. <개정 2026.9.8>
1. 제5조를 위반하여 표시를 하지 아니하거나 거짓 표시를 한 자
2. 제6조제2항에 따른 계약서를 발급하지 아니하거나 거짓으로 적은 계약서를 발급한 자
3. 제6조제3항에 따른 서면을 발급하지 아니한 자
4. 제7조에 따른 할부수수료의 실제연간요율의 최고한도를 위반하여 할부수수료를 받은 자
5. 제10조를 위반하여 계약금, 할부금 또는 지연배상금을 환급하지 아니하거나 환급에 필요한 조치를 취하지 아니한 자
6. 제10조제8항 또는 제16조제7항을 위반하여 소비자에게 불이익을 주는 행위를 한 자
7. 제12조제1항에 따른 지연손해금 산정 시 적용하는 이율의 최고한도를 위반하여 지연손해금을 받은 자
8. 제17조를 위반하여 휴업기간 또는 영업정지기간 중에 청약의 철회에 관한 업무를 계속하지 아니한 자
⑥ 제47조제1항에 따라 준용되는 「독점규제 및 공정거래에 관한 법률」 제66조에 따른 질서유지명령에 따르지 아니한 자에게는 100만원 이하의 과태료를 부과한다. <개정 2020.12.29, 2026.9.8>
⑦ 제1항부터 제4항까지 및 제6항에 따른 과태료는 공정거래위원회, 시ㆍ도지사 또는 시장ㆍ군수ㆍ구청장이 부과ㆍ징수한다. <개정 2026.9.8>
⑧ 제5항에 따른 과태료는 특별자치도지사ㆍ특별자치시장 또는 시장ㆍ군수ㆍ구청장이 부과ㆍ징수한다. <개정 2023.3.21, 2026.9.8>
⑨ 제1항부터 제6항까지에 따른 과태료의 부과기준은 대통령령으로 정한다. <개정 2026.9.8>",https://www.law.go.kr/법령/할부거래에 관한 법률
000355,할부거래에 관한 법률,법률,공정거래위원회,20270909,20260908,54,,과태료에 관한 규정 적용의 특례,제54조(과태료에 관한 규정 적용의 특례) 제53조의 과태료에 관한 규정을 적용할 때 제42조에 따라 과징금을 부과한 행위에 대해서는 과태료를 부과할 수 없다.,,제54조(과태료에 관한 규정 적용의 특례) 제53조의 과태료에 관한 규정을 적용할 때 제42조에 따라 과징금을 부과한 행위에 대해서는 과태료를 부과할 수 없다.,"법령명: 할부거래에 관한 법률
조문: 제54조 (과태료에 관한 규정 적용의 특례)
내용: 제54조(과태료에 관한 규정 적용의 특례) 제53조의 과태료에 관한 규정을 적용할 때 제42조에 따라 과징금을 부과한 행위에 대해서는 과태료를 부과할 수 없다.",https://www.law.go.kr/법령/할부거래에 관한 법률
